id_caso,id_tiempo,id_municipio,id_victima,id_agresor,id_hecho,cantidad
1,2291,7,70,22,688,1
2,1182,7,70,66,1618,1
3,2356,7,568,23,1655,1
4,3135,7,82,23,1655,1
5,1087,3,101,36,2349,1
6,3936,4,492,32,1816,1
7,3758,7,375,32,1698,1
8,1680,7,52,44,657,1
9,2333,7,427,44,1655,1
10,2316,7,36,17,2486,1
11,521,7,36,36,2541,1
12,1253,7,318,36,1984,1
13,2648,7,82,23,1060,1
14,2508,7,335,10,657,1
15,2114,7,318,40,1655,1
16,1714,7,37,32,1109,1
17,325,7,470,24,1655,1
18,2035,7,318,64,717,1
19,3899,3,49,23,2056,1
20,692,7,37,36,1974,1
21,2509,7,335,44,2323,1
22,2333,7,188,52,1249,1
23,413,7,82,18,1404,1
24,2115,7,95,37,1516,1
25,756,7,492,40,1655,1
26,2230,7,188,60,2221,1
27,2555,7,375,23,1655,1
28,2129,7,470,40,1331,1
29,714,7,133,22,171,1
30,3240,7,79,10,843,1
31,1580,7,470,64,1762,1
32,2015,7,335,44,2057,1
33,693,7,470,44,783,1
34,1254,7,82,44,1655,1
35,545,7,335,44,657,1
36,3271,7,367,42,1279,1
37,1226,7,125,55,1226,1
38,1066,7,226,44,1534,1
39,112,7,86,44,2600,1
40,2469,2,277,22,1534,1
41,655,7,70,22,2600,1
42,3484,1,453,44,1975,1
43,349,2,349,22,2262,1
44,1781,7,70,44,657,1
45,2185,7,591,44,688,1
46,181,7,394,52,505,1
47,2489,7,70,66,2136,1
48,3105,7,82,17,26,1
49,1463,1,347,28,1378,1
50,959,2,142,28,2350,1
51,3759,7,82,52,704,1
52,1885,5,335,23,1013,1
53,2929,7,335,10,657,1
54,200,7,335,44,657,1
55,2397,7,335,18,1534,1
56,3701,7,335,44,2600,1
57,546,7,589,44,657,1
58,1163,7,82,28,2295,1
59,3937,7,278,28,925,1
60,3785,7,199,66,1435,1
61,1715,7,335,44,657,1
62,3736,7,82,10,815,1
63,3371,7,82,23,1655,1
64,2649,7,335,10,2669,1
65,1759,7,335,22,1534,1
66,1864,2,475,32,1,1
67,522,7,394,17,1655,1
68,264,7,188,28,1807,1
69,1013,7,367,44,1279,1
70,3202,7,386,32,1904,1
71,2830,3,538,36,902,1
72,3824,7,335,44,2029,1
73,3323,1,335,42,926,1
74,3241,7,79,44,843,1
75,1681,7,125,17,1655,1
76,674,7,166,44,674,1
77,2116,7,375,40,1014,1
78,2357,7,36,17,844,1
79,1288,7,562,52,1291,1
80,2261,7,318,64,1655,1
81,3010,3,82,44,9,1
82,326,7,143,32,1109,1
83,2470,7,335,44,657,1
84,1516,7,70,22,2840,1
85,566,7,226,22,657,1
86,1088,2,86,22,2262,1
87,3203,7,591,28,2058,1
88,2963,7,125,14,829,1
89,959,2,79,33,2351,1
90,182,1,538,57,2324,1
91,1014,7,79,44,657,1
92,1990,7,79,44,1534,1
93,2648,7,394,17,2475,1
94,4007,5,370,44,519,1
95,4007,5,370,36,202,1
96,2800,1,585,10,1262,1
97,547,7,199,14,1655,1
98,1226,7,335,22,1930,1
99,3105,7,102,64,1280,1
100,3805,7,335,10,474,1
101,1516,7,70,22,2600,1
102,3410,7,591,39,2263,1
103,2244,7,79,23,474,1
104,2508,7,476,32,1109,1
105,3372,7,394,66,572,1
106,1759,7,70,44,2728,1
107,183,7,563,23,2,1
108,3272,7,563,23,98,1
109,1680,7,335,23,2600,1
110,1289,2,335,28,603,1
111,1760,7,21,44,533,1
112,2736,7,199,45,336,1
113,1316,7,82,10,1655,1
114,3371,7,82,23,1404,1
115,2623,7,82,23,1655,1
116,3785,7,125,55,829,1
117,3658,2,82,17,648,1
118,93,7,255,23,718,1
119,3785,7,562,23,2788,1
120,756,7,470,40,2542,1
121,307,7,335,36,657,1
122,3936,7,37,64,1109,1
123,2575,7,434,37,2475,1
124,3572,7,434,32,2208,1
125,3659,7,79,23,657,1
126,2376,7,453,44,657,1
127,1255,7,86,10,657,1
128,1486,7,226,44,657,1
129,3203,2,591,56,2439,1
130,1207,2,70,44,474,1
131,291,7,370,44,1490,1
132,641,7,589,56,657,1
133,1,7,335,23,534,1
134,2986,7,226,22,1013,1
135,2872,7,133,55,925,1
136,3916,7,465,32,829,1
137,2130,2,82,56,2402,1
138,2397,7,335,22,2600,1
139,715,3,52,10,1656,1
140,1486,2,335,55,1985,1
141,2471,7,516,22,2368,1
142,2035,7,144,36,474,1
143,3411,7,52,36,1618,1
144,1886,7,52,22,2525,1
145,2930,7,335,23,657,1
146,849,7,470,23,829,1
147,2963,2,516,22,1362,1
148,1682,7,499,50,2019,1
149,715,7,394,55,2789,1
150,1367,7,370,22,2600,1
151,1738,7,86,44,657,1
152,1825,7,86,22,657,1
153,3432,7,335,17,187,1
154,739,7,335,44,1534,1
155,1164,3,370,22,2403,1
156,2214,7,82,10,2296,1
157,2510,7,318,40,1655,1
158,715,7,394,55,1725,1
159,655,7,562,32,2616,1
160,72,7,216,44,1331,1
161,2036,7,82,10,162,1
162,3204,7,216,17,718,1
163,1382,7,216,32,1904,1
164,2377,7,562,17,1655,1
165,3846,2,143,32,1807,1
166,2649,7,335,45,284,1
167,3847,2,318,40,27,1
168,521,7,199,66,1291,1
169,1911,7,82,44,148,1
170,2930,7,87,22,1573,1
171,1367,7,86,44,187,1
172,1183,7,335,22,657,1
173,2317,2,434,23,1984,1
174,3573,7,427,23,188,1
175,2556,7,335,23,2058,1
176,1517,7,367,24,1655,1
177,349,7,318,45,2222,1
178,2854,7,517,18,1831,1
179,804,7,544,32,520,1
180,2215,7,318,52,1331,1
181,2948,7,126,44,1332,1
182,3324,7,70,22,2643,1
183,2737,7,70,22,2790,1
184,2736,7,79,44,797,1
185,2318,7,568,3,370,1
186,3938,7,318,40,1816,1
187,715,3,516,10,2280,1
188,184,7,199,66,1333,1
189,2736,7,70,66,2020,1
190,245,7,79,44,1534,1
191,3052,7,257,17,1334,1
192,3346,7,210,17,505,1
193,2035,7,36,36,1334,1
194,1,7,79,22,2525,1
195,2510,7,86,22,657,1
196,2202,7,591,22,1013,1
197,584,7,394,44,1031,1
198,3701,7,253,23,1762,1
199,2964,7,86,10,2525,1
200,2737,7,70,22,149,1
201,2776,7,227,40,1404,1
202,2230,7,83,44,187,1
203,2590,7,370,44,2281,1
204,946,7,199,23,1655,1
205,1014,7,335,44,657,1
206,2316,7,470,64,1655,1
207,4055,7,79,44,657,1
208,1912,7,591,44,657,1
209,308,7,591,55,474,1
210,2508,7,125,44,2295,1
211,1739,1,70,33,1390,1
212,566,7,279,22,657,1
213,2357,7,281,17,203,1
214,3011,2,434,24,371,1
215,1714,7,133,66,657,1
216,1739,7,133,22,1573,1
217,1165,7,367,23,718,1
218,3075,7,335,44,1931,1
219,3871,7,517,10,188,1
220,2986,7,52,22,1013,1
221,2244,7,82,36,2512,1
222,3737,7,118,44,657,1
223,2913,7,143,32,1109,1
224,3118,7,335,44,657,1
225,2035,7,79,44,657,1
226,58,2,79,44,2262,1
227,1782,7,255,23,1655,1
228,3987,7,216,23,1655,1
229,3848,7,562,64,1655,1
230,1759,7,204,40,1655,1
231,2470,7,36,34,1331,1
232,1759,7,243,32,783,1
233,291,2,95,64,741,1
234,1253,7,82,28,1226,1
235,3678,7,82,23,1655,1
236,2377,7,79,44,657,1
237,1048,7,79,44,657,1
238,715,7,576,55,1725,1
239,1338,7,562,66,2153,1
240,2965,7,143,40,1807,1
241,1088,2,199,52,98,1
242,2776,7,83,44,657,1
243,373,7,562,36,2700,1
244,3273,7,371,32,28,1
245,1865,7,36,28,2402,1
246,3660,7,335,23,1123,1
247,3899,7,70,44,1763,1
248,585,7,367,23,1655,1
249,2469,7,318,28,1744,1
250,1255,7,318,14,1655,1
251,4075,5,82,52,961,1
252,3701,7,335,44,187,1
253,2929,7,492,52,98,1
254,2736,7,199,66,1717,1
255,1759,7,492,22,1086,1
256,2471,7,142,37,1436,1
257,1716,2,255,23,1292,1
258,201,6,255,23,2574,1
259,2015,3,454,24,588,1
260,849,7,199,17,2208,1
261,3533,7,126,36,1618,1
262,715,7,36,24,2670,1
263,2650,7,243,32,370,1
264,3758,7,335,44,657,1
265,521,7,199,66,370,1
266,2854,7,199,52,2104,1
267,3011,7,199,55,1655,1
268,2037,3,370,42,239,1
269,1464,7,70,22,2600,1
270,3241,1,467,23,359,1
271,3485,7,255,18,2617,1
272,2987,7,518,17,1598,1
273,2292,7,394,17,648,1
274,3224,7,318,23,9,1
275,694,7,70,38,2369,1
276,2522,7,517,44,2852,1
277,3433,7,318,52,27,1
278,3204,7,255,23,1655,1
279,327,7,82,44,2295,1
280,2737,7,370,22,2790,1
281,93,7,335,10,657,1
282,1887,7,216,36,1404,1
283,2777,7,367,28,1628,1
284,2648,7,37,32,2306,1
285,1971,7,367,44,815,1
286,2777,7,460,17,1655,1
287,1226,7,525,24,2154,1
288,3806,7,318,24,26,1
289,946,7,370,22,729,1
290,3118,7,335,50,301,1
291,1990,7,171,44,1655,1
292,2605,7,488,40,1109,1
293,1426,7,70,56,784,1
294,1274,7,516,55,657,1
295,656,7,125,36,829,1
296,2038,7,335,22,2600,1
297,2038,7,133,22,2691,1
298,2873,7,79,44,657,1
299,1864,2,199,44,1226,1
300,740,7,489,52,1831,1
301,1207,7,353,17,2243,1
302,741,2,402,23,759,1
303,2262,7,367,44,1334,1
304,2263,7,82,10,1655,1
305,1717,7,83,44,2555,1
306,960,7,335,44,2600,1
307,3242,7,335,44,284,1
308,674,2,318,28,1817,1
309,2801,7,82,36,829,1
310,3807,7,82,23,162,1
311,1088,2,83,42,1013,1
312,1888,1,70,39,1548,1
313,160,7,82,23,783,1
314,3954,7,82,42,1404,1
315,3389,7,144,22,1074,1
316,2490,7,125,17,717,1
317,2624,2,591,18,2575,1
318,1066,7,367,42,2475,1
319,1626,2,86,22,2575,1
320,2231,7,489,14,188,1
321,3288,7,516,22,657,1
322,161,7,591,44,657,1
323,2931,7,576,23,704,1
324,714,7,499,9,774,1
325,642,7,394,36,302,1
326,1354,7,516,10,784,1
327,500,7,79,55,1699,1
328,431,7,591,56,657,1
329,984,7,79,44,657,1
330,20,7,126,22,2525,1
331,1255,7,335,44,187,1
332,715,3,70,10,1099,1
333,545,1,453,44,1534,1
334,3119,7,126,22,1619,1
335,3849,7,86,22,474,1
336,1950,7,86,44,2058,1
337,1355,7,86,44,657,1
338,1581,7,86,44,2116,1
339,2510,7,70,44,657,1
340,136,7,591,36,2323,1
341,3807,7,318,3,2208,1
342,326,3,538,36,1100,1
343,414,7,217,52,2475,1
344,2668,7,82,23,1404,1
345,2736,7,36,23,604,1
346,715,7,394,9,475,1
347,3727,7,125,17,910,1
348,264,7,516,10,657,1
349,2648,7,171,17,1726,1
350,985,7,476,17,372,1
351,1383,7,489,32,1655,1
352,3410,2,500,23,648,1
353,3225,2,134,24,2729,1
354,2987,7,36,23,26,1
355,1581,2,386,24,2487,1
356,2605,7,475,32,1109,1
357,3462,7,243,52,1279,1
358,2914,7,539,66,1816,1
359,3616,7,577,36,1700,1
360,3346,7,268,37,1976,1
361,2651,7,371,23,1109,1
362,522,7,36,18,1280,1
363,1681,7,143,66,1109,1
364,2039,2,226,22,1930,1
365,3136,7,79,10,657,1
366,892,7,36,52,1331,1
367,2557,2,53,32,816,1
368,1517,7,36,32,1655,1
369,3899,7,375,37,505,1
370,2986,7,370,22,2600,1
371,3389,7,79,22,2370,1
372,326,7,52,56,2525,1
373,137,7,211,23,1471,1
374,4056,7,199,17,1250,1
375,3462,2,174,24,2030,1
376,2158,3,185,42,658,1
377,3805,2,226,44,1778,1
378,2557,7,86,23,657,1
379,1368,7,591,22,1534,1
380,3736,7,394,17,829,1
381,1797,7,462,44,2600,1
382,1015,7,516,44,616,1
383,2068,7,36,17,1280,1
384,2652,2,79,22,1251,1
385,58,7,516,44,2671,1
386,2491,7,70,44,1930,1
387,2397,7,52,22,784,1
388,2510,7,335,10,2368,1
389,2508,7,243,55,742,1
390,3243,7,79,9,474,1
391,2492,1,538,44,2575,1
392,1714,7,118,44,2029,1
393,2510,7,118,44,2600,1
394,3701,5,370,44,774,1
395,2438,7,587,32,2306,1
396,3899,7,154,36,1608,1
397,2802,7,394,22,783,1
398,656,7,476,41,1974,1
399,655,7,243,32,2832,1
400,2115,1,470,23,188,1
401,2293,7,516,10,2575,1
402,21,7,70,22,925,1
403,3973,7,335,28,657,1
404,2317,7,335,44,2853,1
405,2855,2,589,22,1699,1
406,73,7,335,10,2058,1
407,2510,7,52,22,187,1
408,3850,7,589,44,2643,1
409,2896,2,335,44,1701,1
410,655,7,370,22,2600,1
411,1798,7,335,10,1213,1
412,2490,2,427,44,1946,1
413,1256,7,199,3,1331,1
414,893,2,427,42,637,1
415,2131,7,349,44,187,1
416,2777,7,79,22,2575,1
417,3513,7,370,44,2600,1
418,2490,5,226,36,2556,1
419,2737,7,86,44,187,1
420,3954,7,79,66,1549,1
421,1866,7,79,22,422,1
422,1516,7,86,22,2263,1
423,245,7,318,28,98,1
424,2131,7,52,44,657,1
425,21,7,165,23,829,1
426,585,7,394,28,743,1
427,585,7,488,40,1109,1
428,4033,7,311,10,1226,1
429,756,7,82,55,2295,1
430,3288,7,318,32,2295,1
431,2491,7,367,44,1655,1
432,2294,7,367,28,627,1
433,2590,7,82,44,1655,1
434,3310,7,335,22,657,1
435,1991,7,335,10,1846,1
436,1602,1,205,44,962,1
437,3760,7,52,44,1534,1
438,137,7,188,11,1109,1
439,2492,2,52,10,1975,1
440,739,7,335,22,474,1
441,1384,7,335,44,657,1
442,3988,7,82,44,2295,1
443,3203,7,118,44,657,1
444,4076,7,370,44,1342,1
445,3053,7,82,23,1655,1
446,3973,7,335,10,657,1
447,4057,7,335,50,2117,1
448,2232,7,517,22,1817,1
449,1382,7,52,44,2600,1
450,4033,7,335,44,2691,1
451,292,7,49,23,1655,1
452,431,7,79,22,657,1
453,112,7,335,44,2600,1
454,3411,7,143,60,1109,1
455,21,7,470,23,188,1
456,3486,7,562,32,1904,1
457,74,7,562,40,1226,1
458,3434,2,335,10,730,1
459,2948,7,367,17,10,1
460,3872,7,52,55,2019,1
461,714,7,370,22,1535,1
462,1163,7,52,66,2600,1
463,349,2,52,22,689,1
464,2233,7,580,28,2350,1
465,961,7,82,44,1226,1
466,1382,7,349,44,1574,1
467,3872,7,52,55,2701,1
468,2648,7,199,17,829,1
469,1355,7,70,22,657,1
470,1760,7,517,3,1655,1
471,264,7,516,55,2058,1
472,1866,7,70,22,422,1
473,3987,7,36,24,718,1
474,501,7,590,24,2296,1
475,2929,1,454,33,855,1
476,3848,7,125,44,1331,1
477,2035,7,125,36,2557,1
478,2334,7,36,32,44,1
479,2625,7,79,23,657,1
480,2214,1,467,23,2077,1
481,3849,7,86,10,1701,1
482,2558,7,125,28,718,1
483,326,3,335,22,2791,1
484,1781,7,52,50,843,1
485,1867,3,585,22,2671,1
486,326,7,83,22,760,1
487,325,7,125,17,188,1
488,3346,7,335,23,1930,1
489,1289,3,87,44,2854,1
490,3054,7,367,23,1184,1
491,1799,7,335,22,2262,1
492,138,7,349,66,2600,1
493,2802,7,562,14,1599,1
494,2605,2,375,45,572,1
495,293,7,210,32,1655,1
496,2575,7,199,28,1404,1
497,1288,7,204,40,1291,1
498,1797,6,318,17,2264,1
499,3701,7,484,32,29,1
500,756,7,103,3,1702,1
501,1800,7,470,40,783,1
502,1163,7,379,23,2059,1
503,892,7,562,18,1831,1
504,947,7,114,32,1655,1
505,3055,2,375,24,2208,1
506,1227,7,199,17,1818,1
507,656,7,305,11,1109,1
508,73,2,492,64,115,1
509,94,7,492,3,370,1
510,293,7,70,22,2525,1
511,3872,7,86,44,2421,1
512,2491,7,318,23,1655,1
513,2831,7,70,22,2600,1
514,1797,7,70,22,1905,1
515,2245,3,79,36,1472,1
516,606,2,371,32,2498,1
517,1798,2,476,64,911,1
518,3389,7,243,64,1655,1
519,2650,2,476,32,816,1
520,2470,7,589,22,657,1
521,2537,7,210,32,98,1
522,432,7,204,28,370,1
523,21,6,142,36,240,1
524,3917,7,545,64,1109,1
525,3371,7,318,55,1655,1
526,1847,7,375,32,1655,1
527,265,7,199,23,1655,1
528,1516,7,470,32,1655,1
529,585,7,470,36,188,1
530,1228,2,434,64,2209,1
531,4075,7,562,32,2295,1
532,1448,7,562,40,2165,1
533,2801,7,31,11,1109,1
534,1798,2,375,32,1226,1
535,3937,7,484,23,690,1
536,397,7,335,23,301,1
537,4057,7,335,23,843,1
538,3025,7,83,66,2210,1
539,3054,7,335,23,474,1
540,3311,7,335,22,1779,1
541,2801,7,82,23,2295,1
542,2016,2,562,24,2815,1
543,3118,7,470,23,2295,1
544,2294,7,52,44,657,1
545,3989,7,82,3,2182,1
546,4075,5,370,52,1061,1
547,2523,1,370,44,269,1
548,1289,2,31,60,1959,1
549,3989,7,37,32,1109,1
550,756,7,470,32,1698,1
551,829,3,540,10,81,1
552,2262,7,367,44,98,1
553,1781,6,419,41,2221,1
554,2874,2,305,28,1516,1
555,1183,1,228,40,2775,1
556,3487,7,375,34,1226,1
557,58,1,419,34,2558,1
558,2736,7,82,44,1331,1
559,3973,7,335,42,657,1
560,1369,7,83,44,2368,1
561,3075,7,349,22,657,1
562,4057,7,470,23,1655,1
563,2914,7,319,45,783,1
564,2555,7,434,64,1404,1
565,3462,2,577,40,2776,1
566,2291,7,142,40,829,1
567,2069,7,591,22,657,1
568,1486,7,318,34,1335,1
569,3658,2,402,28,440,1
570,2378,7,318,37,704,1
571,2915,7,562,22,2748,1
572,502,7,318,28,2833,1
573,3552,7,470,52,1311,1
574,3010,7,318,32,1655,1
575,1486,7,492,42,506,1
576,307,2,395,11,1960,1
577,293,7,70,22,657,1
578,415,5,154,32,638,1
579,3135,7,243,64,2078,1
580,1972,7,70,44,189,1
581,1797,7,243,36,1031,1
582,3847,7,335,22,657,1
583,3616,7,335,42,1534,1
584,328,7,143,32,1109,1
585,3598,2,52,42,674,1
586,3372,7,589,22,784,1
587,1207,7,82,55,1331,1
588,245,7,52,22,1032,1
589,1865,7,79,10,2166,1
590,3899,7,36,23,505,1
591,2736,7,315,14,1655,1
592,1992,1,453,44,1473,1
593,2069,7,574,22,657,1
594,1183,7,79,10,2600,1
595,3873,7,54,23,1655,1
596,2736,7,290,23,1628,1
597,2706,7,70,44,2600,1
598,2244,7,144,44,474,1
599,985,7,318,36,1333,1
600,1253,7,243,32,2295,1
601,3658,3,517,44,1817,1
602,566,7,335,22,1573,1
603,160,7,568,22,1226,1
604,3411,6,335,9,1474,1
605,1799,7,318,40,2208,1
606,1865,7,434,37,507,1
607,1427,7,335,9,2058,1
608,1541,7,335,10,1930,1
609,1826,6,205,44,1343,1
610,714,7,370,22,784,1
611,1716,7,568,66,1946,1
612,3289,2,434,23,1453,1
613,2738,7,370,44,2600,1
614,20,7,52,22,657,1
615,2688,7,36,36,639,1
616,3118,7,402,34,59,1
617,1067,7,335,44,657,1
618,1801,7,335,22,657,1
619,2986,7,144,44,657,1
620,739,7,279,36,640,1
621,2017,7,79,56,2263,1
622,946,7,70,44,2137,1
623,1761,7,83,44,688,1
624,1229,1,79,10,2060,1
625,1761,7,70,56,1618,1
626,1183,1,312,10,2282,1
627,1889,7,335,10,1930,1
628,547,7,335,22,657,1
629,3701,7,82,22,1655,1
630,3635,7,216,42,1655,1
631,2896,7,119,28,2475,1
632,1797,6,144,44,2136,1
633,329,7,562,32,1655,1
634,1339,1,228,40,705,1
635,1580,7,484,40,1109,1
636,1486,7,434,32,1437,1
637,3736,7,287,66,2295,1
638,1465,7,427,28,2855,1
639,2738,7,83,44,2600,1
640,2159,7,318,23,691,1
641,2037,2,562,23,188,1
642,2987,7,354,14,162,1
643,500,7,36,36,870,1
644,58,7,125,10,188,1
645,2202,7,516,22,1013,1
646,3137,7,79,23,657,1
647,3137,7,394,23,98,1
648,716,7,488,32,1148,1
649,2648,7,488,32,1109,1
650,3271,7,82,44,1226,1
651,2262,7,216,44,1655,1
652,3105,7,375,64,605,1
653,2509,7,188,11,29,1
654,2776,7,36,28,2816,1
655,1759,7,82,66,783,1
656,59,7,335,42,2323,1
657,716,1,279,22,2211,1
658,2335,7,335,44,2600,1
659,1683,7,86,44,2575,1
660,3272,3,52,36,1344,1
661,3702,7,36,28,1932,1
662,2377,7,375,32,1655,1
663,350,7,217,34,1404,1
664,3055,2,86,10,1819,1
665,3240,7,562,17,1293,1
666,326,3,538,36,1100,1
667,3806,4,492,52,1906,1
668,1827,7,188,37,414,1
669,2397,7,492,40,1226,1
670,2896,7,591,55,2671,1
671,1800,7,562,28,1808,1
672,2964,7,410,40,2208,1
673,2986,7,86,22,2600,1
674,1014,7,70,44,925,1
675,3435,7,70,44,657,1
676,3988,7,70,36,2019,1
677,2291,7,492,32,1655,1
678,1463,7,335,10,657,1
679,2914,2,318,28,1817,1
680,2215,7,335,56,2058,1
681,1890,7,335,22,657,1
682,309,7,318,23,1226,1
683,1288,7,318,52,2817,1
684,2471,7,199,22,1438,1
685,3988,7,434,36,404,1
686,3118,7,79,44,657,1
687,3011,7,79,10,2019,1
688,3373,7,86,22,1977,1
689,1049,7,86,44,2600,1
690,201,7,86,22,2525,1
691,607,7,52,22,2525,1
692,584,7,370,36,784,1
693,3872,7,36,32,783,1
694,2510,7,86,22,657,1
695,3874,7,126,22,1727,1
696,1068,2,86,22,2600,1
697,293,7,70,44,784,1
698,3118,7,370,44,284,1
699,3289,7,589,22,2057,1
700,3274,7,229,60,1109,1
701,1068,2,86,22,149,1
702,3485,7,83,44,657,1
703,431,7,83,66,1832,1
704,3617,7,470,55,1404,1
705,1088,3,318,28,2749,1
706,2317,7,82,23,1655,1
707,95,7,318,24,1226,1
708,1382,7,52,22,2525,1
709,1992,7,79,22,925,1
710,3758,7,394,44,1345,1
711,3272,7,216,34,1655,1
712,2668,7,367,18,829,1
713,2116,2,103,23,2776,1
714,3180,6,375,23,731,1
715,3758,7,188,37,1109,1
716,2037,7,171,28,829,1
717,984,7,375,36,717,1
718,1891,7,394,17,2475,1
719,1183,7,591,22,657,1
720,3808,7,52,44,2600,1
721,20,7,52,22,2600,1
722,2244,7,335,44,284,1
723,3435,7,52,22,657,1
724,1230,7,82,17,1655,1
725,741,7,370,44,2600,1
726,1740,7,370,22,2600,1
727,2832,7,82,44,1331,1
728,715,7,243,32,3,1
729,1370,7,199,45,817,1
730,2,7,199,52,1404,1
731,2800,7,335,44,1819,1
732,548,7,125,36,1628,1
733,1016,7,591,44,797,1
734,1014,7,79,22,1252,1
735,567,7,70,22,2575,1
736,1066,7,434,23,1291,1
737,2357,7,318,17,844,1
738,2039,7,335,23,1251,1
739,3736,7,199,22,1657,1
740,3807,7,239,45,1291,1
741,2037,3,563,23,1418,1
742,3785,7,199,17,2462,1
743,2333,3,347,44,1294,1
744,2417,7,591,44,657,1
745,715,7,125,55,2789,1
746,2624,7,589,22,925,1
747,1426,7,375,52,829,1
748,202,2,568,23,2776,1
749,1847,7,279,10,657,1
750,373,7,335,10,1534,1
751,3,7,82,10,2618,1
752,2736,7,335,10,2575,1
753,1643,7,82,52,1655,1
754,1257,7,86,36,692,1
755,200,7,492,64,1655,1
756,2490,7,544,17,521,1
757,3678,7,318,24,1655,1
758,2469,7,199,28,1655,1
759,960,7,52,44,187,1
760,2489,7,335,44,2671,1
761,2626,7,386,32,1331,1
762,3874,7,335,22,925,1
763,4034,7,82,10,1279,1
764,1825,7,79,22,2600,1
765,1680,7,79,44,2600,1
766,1207,7,544,23,1655,1
767,2988,7,199,23,1655,1
768,2931,7,82,17,1655,1
769,309,7,199,14,1655,1
770,291,7,335,57,1137,1
771,3271,7,375,23,1655,1
772,893,7,335,22,657,1
773,2623,7,589,22,2019,1
774,1797,7,349,44,2600,1
775,1542,7,349,56,784,1
776,462,7,216,28,1331,1
777,4075,7,199,23,2208,1
778,2653,7,335,10,657,1
779,2244,1,312,65,337,1
780,162,1,347,65,535,1
781,3937,6,205,65,337,1
782,1316,7,79,38,1907,1
783,2856,7,411,40,1214,1
784,1892,7,280,23,2295,1
785,1487,7,212,28,1550,1
786,3275,7,447,22,843,1
787,894,5,228,32,2488,1
788,2754,7,355,22,2352,1
789,1931,7,564,36,784,1
790,850,2,258,31,27,1
791,3138,2,417,23,60,1
792,1290,7,526,17,1404,1
793,3056,7,469,44,829,1
794,1017,7,447,44,657,1
795,3244,7,592,36,2807,1
796,2932,7,160,36,783,1
797,4077,7,280,32,1331,1
798,523,5,260,34,2730,1
799,929,7,527,36,1379,1
800,246,7,161,36,61,1
801,96,7,293,11,1109,1
802,2379,2,12,17,2031,1
803,962,7,212,34,783,1
804,3918,7,39,23,1807,1
805,1141,7,368,32,1655,1
806,2755,5,161,32,133,1
807,3226,7,355,36,784,1
808,3618,7,212,22,2295,1
809,1449,7,259,32,704,1
810,374,7,336,22,1573,1
811,39,7,495,36,1454,1
812,1644,2,259,36,1984,1
813,1184,5,84,44,415,1
814,4008,5,303,28,1728,1
815,2933,7,428,17,2209,1
816,503,7,272,36,718,1
817,3325,7,297,22,2525,1
818,2132,7,337,44,2600,1
819,2803,7,236,17,1817,1
820,586,7,96,22,1703,1
821,2380,2,581,31,2402,1
822,1142,7,527,44,657,1
823,2381,7,336,44,1013,1
824,2186,7,223,23,2702,1
825,203,5,469,28,2655,1
826,3436,7,527,22,1032,1
827,3076,7,280,23,783,1
828,3245,7,355,22,657,1
829,3786,7,280,44,2295,1
830,2833,7,212,40,150,1
831,1848,7,469,31,1404,1
832,1892,2,355,15,1149,1
833,963,7,328,22,784,1
834,3553,5,355,44,2183,1
835,2053,5,469,44,1729,1
836,1828,6,355,66,2559,1
837,3955,7,469,23,783,1
838,2040,7,541,10,1124,1
839,2934,5,347,44,151,1
840,1868,5,355,22,1046,1
841,4035,7,447,22,1491,1
842,2358,2,541,44,2138,1
843,1645,7,469,44,2295,1
844,2070,7,355,44,225,1
845,60,7,355,44,474,1
846,1543,7,3,64,1986,1
847,40,7,578,52,455,1
848,266,7,355,10,657,1
849,2358,2,336,44,830,1
850,1518,7,282,36,1764,1
851,224,2,336,44,2262,1
852,2689,7,19,44,2841,1
853,3918,7,469,31,2295,1
854,1231,7,485,18,1125,1
855,2538,7,212,40,1655,1
856,1893,7,355,44,187,1
857,1291,2,115,24,1833,1
858,1802,2,212,64,27,1
859,2654,7,145,23,1698,1
860,2472,7,298,31,1437,1
861,3636,2,13,24,360,1
862,97,7,167,66,150,1
863,3514,2,541,23,2600,1
864,2803,2,90,60,1807,1
865,1258,5,3,23,322,1
866,3057,7,564,23,2600,1
867,3851,7,495,10,657,1
868,2472,7,297,22,784,1
869,929,7,336,56,2841,1
870,2398,7,336,44,2600,1
871,895,7,336,44,2600,1
872,1208,2,336,22,284,1
873,3956,7,355,22,1745,1
874,1142,7,355,44,2600,1
875,1385,7,355,23,657,1
876,1913,7,337,31,1780,1
877,3761,7,336,23,925,1
878,964,3,358,32,1312,1
879,2933,7,51,18,1876,1
880,3787,7,51,34,1986,1
881,757,7,342,64,1253,1
882,2399,5,336,44,617,1
883,695,7,564,10,1703,1
884,3762,7,336,10,2323,1
885,2756,7,51,28,1331,1
886,3957,7,162,34,704,1
887,717,7,145,44,251,1
888,3437,7,280,32,829,1
889,696,7,361,50,1961,1
890,3809,7,247,44,657,1
891,1665,7,336,10,2525,1
892,1803,7,428,52,555,1
893,1089,7,569,23,2856,1
894,1893,6,135,44,134,1
895,1741,3,273,17,455,1
896,3661,7,212,66,2702,1
897,3181,7,212,32,2702,1
898,463,7,212,10,1655,1
899,2358,5,145,28,912,1
900,1519,7,337,44,797,1
901,962,7,336,44,657,1
902,2070,7,578,23,2731,1
903,3139,7,527,10,2323,1
904,1564,7,337,44,2600,1
905,3738,7,280,23,1062,1
906,2246,7,256,22,1013,1
907,675,7,355,56,2489,1
908,2576,7,337,23,1573,1
909,1018,6,336,9,171,1
910,3244,7,236,17,1628,1
911,1385,7,337,44,1780,1
912,4105,2,527,50,2439,1
913,2707,7,541,44,657,1
914,2655,7,96,22,657,1
915,986,7,297,22,474,1
916,1290,7,447,44,2643,1
917,2187,3,355,23,1351,1
918,61,7,19,22,657,1
919,2132,7,256,56,2323,1
920,2897,7,344,32,2295,1
921,3786,7,355,22,657,1
922,3120,7,564,56,1262,1
923,464,7,527,44,2600,1
924,643,7,157,67,2368,1
925,718,2,19,44,2439,1
926,524,7,428,17,1015,1
927,3412,7,286,22,1331,1
928,2133,7,564,22,2834,1
929,2656,7,417,40,775,1
930,2606,7,447,22,657,1
931,3739,7,344,23,1404,1
932,3739,7,344,23,2371,1
933,1868,7,355,44,2671,1
934,1742,7,428,45,2296,1
935,1449,7,355,23,2059,1
936,3438,7,527,31,2136,1
937,433,7,428,52,1655,1
938,894,7,274,36,1655,1
939,1804,7,569,44,1629,1
940,22,6,303,66,798,1
941,3140,7,280,23,2244,1
942,717,7,468,24,2118,1
943,1518,7,355,22,1765,1
944,1232,7,469,44,913,1
945,2400,7,355,44,2808,1
946,3138,7,469,44,1291,1
947,3138,7,4,23,1655,1
948,3245,3,212,17,2372,1
949,2607,7,469,23,1698,1
950,2511,7,135,32,2692,1
951,3788,7,355,23,2600,1
952,3957,7,212,66,2462,1
953,986,7,526,52,150,1
954,225,7,570,36,26,1
955,2606,7,96,22,225,1
956,3599,7,527,44,2020,1
957,4078,7,527,44,2600,1
958,22,7,272,23,1655,1
959,4036,7,51,23,1331,1
960,2359,7,51,23,1655,1
961,1646,7,212,64,1655,1
962,2088,2,527,44,1766,1
963,2997,7,527,31,925,1
964,3553,7,527,66,1313,1
965,2472,7,527,44,784,1
966,1520,7,344,28,1404,1
967,1291,7,212,40,1391,1
968,2778,7,189,17,1561,1
969,1627,7,286,9,1932,1
970,479,7,259,23,783,1
971,3077,7,13,37,2763,1
972,696,7,297,22,1947,1
973,3413,5,96,44,761,1
974,1317,7,527,44,657,1
975,3026,7,527,57,1047,1
976,1069,7,297,44,688,1
977,2669,7,337,44,1746,1
978,3436,7,564,44,2841,1
979,39,2,336,36,963,1
980,1019,6,120,18,135,1
981,1275,7,172,32,2079,1
982,1627,2,344,36,1125,1
983,3957,7,336,31,2370,1
984,2779,7,96,22,657,1
985,2264,7,115,45,2619,1
986,948,7,272,23,717,1
987,780,7,115,32,1215,1
988,1521,7,282,64,1655,1
989,963,7,469,31,1655,1
990,2187,7,519,23,783,1
991,986,7,212,17,783,1
992,2834,5,541,10,1704,1
993,628,7,469,17,829,1
994,963,7,298,32,1876,1
995,3534,7,527,44,384,1
996,3679,7,527,44,657,1
997,3414,7,259,17,783,1
998,3027,7,447,50,1779,1
999,1849,3,344,23,1254,1
1000,2472,7,96,22,1573,1
1001,3851,7,355,22,474,1
1002,3787,7,355,22,2307,1
1003,1449,2,337,36,2021,1
1004,3028,7,223,22,2619,1
1005,1973,5,347,44,285,1
1006,2657,7,212,64,1655,1
1007,2524,7,569,23,1655,1
1008,1828,7,358,23,1744,1
1009,1974,7,272,36,26,1
1010,1783,7,473,23,886,1
1011,3786,2,297,22,2058,1
1012,2898,7,527,22,270,1
1013,2708,2,258,32,1904,1
1014,1892,7,272,23,829,1
1015,1020,7,429,44,657,1
1016,3619,7,248,28,2600,1
1017,4,7,336,10,2422,1
1018,2754,7,336,10,657,1
1019,2265,2,526,23,2402,1
1020,2559,7,297,44,2600,1
1021,3990,7,527,44,784,1
1022,2897,7,146,22,2263,1
1023,2627,7,259,36,2462,1
1024,3619,7,157,36,2525,1
1025,3246,7,469,23,829,1
1026,3076,7,468,31,589,1
1027,1141,7,541,44,2525,1
1028,1718,7,572,32,1437,1
1029,2875,7,530,32,886,1
1030,2018,7,526,40,798,1
1031,2512,7,285,22,1655,1
1032,1166,7,355,44,2600,1
1033,3029,7,469,15,829,1
1034,805,7,428,17,2209,1
1035,3574,2,212,40,1263,1
1036,3078,7,135,23,2295,1
1037,587,7,145,23,783,1
1038,294,7,280,23,829,1
1039,22,7,428,23,871,1
1040,3852,7,344,32,706,1
1041,2134,7,223,32,2295,1
1042,3227,7,120,17,829,1
1043,2175,7,473,32,1109,1
1044,1450,7,316,32,1295,1
1045,3515,7,309,24,783,1
1046,1951,7,51,18,1655,1
1047,1143,7,236,14,1363,1
1048,1582,7,297,44,519,1
1049,3415,7,120,24,1655,1
1050,434,3,249,66,1314,1
1051,1020,7,564,39,1669,1
1052,1741,3,526,17,2499,1
1053,2216,7,280,32,360,1
1054,113,7,455,23,1655,1
1055,2511,7,469,28,1331,1
1056,1385,7,569,23,1655,1
1057,3939,7,355,10,1573,1
1058,1718,7,256,44,2600,1
1059,2234,7,447,56,2575,1
1060,1628,7,473,32,1109,1
1061,2360,7,297,22,1013,1
1062,3326,2,428,44,27,1
1063,267,7,469,66,2857,1
1064,850,7,469,28,1655,1
1065,3810,7,469,23,2208,1
1066,1627,7,428,28,188,1
1067,3535,2,247,22,2600,1
1068,2019,7,297,22,1013,1
1069,97,2,485,36,27,1
1070,2361,7,528,64,1109,1
1071,1850,7,541,44,1765,1
1072,1142,7,417,32,1655,1
1073,758,7,104,32,99,1
1074,3554,7,495,10,1110,1
1075,1356,7,527,56,2525,1
1076,1259,7,355,44,2834,1
1077,3247,7,282,32,162,1
1078,929,7,297,36,1138,1
1079,1803,7,248,44,1765,1
1080,1021,7,297,22,1047,1
1081,3875,2,336,22,1332,1
1082,3228,7,428,17,404,1
1083,1645,7,485,32,1655,1
1084,2400,7,355,22,2368,1
1085,2916,7,256,22,2600,1
1086,75,2,236,3,1125,1
1087,2690,7,469,23,251,1
1088,1666,7,469,44,1655,1
1089,2591,1,355,22,2167,1
1090,3438,7,355,22,2525,1
1091,2512,6,286,52,1314,1
1092,3414,7,469,22,1946,1
1093,267,7,344,23,1655,1
1094,2934,2,541,28,2600,1
1095,2398,7,297,23,657,1
1096,2472,7,564,22,2600,1
1097,3248,7,355,44,474,1
1098,1022,7,428,66,704,1
1099,1487,7,469,31,1404,1
1100,2690,7,469,18,1698,1
1101,3229,7,175,22,2575,1
1102,1543,7,578,45,1817,1
1103,23,5,552,33,2764,1
1104,3056,5,336,61,1781,1
1105,2472,7,429,36,2600,1
1106,3347,7,51,44,1280,1
1107,2401,2,61,64,27,1
1108,3347,7,51,40,2032,1
1109,1743,7,258,14,1315,1
1110,114,7,259,28,829,1
1111,463,7,306,36,1628,1
1112,987,7,258,36,2702,1
1113,2019,7,206,22,172,1
1114,1743,7,336,22,2841,1
1115,3488,7,297,44,659,1
1116,1544,7,336,36,2525,1
1117,2560,5,297,50,441,1
1118,113,7,96,22,2575,1
1119,97,7,570,10,2619,1
1120,1718,7,185,32,1437,1
1121,3554,7,206,22,688,1
1122,5,2,135,24,423,1
1123,2525,7,51,18,718,1
1124,1565,7,115,17,903,1
1125,2559,5,206,44,2389,1
1126,3661,7,428,18,2350,1
1127,4079,7,473,18,886,1
1128,1913,7,468,23,1655,1
1129,2949,7,342,32,1109,1
1130,1894,7,469,10,2208,1
1131,3739,7,345,36,505,1
1132,3138,7,259,40,1296,1
1133,3030,7,198,32,783,1
1134,2041,7,93,31,215,1
1135,1684,7,527,22,1573,1
1136,266,7,337,31,2600,1
1137,3182,2,236,17,1817,1
1138,3811,7,490,32,1976,1
1139,3787,7,258,17,2056,1
1140,2402,7,361,40,1331,1
1141,3326,7,581,45,505,1
1142,3463,7,51,23,1404,1
1143,351,7,406,32,2576,1
1144,464,6,51,18,1792,1
1145,268,2,358,23,1125,1
1146,1408,7,297,22,1703,1
1147,2670,7,527,44,657,1
1148,1144,7,527,44,2728,1
1149,2739,7,527,44,2858,1
1150,3600,7,157,10,657,1
1151,267,7,336,10,774,1
1152,1544,7,236,18,704,1
1153,988,2,51,23,1316,1
1154,3120,7,495,44,2600,1
1155,2512,7,256,22,116,1
1156,2803,2,495,44,2809,1
1157,23,1,495,44,171,1
1158,3121,7,96,31,2600,1
1159,3275,7,297,44,657,1
1160,1488,7,133,22,1703,1
1161,695,6,453,15,1087,1
1162,1805,7,527,44,1013,1
1163,3439,7,120,18,26,1
1164,3027,7,115,23,783,1
1165,330,7,157,44,2600,1
1166,1762,2,96,39,1820,1
1167,3516,1,336,44,45,1
1168,435,7,336,44,963,1
1169,696,7,96,22,301,1
1170,2360,7,336,10,2323,1
1171,1519,7,336,44,797,1
1172,2053,5,19,50,1630,1
1173,2070,7,447,9,887,1
1174,23,7,248,10,2323,1
1175,986,7,272,15,2541,1
1176,2709,5,157,57,152,1
1177,266,2,336,31,1834,1
1178,963,7,355,10,2600,1
1179,3514,7,541,28,603,1
1180,2803,7,428,17,1655,1
1181,1487,7,541,22,2600,1
1182,330,7,115,32,1655,1
1183,1719,5,13,40,188,1
1184,1021,5,355,44,1886,1
1185,1720,7,355,10,2058,1
1186,1666,7,447,44,2058,1
1187,1292,7,541,44,2600,1
1188,695,7,328,22,2600,1
1189,1184,7,469,28,1291,1
1190,2628,7,355,23,657,1
1191,781,7,146,44,657,1
1192,3991,5,328,28,888,1
1193,1291,7,328,44,2575,1
1194,2216,7,256,22,474,1
1195,965,7,256,22,2600,1
1196,2265,7,256,44,657,1
1197,1357,7,247,44,1251,1
1198,2577,2,455,22,1817,1
1199,657,7,468,28,2619,1
1200,1184,5,569,66,2061,1
1201,2592,7,593,9,2209,1
1202,1069,7,447,44,2003,1
1203,3439,5,272,10,1062,1
1204,2089,2,157,56,2732,1
1205,986,7,336,22,474,1
1206,608,7,355,66,2463,1
1207,2561,7,338,44,1150,1
1208,782,7,469,44,1655,1
1209,1667,7,212,23,1655,1
1210,2669,7,541,31,2184,1
1211,806,7,355,61,81,1
1212,433,5,469,44,2155,1
1213,2041,7,541,15,657,1
1214,896,7,355,22,2600,1
1215,1603,7,469,44,2295,1
1216,897,2,355,31,1930,1
1217,1993,7,161,11,1109,1
1218,2966,7,189,44,271,1
1219,2671,7,328,22,225,1
1220,3464,5,256,22,1392,1
1221,757,7,355,44,2058,1
1222,3900,7,541,10,187,1
1223,1848,5,541,44,2792,1
1224,1292,7,541,22,2323,1
1225,3662,2,444,31,360,1
1226,1143,7,355,39,474,1
1227,76,7,355,44,657,1
1228,204,7,453,10,2555,1
1229,3738,7,51,17,2325,1
1230,479,7,469,18,1655,1
1231,3761,7,355,23,149,1
1232,807,7,39,64,1475,1
1233,2295,7,344,32,1655,1
1234,3763,7,285,36,648,1
1235,352,7,469,10,1655,1
1236,3155,7,569,23,718,1
1237,40,5,228,28,988,1
1238,2756,7,469,15,1048,1
1239,2359,7,469,23,1986,1
1240,1565,7,485,17,442,1
1241,2176,7,135,32,1904,1
1242,1141,7,428,31,1126,1
1243,2360,7,447,22,657,1
1244,3958,7,447,50,2308,1
1245,3739,7,77,36,1831,1
1246,2710,7,592,32,1297,1
1247,1644,2,329,18,1984,1
1248,742,7,329,36,2208,1
1249,2265,7,259,32,2208,1
1250,2401,2,158,14,27,1
1251,1503,7,272,23,2296,1
1252,464,6,51,18,1151,1
1253,2071,7,336,31,2370,1
1254,77,7,146,44,657,1
1255,3028,2,355,22,2712,1
1256,2360,2,189,52,1817,1
1257,295,5,469,28,2092,1
1258,2117,7,256,22,2525,1
1259,1994,5,447,22,707,1
1260,2897,7,135,23,9,1
1261,2176,7,259,32,1655,1
1262,2803,2,190,15,98,1
1263,2672,7,303,23,27,1
1264,588,7,212,40,1404,1
1265,78,7,282,32,1655,1
1266,896,2,411,64,2245,1
1267,2578,7,3,37,783,1
1268,757,5,212,52,1986,1
1269,3012,6,223,23,405,1
1270,3438,7,285,28,1655,1
1271,1628,7,280,32,927,1
1272,524,7,495,44,657,1
1273,2135,3,297,44,1227,1
1274,1489,7,564,36,2265,1
1275,4,2,510,23,1336,1
1276,2088,2,348,36,674,1
1277,330,7,355,44,657,1
1278,435,7,115,32,831,1
1279,24,7,473,32,1976,1
1280,1666,7,526,17,718,1
1281,1017,7,157,22,474,1
1282,3956,7,280,24,829,1
1283,1869,7,377,36,2309,1
1284,1544,7,592,37,1976,1
1285,2136,7,298,32,1698,1
1286,2137,2,336,31,2119,1
1287,851,7,259,40,2295,1
1288,2176,5,355,66,2093,1
1289,1868,7,541,23,2003,1
1290,2400,7,282,32,964,1
1291,3957,7,569,23,829,1
1292,2041,3,355,66,989,1
1293,3535,2,146,39,1337,1
1294,1142,7,344,37,1331,1
1295,3347,7,355,66,2370,1
1296,2754,2,293,64,556,1
1297,2658,5,145,40,2390,1
1298,2898,7,73,23,2440,1
1299,962,7,193,60,1807,1
1300,1357,5,90,40,2221,1
1301,2296,2,90,17,785,1
1302,1544,2,344,3,648,1
1303,2935,5,280,23,1681,1
1304,1021,7,12,32,1987,1
1305,3120,7,328,44,2600,1
1306,1718,7,328,44,2600,1
1307,780,7,355,44,1338,1
1308,2671,7,55,66,1109,1
1309,588,7,212,40,1550,1
1310,3326,2,147,32,990,1
1311,2591,3,593,66,1984,1
1312,1185,7,260,64,829,1
1313,1317,7,447,22,2600,1
1314,1276,2,298,32,216,1
1315,1870,7,447,50,784,1
1316,1356,2,355,3,2003,1
1317,586,7,87,49,843,1
1318,2966,2,541,22,2262,1
1319,266,5,355,33,1228,1
1320,1120,7,344,52,1280,1
1321,1185,7,469,17,829,1
1322,1208,7,3,24,1986,1
1323,586,7,279,44,657,1
1324,503,7,212,17,26,1
1325,1784,7,162,64,2295,1
1326,1143,7,328,56,2671,1
1327,1629,7,463,44,657,1
1328,1259,6,355,22,171,1
1329,916,7,280,40,2749,1
1330,2627,7,71,40,1298,1
1331,2041,7,212,28,1655,1
1332,4,7,485,32,1698,1
1333,895,7,280,28,817,1
1334,40,7,444,52,2350,1
1335,3465,7,528,32,732,1
1336,295,5,469,28,46,1
1337,2511,7,256,22,925,1
1338,3374,7,447,22,2600,1
1339,718,7,344,32,1655,1
1340,644,7,469,23,1655,1
1341,3029,7,260,37,783,1
1342,916,7,135,23,1655,1
1343,3436,7,297,22,2600,1
1344,504,2,336,44,2750,1
1345,3636,2,329,36,2223,1
1346,1166,7,337,10,2555,1
1347,2019,7,447,44,674,1
1348,609,6,120,28,1139,1
1349,3489,7,297,10,187,1
1350,4008,7,570,31,1655,1
1351,330,7,336,22,657,1
1352,2418,7,259,37,2557,1
1353,2755,7,519,56,2295,1
1354,1186,7,526,66,47,1
1355,1409,7,428,23,2325,1
1356,2803,7,212,24,856,1
1357,1275,2,468,52,2617,1
1358,3275,7,355,22,2703,1
1359,1069,7,355,22,2368,1
1360,3076,6,469,3,2702,1
1361,3246,7,344,64,783,1
1362,2932,7,19,22,1682,1
1363,1185,5,541,33,649,1
1364,3182,7,469,9,2619,1
1365,3013,7,469,44,1658,1
1366,3014,7,469,23,783,1
1367,2473,7,420,44,857,1
1368,1627,7,135,28,964,1
1369,645,7,355,31,657,1
1370,97,7,115,32,1628,1
1371,3248,7,67,18,783,1
1372,3680,3,540,49,2672,1
1373,3575,7,355,44,474,1
1374,3325,7,269,44,2525,1
1375,352,7,336,44,1013,1
1376,2264,7,297,44,1659,1
1377,4105,7,527,44,744,1
1378,2966,7,236,14,2032,1
1379,2967,7,256,10,1535,1
1380,3026,7,355,44,1535,1
1381,3957,7,355,44,474,1
1382,1851,3,256,44,2673,1
1383,2740,5,145,3,2404,1
1384,851,7,447,44,784,1
1385,2607,2,105,32,1817,1
1386,3738,7,212,28,2702,1
1387,2897,2,323,28,1380,1
1388,330,7,259,37,2702,1
1389,185,7,105,40,1698,1
1390,898,7,212,11,829,1
1391,1543,7,212,23,2208,1
1392,1357,5,344,32,675,1
1393,850,2,473,23,2656,1
1394,3956,7,337,44,657,1
1395,1868,7,96,23,2003,1
1396,1995,7,120,23,1655,1
1397,2876,7,115,28,704,1
1398,2778,7,258,64,2462,1
1399,717,7,272,15,2224,1
1400,783,2,120,23,1817,1
1401,1892,7,297,36,657,1
1402,806,7,569,36,1437,1
1403,2559,7,469,44,783,1
1404,1293,7,428,28,2246,1
1405,2088,2,280,36,1984,1
1406,1869,7,328,44,657,1
1407,1232,2,468,28,845,1
1408,1996,7,256,22,1859,1
1409,2654,7,115,32,783,1
1410,1518,7,578,14,1184,1
1411,1744,7,223,14,1915,1
1412,1741,3,56,17,455,1
1413,3290,7,259,23,1655,1
1414,1143,7,259,40,1391,1
1415,3662,2,258,31,360,1
1416,2628,7,526,32,1655,1
1417,1187,7,147,11,1109,1
1418,2246,7,259,32,1655,1
1419,3440,7,90,64,1109,1
1420,2804,2,145,23,27,1
1421,4036,7,570,17,783,1
1422,78,5,337,33,2225,1
1423,1208,7,527,57,2020,1
1424,3680,7,527,10,1535,1
1425,2361,7,428,23,1655,1
1426,2778,7,420,44,783,1
1427,3077,7,212,64,717,1
1428,2072,2,212,52,648,1
1429,353,7,189,23,1655,1
1430,3738,7,570,23,2702,1
1431,2118,7,564,56,784,1
1432,3786,7,564,44,657,1
1433,1828,7,247,22,2600,1
1434,782,7,447,22,2600,1
1435,586,7,447,22,784,1
1436,2358,5,105,28,216,1
1437,205,7,337,44,1703,1
1438,3957,7,272,44,2619,1
1439,718,7,337,36,925,1
1440,113,2,355,22,2600,1
1441,3876,7,447,44,1535,1
1442,568,7,447,44,474,1
1443,1294,7,447,44,774,1
1444,1545,3,256,66,2389,1
1445,3141,7,447,22,1534,1
1446,3029,7,469,23,1655,1
1447,464,7,428,22,1655,1
1448,3601,7,527,22,657,1
1449,2740,5,469,66,1314,1
1450,1665,7,541,23,657,1
1451,2381,2,355,66,323,1
1452,1996,7,344,36,1821,1
1453,61,7,336,10,476,1
1454,2040,7,541,10,1251,1
1455,3122,7,541,31,2029,1
1456,3957,7,541,31,2525,1
1457,115,7,447,44,2671,1
1458,2512,7,355,44,776,1
1459,3514,7,297,10,657,1
1460,568,7,336,23,657,1
1461,1144,7,355,44,2600,1
1462,2803,2,541,66,2119,1
1463,2998,7,247,22,1930,1
1464,586,7,447,22,1111,1
1465,2538,7,447,44,774,1
1466,3990,7,447,22,1551,1
1467,2358,2,328,44,1419,1
1468,2266,7,541,44,657,1
1469,2780,7,157,44,657,1
1470,1629,2,259,10,1817,1
1471,2042,7,115,32,783,1
1472,3078,7,258,31,188,1
1473,2577,5,228,34,858,1
1474,2803,7,280,17,1062,1
1475,2803,7,355,36,2577,1
1476,1489,7,280,32,991,1
1477,2935,5,469,36,2139,1
1478,75,7,135,64,2246,1
1479,3636,2,463,18,2691,1
1480,2090,5,256,36,477,1
1481,2041,7,345,23,492,1
1482,1521,7,570,17,26,1
1483,480,7,336,10,2713,1
1484,2319,7,570,36,829,1
1485,3637,2,297,44,1930,1
1486,2656,7,541,23,657,1
1487,2266,7,189,17,1655,1
1488,658,7,3,23,1655,1
1489,3738,7,428,66,338,1
1490,2160,7,435,44,777,1
1491,675,2,28,22,1904,1
1492,1428,7,19,44,2136,1
1493,435,2,355,10,2045,1
1494,1893,7,355,23,1930,1
1495,3012,7,120,44,1655,1
1496,2418,7,428,52,98,1
1497,464,7,313,66,2702,1
1498,41,7,212,64,117,1
1499,1145,2,96,28,1930,1
1500,4,5,336,44,2022,1
1501,3140,7,355,44,744,1
1502,1259,2,120,17,1817,1
1503,3291,7,541,23,657,1
1504,964,7,355,15,339,1
1505,3390,7,259,32,1698,1
1506,2041,7,468,15,1655,1
1507,1451,7,355,23,2600,1
1508,2669,7,355,44,1229,1
1509,1763,7,428,28,1331,1
1510,2803,7,569,15,404,1
1511,2673,7,428,23,1817,1
1512,965,7,428,23,2526,1
1513,96,7,355,44,657,1
1514,3120,7,564,44,474,1
1515,3679,7,355,10,2323,1
1516,1144,2,355,22,2600,1
1517,3391,6,3,23,1112,1
1518,3391,6,469,31,1112,1
1519,3205,3,469,36,1835,1
1520,2419,3,592,36,1860,1
1521,79,7,259,64,992,1
1522,4037,7,256,56,1013,1
1523,4037,7,146,22,1013,1
1524,310,2,288,17,2620,1
1525,2267,2,541,66,1455,1
1526,139,7,541,44,82,1
1527,808,7,527,25,2247,1
1528,3853,7,145,28,2310,1
1529,2835,7,527,44,889,1
1530,2267,7,272,36,2513,1
1531,1121,7,469,36,1562,1
1532,1340,7,435,36,1562,1
1533,1386,7,145,22,815,1
1534,2691,3,569,17,1503,1
1535,2267,5,355,44,1185,1
1536,784,7,157,44,1013,1
1537,2419,2,570,17,173,1
1538,1209,2,469,31,252,1
1539,3391,2,236,23,136,1
1540,3391,2,115,23,241,1
1541,2999,2,256,31,1185,1
1542,2608,7,469,36,2777,1
1543,2608,7,469,36,1861,1
1544,2999,7,468,15,475,1
1545,3358,7,336,44,1352,1
1546,852,7,297,22,660,1
1547,2691,7,468,23,1049,1
1548,2267,7,161,40,693,1
1549,3853,7,236,44,719,1
1550,2562,7,355,56,2058,1
1551,3740,7,541,66,1251,1
1552,1685,7,96,10,1535,1
1553,1685,7,344,64,2033,1
1554,2336,7,417,66,98,1
1555,1209,7,213,36,818,1
1556,2999,7,417,32,252,1
1557,3205,7,573,32,2221,1
1558,1583,7,469,45,98,1
1559,1583,7,298,36,1439,1
1560,1668,7,407,32,1904,1
1561,1371,7,396,45,2046,1
1562,3681,6,259,23,2714,1
1563,1686,7,355,22,2057,1
1564,549,2,581,18,1049,1
1565,1806,7,428,66,2842,1
1566,550,7,345,32,1657,1
1567,1295,7,313,28,1887,1
1568,2539,7,355,22,1705,1
1569,1318,7,145,44,2449,1
1570,3106,7,280,44,1609,1
1571,436,7,546,36,1420,1
1572,1340,7,428,52,188,1
1573,1566,7,355,36,1262,1
1574,311,7,309,32,98,1
1575,3992,7,51,66,536,1
1576,3992,7,120,23,2842,1
1577,311,7,344,37,1861,1
1578,2757,7,336,10,1534,1
1579,2805,7,495,44,2543,1
1580,3249,7,157,44,1262,1
1581,3348,7,355,23,2373,1
1582,1319,7,541,44,1778,1
1583,3312,7,541,10,2544,1
1584,1318,7,280,66,2842,1
1585,629,7,247,44,774,1
1586,1932,7,469,17,650,1
1587,759,7,527,44,1405,1
1588,331,7,541,9,573,1
1589,3992,7,115,17,817,1
1590,3992,7,13,66,719,1
1591,1070,7,256,33,1583,1
1592,2936,7,259,36,719,1
1593,116,7,297,10,2185,1
1594,760,7,115,66,2842,1
1595,2877,7,376,23,1439,1
1596,1522,7,212,28,1049,1
1597,760,6,541,44,1916,1
1598,550,5,274,22,1230,1
1599,719,5,298,36,2589,1
1600,1050,5,368,40,2405,1
1601,331,5,51,18,1364,1
1602,719,7,96,10,2671,1
1603,2805,2,212,23,241,1
1604,311,2,303,15,11,1
1605,966,2,157,10,1908,1
1606,525,2,336,44,2373,1
1607,2562,7,157,44,1013,1
1608,1933,7,212,40,2500,1
1609,2805,7,297,44,688,1
1610,2629,7,527,22,1822,1
1611,1466,7,342,32,118,1
1612,4038,7,115,36,252,1
1613,1023,7,247,22,1822,1
1614,1686,7,570,10,2513,1
1615,760,7,62,23,2156,1
1616,3992,7,167,32,1562,1
1617,331,7,212,32,2034,1
1618,2439,7,258,36,2035,1
1619,3877,7,336,44,2247,1
1620,1522,7,570,17,153,1
1621,1318,7,519,17,1609,1
1622,1318,7,495,66,2575,1
1623,1318,7,189,66,2226,1
1624,116,7,447,44,1822,1
1625,2805,7,175,31,1822,1
1626,2805,7,212,36,286,1
1627,2579,5,212,37,1216,1
1628,1167,5,541,22,1332,1
1629,2758,5,547,33,2674,1
1630,1452,5,355,44,928,1
1631,809,2,468,23,173,1
1632,375,2,469,18,173,1
1633,785,2,96,22,171,1
1634,3877,7,469,23,1217,1
1635,1466,7,455,17,1562,1
1636,3375,7,495,44,1822,1
1637,853,7,223,64,1562,1
1638,3249,7,569,22,1049,1
1639,3490,7,298,34,1562,1
1640,3276,7,298,34,1609,1
1641,1233,7,355,10,1822,1
1642,3230,7,355,10,456,1
1643,785,7,368,40,1217,1
1644,854,7,355,66,2693,1
1645,1167,7,256,66,660,1
1646,2188,7,527,22,889,1
1647,1852,7,435,36,1049,1
1648,2563,7,564,44,2391,1
1649,785,7,336,36,889,1
1650,3156,7,212,32,1562,1
1651,1852,7,527,33,1352,1
1652,3490,7,258,32,859,1
1653,2579,7,569,22,1562,1
1654,1320,7,355,66,2047,1
1655,2758,7,469,17,1217,1
1656,2235,7,527,10,889,1
1657,2758,7,336,44,889,1
1658,3313,7,298,32,929,1
1659,3313,7,285,23,2296,1
1660,3313,7,430,31,2671,1
1661,1167,7,96,44,1346,1
1662,2899,7,355,36,889,1
1663,1764,7,569,10,1049,1
1664,1234,7,526,36,1049,1
1665,3142,7,3,17,2423,1
1666,3313,7,223,36,1562,1
1667,785,7,541,44,774,1
1668,2188,7,355,22,889,1
1669,1852,7,355,44,1978,1
1670,3313,7,309,32,1317,1
1671,3392,6,303,23,2062,1
1672,785,5,331,23,216,1
1673,2188,5,336,10,1281,1
1674,3764,5,228,28,930,1
1675,3392,2,120,17,30,1
1676,3230,2,342,32,733,1
1677,2950,2,172,36,2765,1
1678,785,2,389,37,2765,1
1679,855,7,468,10,1609,1
1680,3959,7,428,24,1152,1
1681,3741,7,256,44,1822,1
1682,2758,7,337,44,2247,1
1683,2951,7,259,40,1562,1
1684,785,7,469,44,1562,1
1685,2440,7,344,23,1049,1
1686,3142,7,347,23,1562,1
1687,2951,7,469,22,1609,1
1688,2403,7,444,52,100,1
1689,465,7,469,3,253,1
1690,785,7,272,23,1562,1
1691,3741,7,336,57,1822,1
1692,1234,7,527,33,660,1
1693,2235,7,146,44,1822,1
1694,2235,7,256,66,2247,1
1695,2403,7,297,36,889,1
1696,3313,7,189,28,1562,1
1697,3230,7,51,23,2226,1
1698,3313,7,469,23,1333,1
1699,3250,7,570,10,1988,1
1700,3313,7,541,44,2247,1
1701,465,7,564,44,12,1
1702,3230,7,412,40,1575,1
1703,3741,7,247,36,1535,1
1704,3375,7,593,56,1562,1
1705,1234,7,355,66,660,1
1706,2440,7,22,24,188,1
1707,269,7,447,44,1013,1
1708,2579,7,212,17,1314,1
1709,226,6,115,18,628,1
1710,2937,5,120,36,1230,1
1711,3250,7,324,66,252,1
1712,3919,2,274,28,252,1
1713,4080,2,355,44,1185,1
1714,3682,7,212,17,2620,1
1715,2711,7,303,22,1279,1
1716,4080,7,331,18,1562,1
1717,4080,7,469,10,965,1
1718,3602,7,19,23,889,1
1719,761,7,259,36,1562,1
1720,1523,7,355,10,1706,1
1721,3416,7,541,10,1352,1
1722,1584,7,280,32,1562,1
1723,3123,7,157,44,889,1
1724,2630,7,146,22,2373,1
1725,1090,7,355,44,889,1
1726,2631,7,157,44,1765,1
1727,3854,7,256,22,1822,1
1728,1997,7,259,66,1821,1
1729,3417,7,189,66,508,1
1730,2937,7,547,32,2156,1
1731,1523,7,406,36,2560,1
1732,3416,6,256,39,590,1
1733,3416,6,297,39,590,1
1734,3416,6,277,50,590,1
1735,3789,5,447,33,1264,1
1736,2968,2,527,44,1823,1
1737,3157,2,447,22,1822,1
1738,3157,2,447,22,1822,1
1739,3157,2,157,22,1822,1
1740,1997,7,223,66,574,1
1741,3517,7,469,28,694,1
1742,2937,7,336,10,889,1
1743,2806,7,323,23,2156,1
1744,3157,7,541,10,762,1
1745,2404,7,428,28,2545,1
1746,3682,7,495,22,1047,1
1747,1358,7,297,22,1535,1
1748,1647,7,361,32,2061,1
1749,3031,7,21,66,1262,1
1750,3031,7,447,39,1262,1
1751,967,7,447,56,660,1
1752,3620,7,12,37,1253,1
1753,3940,7,355,10,889,1
1754,1647,7,428,23,1946,1
1755,2630,7,336,23,889,1
1756,3417,7,541,22,660,1
1757,2806,7,530,11,1186,1
1758,2937,7,297,44,1013,1
1759,2236,7,447,44,1822,1
1760,226,7,355,22,889,1
1761,1648,7,447,57,1822,1
1762,1584,7,469,23,2208,1
1763,761,7,376,31,1660,1
1764,2712,5,260,23,2514,1
1765,2138,5,337,44,190,1
1766,1649,5,259,36,1576,1
1767,899,5,115,23,2490,1
1768,2713,5,256,44,720,1
1769,2138,7,314,40,2156,1
1770,3417,2,258,31,2311,1
1771,2297,2,331,17,287,1
1772,3251,2,495,44,1822,1
1773,2020,2,256,9,2527,1
1774,2900,2,344,23,241,1
1775,3183,7,569,31,1217,1
1776,4080,7,345,24,2513,1
1777,3812,7,469,44,1562,1
1778,3417,7,593,24,1231,1
1779,526,7,328,44,1822,1
1780,2405,7,39,41,1318,1
1781,1146,7,286,44,1562,1
1782,2712,7,444,28,2226,1
1783,2405,7,280,34,1562,1
1784,3765,7,115,28,2226,1
1785,3765,7,285,23,1217,1
1786,3663,7,280,23,2226,1
1787,3663,7,3,36,2140,1
1788,3638,7,447,50,2391,1
1789,117,7,428,36,2859,1
1790,3765,7,336,44,941,1
1791,3855,7,355,18,2263,1
1792,3901,7,344,17,2004,1
1793,3663,7,428,22,252,1
1794,117,7,331,28,62,1
1795,1703,7,336,44,1600,1
1796,3251,1,120,36,1456,1
1797,2659,7,297,22,2671,1
1798,1410,7,336,10,1847,1
1799,1630,2,51,23,1168,1
1800,1146,2,350,64,733,1
1801,1703,2,212,31,252,1
1802,1091,2,593,23,173,1
1803,2297,2,526,52,1049,1
1804,2297,2,223,28,287,1
1805,1649,2,345,32,252,1
1806,80,7,428,32,1049,1
1807,80,7,469,44,1609,1
1808,3251,7,259,32,2,1
1809,3536,7,336,22,1406,1
1810,2297,7,336,36,1407,1
1811,1703,7,428,36,1562,1
1812,2781,7,157,22,889,1
1813,899,7,344,44,1562,1
1814,2404,7,51,25,1562,1
1815,3789,7,447,33,889,1
1816,2540,7,570,10,2056,1
1817,2540,7,336,10,889,1
1818,3576,7,355,36,1822,1
1819,1630,7,355,9,889,1
1820,1630,7,328,44,889,1
1821,3251,7,280,23,1562,1
1822,646,7,189,50,2226,1
1823,1410,7,468,44,98,1
1824,646,7,282,32,1809,1
1825,1765,1,469,52,2283,1
1826,4081,3,407,24,1793,1
1827,2540,1,541,44,2263,1
1828,398,7,527,22,1032,1
1829,398,7,527,22,1032,1
1830,2714,2,344,32,2105,1
1831,3813,2,212,23,2105,1
1832,3813,2,272,22,2105,1
1833,398,2,579,24,252,1
1834,2217,2,157,22,2373,1
1835,2938,2,355,31,2373,1
1836,762,2,526,32,2620,1
1837,3812,7,259,28,1562,1
1838,647,7,555,17,1562,1
1839,3206,7,485,44,1562,1
1840,2938,7,344,34,1562,1
1841,2938,7,527,44,2391,1
1842,2540,7,355,22,2391,1
1843,2878,7,3,40,1562,1
1844,6,7,355,56,1352,1
1845,2320,7,569,28,2842,1
1846,2420,7,111,18,799,1
1847,3079,7,527,36,2793,1
1848,3107,7,282,22,1562,1
1849,3376,7,280,23,1562,1
1850,6,7,293,28,2560,1
1851,3742,7,259,64,1562,1
1852,2406,7,280,23,1562,1
1853,481,7,212,23,1562,1
1854,3376,7,527,44,889,1
1855,2917,7,447,22,2391,1
1856,2917,7,447,44,1352,1
1857,3376,7,297,22,889,1
1858,720,7,212,32,2208,1
1859,1277,7,342,32,1169,1
1860,4081,7,336,44,2368,1
1861,3079,7,236,44,361,1
1862,630,7,429,22,1101,1
1863,630,6,336,49,171,1
1864,3206,7,547,32,2221,1
1865,3856,7,247,22,2575,1
1866,2879,2,328,22,171,1
1867,3537,2,259,10,252,1
1868,437,7,280,32,1562,1
1869,1765,7,293,40,2156,1
1870,1721,7,469,18,1217,1
1871,3960,7,3,32,1562,1
1872,2321,7,115,36,1217,1
1873,3079,7,556,32,2156,1
1874,3107,7,297,44,1661,1
1875,3376,7,469,36,1888,1
1876,3376,7,447,36,889,1
1877,3107,7,355,36,2391,1
1878,4081,7,272,31,1217,1
1879,3742,7,564,31,1352,1
1880,3825,7,272,36,2226,1
1881,3376,7,328,36,2793,1
1882,1765,7,212,15,1562,1
1883,2541,7,91,34,303,1
1884,481,7,157,44,2671,1
1885,2320,7,555,23,2208,1
1886,2715,7,161,37,1584,1
1887,2320,7,469,44,252,1
1888,2674,7,258,23,1217,1
1889,1722,7,411,37,346,1
1890,3032,1,157,22,2575,1
1891,3902,1,272,23,2514,1
1892,2952,2,355,15,2373,1
1893,227,2,526,17,173,1
1894,2675,2,61,32,173,1
1895,1091,2,236,17,252,1
1896,1260,7,541,44,889,1
1897,610,7,527,44,1822,1
1898,1723,7,527,36,1822,1
1899,1723,7,447,44,2793,1
1900,1051,7,336,23,1127,1
1901,1631,7,260,31,651,1
1902,2247,7,212,28,2195,1
1903,2421,7,469,10,817,1
1904,2675,7,336,22,1535,1
1905,2675,7,161,40,1824,1
1906,2952,7,355,23,889,1
1907,3231,7,541,44,889,1
1908,2054,7,344,34,1610,1
1909,1829,7,3,64,117,1
1910,4009,7,115,32,1609,1
1911,227,3,466,64,2675,1
1912,206,3,259,24,2392,1
1913,227,7,259,32,174,1
1914,3491,7,490,39,2733,1
1915,610,7,336,44,2527,1
1916,2692,3,328,23,191,1
1917,2268,7,447,10,763,1
1918,206,7,280,32,929,1
1919,206,7,98,11,815,1
1920,228,2,447,44,509,1
1921,1071,2,115,23,252,1
1922,206,2,272,17,2620,1
1923,930,2,447,44,2373,1
1924,3000,7,258,36,442,1
1925,2609,7,272,44,1102,1
1926,3814,7,258,32,2634,1
1927,3814,7,259,36,965,1
1928,2675,7,293,40,2221,1
1929,4009,7,115,36,1609,1
1930,3032,7,468,10,2227,1
1931,2836,7,344,37,2794,1
1932,631,7,247,10,2247,1
1933,2759,7,564,44,2247,1
1934,930,7,336,22,745,1
1935,2268,7,469,44,2704,1
1936,2675,7,469,22,2450,1
1937,2692,7,280,64,340,1
1938,2692,7,447,44,12,1
1939,1650,7,526,17,1794,1
1940,3000,7,236,23,1153,1
1941,140,7,237,23,188,1
1942,140,7,428,31,173,1
1943,1934,2,90,40,406,1
1944,3703,1,212,32,966,1
1945,968,1,120,24,2326,1
1946,3033,1,447,44,1347,1
1947,1278,1,355,66,254,1
1948,3441,1,569,3,1112,1
1949,968,1,570,44,2063,1
1950,968,1,115,32,618,1
1951,399,1,147,37,2094,1
1952,1830,3,280,23,1909,1
1953,438,2,212,23,173,1
1954,2043,2,145,23,252,1
1955,3466,2,527,36,1128,1
1956,1278,2,495,44,171,1
1957,969,2,336,44,2373,1
1958,438,2,389,32,1218,1
1959,2474,2,355,44,1050,1
1960,2474,2,336,44,1050,1
1961,62,7,280,28,188,1
1962,1830,7,146,31,1111,1
1963,1585,7,212,36,1609,1
1964,1296,7,282,66,1986,1
1965,3826,7,527,44,2247,1
1966,1724,7,579,40,2860,1
1967,810,7,120,18,522,1
1968,270,7,96,23,12,1
1969,270,7,256,44,1822,1
1970,1278,7,96,44,1822,1
1971,1669,7,469,44,929,1
1972,697,7,428,15,338,1
1973,2441,7,469,23,2789,1
1974,611,7,297,22,774,1
1975,3033,7,157,44,2095,1
1976,1975,7,541,23,1765,1
1977,698,7,272,44,2297,1
1978,438,7,527,3,629,1
1979,438,7,189,3,2842,1
1980,968,7,280,34,2168,1
1981,1072,7,469,23,2635,1
1982,1210,1,145,24,188,1
1983,2441,7,344,64,1063,1
1984,2441,7,331,28,2789,1
1985,4010,1,469,28,1585,1
1986,1871,1,96,44,1917,1
1987,611,1,247,22,175,1
1988,439,1,564,10,1549,1
1989,439,1,564,10,1549,1
1990,3941,1,256,22,1332,1
1991,2917,1,228,28,1730,1
1992,3857,1,297,22,1264,1
1993,1895,3,344,64,1904,1
1994,399,7,258,23,188,1
1995,3683,7,468,44,764,1
1996,3941,7,157,22,2373,1
1997,721,7,256,44,1661,1
1998,611,7,297,44,45,1
1999,1072,7,19,22,2186,1
2000,3441,7,19,57,1670,1
2001,611,7,258,36,252,1
2002,3728,7,468,23,2296,1
2003,399,7,272,17,30,1
2004,968,7,282,28,1609,1
2005,270,7,256,10,1299,1
2006,3359,7,469,23,2296,1
2007,2474,7,336,44,2373,1
2008,3703,7,485,40,442,1
2009,3001,7,344,28,764,1
2010,1585,7,272,15,173,1
2011,900,7,444,17,2096,1
2012,2760,7,469,44,800,1
2013,611,7,447,22,688,1
2014,611,7,328,22,688,1
2015,270,7,297,44,2157,1
2016,270,7,282,40,287,1
2017,1669,7,233,24,2248,1
2018,721,7,256,44,688,1
2019,3703,7,355,22,1535,1
2020,1669,7,259,24,2789,1
2021,1296,7,115,36,929,1
2022,1278,7,541,22,1822,1
2023,3518,7,259,32,2635,1
2024,400,7,570,23,1197,1
2025,2542,7,236,23,173,1
2026,786,7,12,64,101,1
2027,698,5,527,44,239,1
2028,3359,7,297,44,2671,1
2029,611,1,22,23,192,1
2030,1807,1,569,10,1254,1
2031,1321,1,157,56,1536,1
2032,3577,1,593,23,1314,1
2033,1872,1,135,23,575,1
2034,1872,1,355,22,2673,1
2035,1024,1,247,22,1536,1
2036,2407,3,329,23,1314,1
2037,2407,3,329,23,1314,1
2038,440,3,22,32,59,1
2039,2901,7,247,57,1795,1
2040,1872,2,541,44,171,1
2041,1830,7,447,23,1075,1
2042,1807,7,344,32,1314,1
2043,1807,7,297,36,774,1
2044,1296,7,115,36,2842,1
2045,1975,7,120,24,176,1
2046,721,7,328,22,1822,1
2047,441,7,247,44,1661,1
2048,1024,7,469,15,2195,1
2049,3993,7,282,32,1946,1
2050,2044,7,280,32,2208,1
2051,2203,7,13,32,1609,1
2052,1872,7,344,3,777,1
2053,2593,7,22,37,478,1
2054,271,7,272,45,1609,1
2055,1976,7,248,56,2374,1
2056,3993,7,428,17,287,1
2057,856,7,247,15,2793,1
2058,856,7,420,66,719,1
2059,207,7,469,17,929,1
2060,1052,7,120,32,1717,1
2061,1168,7,280,23,2228,1
2062,3292,7,247,15,2793,1
2063,1052,7,358,17,416,1
2064,1872,7,469,44,2789,1
2065,2953,7,55,34,1253,1
2066,3555,7,569,36,173,1
2067,2442,7,212,28,1300,1
2068,3418,1,428,22,1187,1
2069,3993,1,467,40,2106,1
2070,296,1,469,28,1154,1
2071,787,1,286,22,1154,1
2072,2443,1,157,22,1889,1
2073,1766,3,336,10,362,1
2074,1872,7,355,22,2575,1
2075,2055,7,328,22,1013,1
2076,2443,2,447,44,509,1
2077,296,2,297,44,2791,1
2078,787,2,258,14,173,1
2079,1321,7,541,10,688,1
2080,2741,7,336,44,1047,1
2081,2741,7,41,36,1987,1
2082,3993,7,469,15,188,1
2083,2513,7,336,22,1661,1
2084,3684,7,328,22,1822,1
2085,2593,7,435,23,173,1
2086,3577,7,355,36,2528,1
2087,3826,7,258,36,1904,1
2088,3418,7,469,22,286,1
2089,441,7,578,36,523,1
2090,3685,7,527,22,424,1
2091,3993,7,293,32,1253,1
2092,271,7,293,40,2515,1
2093,3492,7,336,44,45,1
2094,2593,7,96,3,2298,1
2095,2189,7,541,44,2368,1
2096,3878,7,564,22,1535,1
2097,2443,7,417,11,2789,1
2098,3393,7,355,52,2751,1
2099,271,7,355,52,45,1
2100,1766,7,19,39,1251,1
2101,2475,7,355,44,1535,1
2102,1872,7,469,23,2208,1
2103,81,7,247,22,688,1
2104,81,7,247,22,688,1
2105,3327,7,297,22,2141,1
2106,2513,7,444,31,1918,1
2107,1872,7,272,36,1112,1
2108,3327,7,157,44,2501,1
2109,1567,7,593,52,2842,1
2110,3108,7,236,44,2789,1
2111,2475,5,541,3,509,1
2112,2742,1,355,44,1661,1
2113,1322,1,256,22,1347,1
2114,2269,1,564,66,226,1
2115,2269,1,247,66,226,1
2116,272,3,172,33,1476,1
2117,3493,7,527,44,1822,1
2118,3493,2,19,22,2791,1
2119,4011,2,88,40,2187,1
2120,3080,7,297,44,2373,1
2121,1359,7,297,18,1661,1
2122,2044,7,328,31,1822,1
2123,1935,7,336,31,2373,1
2124,2408,7,468,44,2450,1
2125,1453,7,280,40,1440,1
2126,3442,7,468,23,1904,1
2127,3034,7,490,32,2440,1
2128,2298,7,578,44,2297,1
2129,763,7,157,44,2263,1
2130,1092,7,189,17,2195,1
2131,699,7,147,32,2440,1
2132,3493,7,212,34,119,1
2133,1359,7,280,23,2789,1
2134,2298,7,541,31,774,1
2135,1387,7,355,44,774,1
2136,272,7,527,22,1111,1
2137,2954,7,345,18,2861,1
2138,1211,7,469,28,576,1
2139,763,1,258,32,493,1
2140,354,1,3,36,1365,1
2141,354,1,355,22,171,1
2142,354,1,3,40,2375,1
2143,354,1,355,22,1332,1
2144,3034,1,157,44,890,1
2145,2269,7,336,44,2373,1
2146,4058,2,236,52,241,1
2147,2580,7,51,52,2392,1
2148,2955,7,578,17,734,1
2149,3729,7,256,66,2751,1
2150,3729,7,336,66,1338,1
2151,3729,7,212,66,2842,1
2152,2955,7,259,66,1333,1
2153,3035,7,272,31,119,1
2154,2298,7,272,31,119,1
2155,1387,7,272,17,778,1
2156,1387,7,13,64,255,1
2157,2857,7,248,22,1765,1
2158,676,7,447,44,2312,1
2159,1341,7,272,18,2120,1
2160,1359,7,469,10,188,1
2161,3058,7,61,36,1049,1
2162,4011,7,280,40,478,1
2163,4011,7,336,28,45,1
2164,4011,7,280,28,2842,1
2165,1092,7,258,31,2789,1
2166,2743,7,272,17,287,1
2167,2298,7,447,22,676,1
2168,3903,7,19,22,45,1
2169,1341,7,526,18,2843,1
2170,2161,7,469,28,442,1
2171,2298,7,167,37,117,1
2172,1235,7,355,22,2529,1
2173,3252,7,323,23,1253,1
2174,788,7,19,15,2263,1
2175,4012,7,272,44,204,1
2176,699,7,344,23,2208,1
2177,2807,1,299,22,1232,1
2178,2493,1,212,28,1088,1
2179,811,1,259,17,746,1
2180,3184,3,469,23,1314,1
2181,3314,3,530,32,2424,1
2182,3277,3,259,23,2714,1
2183,4013,7,256,44,2057,1
2184,4013,7,297,44,967,1
2185,4013,7,495,44,1778,1
2186,3143,7,355,22,832,1
2187,1651,7,527,22,2137,1
2188,1235,7,355,22,1765,1
2189,3790,7,297,44,2057,1
2190,1411,2,355,44,1766,1
2191,3252,7,527,44,2373,1
2192,2902,7,355,44,1353,1
2193,4011,7,272,66,1794,1
2194,2807,7,51,17,1816,1
2195,3144,7,297,31,887,1
2196,4011,7,469,50,2842,1
2197,3729,7,355,22,1683,1
2198,3519,7,309,23,177,1
2199,3519,7,280,23,2005,1
2200,2807,7,260,32,2005,1
2201,3519,7,272,23,1988,1
2202,3538,7,258,32,2516,1
2203,989,7,172,36,914,1
2204,4014,7,527,56,1353,1
2205,2091,7,279,44,2157,1
2206,118,7,309,23,2450,1
2207,3184,7,355,44,1822,1
2208,118,7,438,37,1782,1
2209,788,7,486,22,1782,1
2210,118,7,120,24,173,1
2211,990,7,256,22,774,1
2212,1977,7,527,44,1013,1
2213,1978,7,212,17,2789,1
2214,118,7,115,36,2246,1
2215,2880,7,272,28,2789,1
2216,4013,7,309,32,2208,1
2217,990,7,469,23,2105,1
2218,2880,7,272,18,734,1
2219,63,7,223,23,30,1
2220,2918,7,344,64,817,1
2221,3002,7,579,23,63,1
2222,1831,7,189,3,719,1
2223,3143,7,135,23,1049,1
2224,722,7,272,31,2818,1
2225,2091,7,297,22,1765,1
2226,4013,7,96,44,1765,1
2227,4013,7,564,44,1765,1
2228,3790,7,344,40,98,1
2229,4014,7,259,22,1684,1
2230,3974,7,51,64,2810,1
2231,990,7,345,17,242,1
2232,1212,1,469,66,1684,1
2233,2218,1,361,36,915,1
2234,273,5,256,44,2671,1
2235,3578,5,258,66,1348,1
2236,1188,7,527,44,1013,1
2237,1977,2,115,14,252,1
2238,991,2,527,22,1552,1
2239,1122,7,355,10,2368,1
2240,2918,7,469,28,1517,1
2241,1122,7,247,22,83,1
2242,2218,7,213,32,1218,1
2243,4013,7,12,41,2576,1
2244,3002,7,133,56,1504,1
2245,4013,7,555,37,2450,1
2246,4013,7,468,52,1421,1
2247,2382,7,161,36,1685,1
2248,2761,7,355,44,2368,1
2249,3519,7,297,44,1047,1
2250,3815,1,527,10,661,1
2251,3579,1,280,32,1314,1
2252,2744,1,286,66,1933,1
2253,1429,7,447,22,45,1
2254,2237,2,541,23,1822,1
2255,2237,2,61,23,173,1
2256,949,2,485,23,252,1
2257,1546,2,286,44,252,1
2258,1429,2,256,22,2373,1
2259,3293,2,259,28,651,1
2260,2362,2,280,14,2450,1
2261,3790,7,527,31,2263,1
2262,3790,7,120,37,1660,1
2263,1342,7,447,44,735,1
2264,3278,7,212,52,1517,1
2265,3278,7,3,36,227,1
2266,1687,7,336,10,1282,1
2267,2299,7,212,36,1609,1
2268,3059,7,223,40,252,1
2269,901,7,247,22,417,1
2270,3185,7,358,32,1660,1
2271,2610,7,337,17,2006,1
2272,1524,7,272,17,2601,1
2273,466,7,593,66,2655,1
2274,2362,7,469,44,2296,1
2275,2514,1,355,66,2715,1
2276,3081,1,447,39,2327,1
2277,1169,1,355,22,64,1
2278,63,6,256,36,407,1
2279,2901,3,185,36,1989,1
2280,25,5,468,23,1986,1
2281,3704,2,272,31,287,1
2282,466,2,259,24,173,1
2283,2610,2,345,36,255,1
2284,4015,2,337,10,1346,1
2285,3377,7,161,52,101,1
2286,1687,7,527,22,2671,1
2287,3394,7,527,44,1822,1
2288,2610,7,541,9,1408,1
2289,2744,7,344,32,777,1
2290,2837,7,280,23,1016,1
2291,3207,7,297,44,2157,1
2292,3443,7,161,17,457,1
2293,700,7,19,44,45,1
2294,1914,7,282,32,2296,1
2295,466,7,469,15,2578,1
2296,632,7,145,32,1731,1
2297,1170,7,344,64,1861,1
2298,3036,7,428,66,2842,1
2299,1261,7,342,40,1783,1
2300,1261,7,259,28,173,1
2301,25,7,213,28,1064,1
2302,1687,7,406,64,2451,1
2303,3879,7,428,52,1610,1
2304,3879,7,115,52,1439,1
2305,466,7,298,28,2752,1
2306,1896,7,495,44,45,1
2307,1429,7,564,44,2441,1
2308,3880,7,3,24,2328,1
2309,700,7,469,23,188,1
2310,901,7,447,22,1549,1
2311,2299,3,120,24,2702,1
2312,2299,7,355,22,524,1
2313,3579,7,115,36,2297,1
2314,1261,7,469,15,2789,1
2315,1261,7,469,3,1932,1
2316,1261,7,280,3,2789,1
2317,2362,7,51,23,443,1
2318,2237,7,272,23,1861,1
2319,25,7,447,44,2529,1
2320,3704,7,297,44,45,1
2321,466,6,336,66,1251,1
2322,990,4,469,52,1729,1
2323,1914,7,259,32,1946,1
2324,3961,1,526,23,1609,1
2325,2444,1,344,32,1339,1
2326,1688,1,297,58,31,1
2327,701,1,469,23,425,1
2328,2580,1,526,17,65,1
2329,3467,6,93,44,2766,1
2330,3961,5,355,23,171,1
2331,1467,5,303,58,385,1
2332,1688,7,247,44,1124,1
2333,527,7,355,22,2575,1
2334,1467,7,336,23,629,1
2335,1998,7,541,44,2058,1
2336,4082,7,490,29,2636,1
2337,3816,7,34,32,2440,1
2338,4016,7,286,29,1731,1
2339,297,7,337,22,1534,1
2340,1467,7,527,58,1822,1
2341,1388,7,447,56,779,1
2342,2543,7,336,10,2373,1
2343,1998,7,541,44,2057,1
2344,2092,7,469,10,1932,1
2345,297,1,303,18,1354,1
2346,297,1,298,58,1441,1
2347,297,1,145,58,1441,1
2348,1213,1,259,32,860,1
2349,442,1,355,22,2284,1
2350,3961,5,447,22,1862,1
2351,2762,1,447,44,154,1
2352,4016,5,277,39,1065,1
2353,4082,5,19,44,217,1
2354,3705,2,157,31,363,1
2355,1525,2,145,3,2620,1
2356,3360,2,361,29,844,1
2357,3816,2,468,3,442,1
2358,612,2,469,3,662,1
2359,3961,2,3,31,120,1
2360,3961,2,337,31,942,1
2361,2093,7,272,10,66,1
2362,527,7,96,44,1047,1
2363,2139,7,355,44,1047,1
2364,1998,7,258,29,1016,1
2365,1767,7,372,10,2561,1
2366,1745,7,469,17,243,1
2367,4082,7,280,17,576,1
2368,4082,7,272,44,734,1
2369,119,7,212,23,2297,1
2370,3378,7,451,10,2671,1
2371,3378,7,272,10,1129,1
2372,4016,7,337,31,2097,1
2373,1025,7,135,23,188,1
2374,764,7,527,58,2299,1
2375,527,7,223,37,1887,1
2376,569,7,256,29,2376,1
2377,442,7,236,45,173,1
2378,992,7,146,44,2373,1
2379,3816,7,570,10,442,1
2380,2139,7,280,32,442,1
2381,4082,7,212,23,929,1
2382,2139,7,280,23,2789,1
2383,2139,7,258,14,2310,1
2384,3904,7,355,10,84,1
2385,2322,7,28,29,719,1
2386,2139,7,280,40,188,1
2387,1388,7,490,29,2819,1
2388,1430,7,286,44,442,1
2389,1297,1,61,23,228,1
2390,42,1,541,44,1919,1
2391,2300,1,331,28,2372,1
2392,2881,1,277,22,931,1
2393,482,1,328,44,2284,1
2394,551,6,447,10,2792,1
2395,2445,6,272,23,778,1
2396,2445,6,570,23,85,1
2397,2021,5,212,58,798,1
2398,1490,5,485,32,13,1
2399,3539,5,355,44,2705,1
2400,416,5,307,32,1254,1
2401,1998,2,336,23,1251,1
2402,3279,2,51,58,1848,1
2403,3494,2,336,31,1765,1
2404,3494,2,212,29,2789,1
2405,467,2,464,39,1032,1
2406,1431,2,323,40,2440,1
2407,2676,7,344,32,591,1
2408,1171,7,527,29,1535,1
2409,163,7,189,52,1920,1
2410,1279,7,120,32,1946,1
2411,1123,7,344,23,1946,1
2412,4016,7,581,14,1861,1
2413,163,7,68,28,286,1
2414,1431,7,328,22,2117,1
2415,1431,7,3,40,2296,1
2416,3962,7,541,10,45,1
2417,416,7,435,64,929,1
2418,1123,7,336,22,1340,1
2419,3664,7,541,22,2137,1
2420,3664,7,469,44,2789,1
2421,2676,7,212,28,508,1
2422,1768,7,463,44,84,1
2423,1768,7,329,44,1609,1
2424,1213,7,336,17,1477,1
2425,1389,7,337,45,1138,1
2426,2676,7,328,44,2452,1
2427,2808,7,145,32,1744,1
2428,2162,7,527,44,2527,1
2429,1431,7,468,23,2208,1
2430,2445,7,428,17,2032,1
2431,416,7,259,64,2004,1
2432,3539,7,145,28,2208,1
2433,467,7,337,10,2862,1
2434,3395,7,469,10,1577,1
2435,1936,7,355,3,721,1
2436,163,7,115,64,494,1
2437,3444,1,230,40,1563,1
2438,789,1,236,17,1113,1
2439,416,1,282,23,1112,1
2440,3539,1,136,32,1671,1
2441,3539,1,137,34,1314,1
2442,1568,1,355,22,2716,1
2443,141,7,212,28,442,1
2444,1172,5,297,31,1198,1
2445,2446,5,447,44,2621,1
2446,1279,5,578,31,891,1
2447,1279,5,570,18,2676,1
2448,1568,5,297,39,1233,1
2449,2763,5,355,22,172,1
2450,3664,5,286,23,2283,1
2451,970,5,331,17,2372,1
2452,229,7,355,44,774,1
2453,416,7,564,44,2064,1
2454,3082,2,13,40,872,1
2455,1431,2,337,10,1299,1
2456,482,2,527,50,2671,1
2457,482,2,135,22,98,1
2458,229,2,572,24,205,1
2459,1808,2,469,15,188,1
2460,1389,5,361,17,929,1
2461,1171,7,258,64,2562,1
2462,142,7,527,39,2501,1
2463,142,7,527,39,2141,1
2464,3186,7,256,39,1013,1
2465,1171,7,288,17,1821,1
2466,467,7,447,44,1672,1
2467,2021,7,355,23,774,1
2468,2969,7,592,32,1064,1
2469,857,7,258,29,347,1
2470,483,7,336,17,2602,1
2471,416,7,280,44,2313,1
2472,1123,7,473,32,1017,1
2473,3664,7,469,23,2450,1
2474,1936,7,51,29,1609,1
2475,3082,7,530,64,2440,1
2476,3294,7,447,58,2575,1
2477,2162,7,212,32,442,1
2478,812,7,331,32,1586,1
2479,2515,7,468,10,1986,1
2480,789,7,344,17,442,1
2481,551,7,157,22,1859,1
2482,2476,7,212,58,252,1
2483,1123,7,355,22,1661,1
2484,163,7,259,32,1904,1
2485,2163,7,526,52,764,1
2486,2476,7,212,40,1782,1
2487,43,7,556,64,1283,1
2488,467,7,428,23,2491,1
2489,467,7,527,31,1587,1
2490,2676,7,223,37,1725,1
2491,1725,1,212,32,216,1
2492,677,1,228,32,1537,1
2493,3639,1,256,22,64,1
2494,830,1,297,44,171,1
2495,1526,1,466,60,943,1
2496,2300,1,247,29,1767,1
2497,830,1,115,23,1254,1
2498,2564,1,468,44,2603,1
2499,247,6,526,17,2734,1
2500,247,6,68,17,2336,1
2501,2632,5,336,44,444,1
2502,3396,5,469,58,252,1
2503,3396,5,286,52,2283,1
2504,1093,5,62,39,1671,1
2505,401,5,355,58,2517,1
2506,875,5,328,29,31,1
2507,875,5,527,58,606,1
2508,1454,5,355,22,458,1
2509,1897,2,259,23,2702,1
2510,2633,2,61,10,2246,1
2511,1569,2,189,18,2393,1
2512,467,7,212,45,98,1
2513,467,7,342,40,1987,1
2514,970,7,569,3,2635,1
2515,1604,7,447,10,887,1
2516,2422,7,115,64,177,1
2517,298,7,297,44,1859,1
2518,3621,7,355,23,1066,1
2519,3640,7,212,17,252,1
2520,1214,7,258,23,1279,1
2521,3639,7,146,44,762,1
2522,813,7,428,52,340,1
2523,613,7,309,32,173,1
2524,2422,7,564,22,2057,1
2525,44,7,541,44,1661,1
2526,613,7,303,40,861,1
2527,3037,7,469,17,102,1
2528,44,7,212,40,1768,1
2529,2422,7,407,64,445,1
2530,2422,7,328,10,172,1
2531,1725,7,541,58,2158,1
2532,44,7,259,32,2449,1
2533,2422,7,259,45,1391,1
2534,2939,7,336,44,892,1
2535,2270,7,593,18,929,1
2536,2270,7,329,3,2514,1
2537,3445,7,259,32,2296,1
2538,3396,7,297,22,1822,1
2539,875,7,272,10,1934,1
2540,1725,7,355,28,2501,1
2541,1412,7,355,44,1877,1
2542,1769,7,28,58,1155,1
2543,677,7,570,52,1948,1
2544,3743,1,297,29,2604,1
2545,1173,1,480,32,1933,1
2546,3556,1,428,29,1441,1
2547,229,1,355,10,64,1
2548,1298,1,355,44,1766,1
2549,1236,1,428,29,525,1
2550,2301,5,328,44,1534,1
2551,2716,5,527,44,509,1
2552,589,7,280,31,119,1
2553,1237,2,236,18,10,1
2554,1236,2,272,3,2329,1
2555,1897,2,259,37,1033,1
2556,1298,7,297,22,1765,1
2557,1298,7,297,56,1765,1
2558,1454,7,355,58,2080,1
2559,3037,7,62,64,2590,1
2560,2422,7,115,18,677,1
2561,298,7,280,3,287,1
2562,2693,7,233,32,2229,1
2563,3060,7,541,22,2501,1
2564,3639,7,285,15,324,1
2565,2270,7,331,58,2789,1
2566,44,7,297,44,1534,1
2567,613,7,3,23,1049,1
2568,813,7,307,32,255,1
2569,875,7,339,22,2450,1
2570,613,7,541,31,2247,1
2571,3280,7,469,23,1744,1
2572,1189,7,358,23,442,1
2573,1215,7,355,44,1765,1
2574,3743,7,272,3,2296,1
2575,3520,7,469,23,2208,1
2576,875,7,578,23,1863,1
2577,2422,7,212,14,252,1
2578,1214,7,3,44,119,1
2579,2422,7,336,44,256,1
2580,1215,7,564,44,2058,1
2581,3858,7,469,44,929,1
2582,1873,7,19,58,2136,1
2583,813,7,527,22,2706,1
2584,613,7,337,22,2368,1
2585,3858,7,135,52,2394,1
2586,248,7,39,32,2636,1
2587,1689,7,67,23,2842,1
2588,1093,3,259,31,2620,1
2589,3556,7,212,29,2620,1
2590,3556,7,417,64,2735,1
2591,1689,7,355,57,2561,1
2592,2160,7,469,31,1609,1
2593,164,7,344,64,815,1
2594,3419,1,256,22,2795,1
2595,3963,1,336,44,171,1
2596,3743,1,35,32,1366,1
2597,299,1,328,44,1076,1
2598,3540,1,247,22,2492,1
2599,299,1,336,10,1355,1
2600,2970,1,297,10,206,1
2601,2809,1,526,40,386,1
2602,41,5,297,22,1188,1
2603,299,5,593,31,1034,1
2604,298,5,332,22,1089,1
2605,3963,5,247,10,962,1
2606,678,5,51,23,252,1
2607,1979,5,21,31,747,1
2608,2160,7,526,17,2545,1
2609,2160,7,336,10,2579,1
2610,2160,7,527,29,1065,1
2611,3419,7,570,28,257,1
2612,2903,2,280,24,1609,1
2613,3445,2,473,32,2451,1
2614,2073,2,258,58,258,1
2615,3706,2,272,44,2717,1
2616,679,2,57,64,1610,1
2617,3706,2,212,23,98,1
2618,298,7,506,23,2736,1
2619,79,7,297,22,45,1
2620,3859,7,570,44,2789,1
2621,2094,7,297,44,629,1
2622,2160,7,297,10,932,1
2623,41,7,355,44,1067,1
2624,1725,7,355,44,2065,1
2625,3706,7,527,44,1265,1
2626,3706,7,145,17,2657,1
2627,41,7,256,44,1962,1
2628,41,7,527,44,889,1
2629,1455,7,490,32,2440,1
2630,3963,7,272,29,2450,1
2631,3037,7,363,23,1189,1
2632,2094,7,120,29,1609,1
2633,3580,7,303,23,2450,1
2634,1689,7,469,31,1049,1
2635,876,7,256,44,2373,1
2636,41,7,256,9,1670,1
2637,1094,7,355,15,1578,1
2638,3706,7,212,24,188,1
2639,2337,7,468,44,442,1
2640,274,7,336,44,2368,1
2641,1952,7,541,22,2575,1
2642,971,7,297,44,1535,1
2643,971,7,96,44,1535,1
2644,2422,7,447,15,2737,1
2645,1147,7,336,44,2377,1
2646,1413,1,280,22,1314,1
2647,1632,1,355,44,2778,1
2648,3315,1,145,40,1441,1
2649,3315,1,355,22,171,1
2650,2940,1,256,44,2284,1
2651,1174,5,355,22,1534,1
2652,2073,5,42,22,1949,1
2653,1174,5,447,22,1262,1
2654,678,5,527,29,2169,1
2655,993,5,297,33,932,1
2656,165,5,96,22,1534,1
2657,3963,7,297,22,2406,1
2658,2094,7,336,44,2373,1
2659,858,2,485,31,188,1
2660,2248,2,570,29,1904,1
2661,994,2,212,17,286,1
2662,41,7,336,44,1564,1
2663,1455,7,468,44,2208,1
2664,2809,7,420,17,1946,1
2665,1171,7,336,9,2561,1
2666,1689,7,569,23,495,1
2667,41,7,541,22,496,1
2668,274,7,336,44,2107,1
2669,1455,7,337,44,819,1
2670,3495,7,336,18,479,1
2671,1171,7,96,10,2373,1
2672,2248,7,3,44,1861,1
2673,41,7,223,64,1990,1
2674,2970,7,355,44,2377,1
2675,2073,7,115,17,1932,1
2676,3557,7,490,29,1910,1
2677,2094,7,328,50,2373,1
2678,3706,7,212,22,173,1
2679,2939,7,344,52,2285,1
2680,41,7,272,58,944,1
2681,41,7,527,22,774,1
2682,2094,7,469,23,2450,1
2683,2248,7,68,17,1609,1
2684,2248,7,455,23,1609,1
2685,2248,7,259,64,218,1
2686,165,7,145,52,929,1
2687,1952,7,189,29,2789,1
2688,41,7,161,32,537,1
2689,971,7,336,10,1534,1
2690,3495,7,185,18,2546,1
2691,2809,1,447,44,1198,1
2692,859,1,297,44,1747,1
2693,2745,1,447,22,2580,1
2694,376,1,336,22,2048,1
2695,484,5,157,22,1620,1
2696,484,5,96,22,2136,1
2697,859,1,328,22,1620,1
2698,3558,1,298,23,525,1
2699,3920,5,355,18,661,1
2700,3061,5,355,44,748,1
2701,3706,5,297,23,2230,1
2702,3744,5,527,23,2188,1
2703,1216,5,593,9,252,1
2704,230,5,212,14,1234,1
2705,1785,5,280,52,497,1
2706,1785,5,3,32,252,1
2707,417,7,336,44,154,1
2708,813,2,569,18,1904,1
2709,505,2,258,28,98,1
2710,3744,2,445,44,2575,1
2711,505,2,303,23,188,1
2712,3061,2,90,64,373,1
2713,1853,2,280,34,1579,1
2714,2094,7,249,32,1609,1
2715,1570,7,570,15,1016,1
2716,902,7,541,44,2373,1
2717,3920,7,298,52,2718,1
2718,1689,7,428,17,374,1
2719,3963,7,328,9,1013,1
2720,790,7,297,44,774,1
2721,1915,7,274,37,627,1
2722,3920,7,212,52,801,1
2723,1809,7,345,64,2789,1
2724,1916,7,468,23,2752,1
2725,3061,7,212,32,619,1
2726,877,7,355,58,2247,1
2727,3420,7,297,25,1352,1
2728,3920,7,157,9,889,1
2729,3158,7,297,44,774,1
2730,3158,7,495,44,2247,1
2731,3920,7,344,58,817,1
2732,877,7,447,15,1408,1
2733,877,7,189,52,1279,1
2734,877,7,578,28,177,1
2735,3920,7,463,22,2247,1
2736,41,7,258,17,802,1
2737,484,7,527,44,774,1
2738,3745,7,247,22,2671,1
2739,3744,7,212,29,2249,1
2740,3744,7,309,64,304,1
2741,2745,7,421,17,1861,1
2742,1853,7,428,52,1421,1
2743,484,7,145,52,1610,1
2744,1216,1,157,22,1796,1
2745,1216,1,469,31,1784,1
2746,485,1,564,44,2622,1
2747,3232,1,336,44,1198,1
2748,26,5,581,29,2453,1
2749,1915,5,189,28,2734,1
2750,1916,5,447,22,14,1
2751,1916,5,87,22,2023,1
2752,1504,5,328,22,1251,1
2753,528,5,303,29,2,1
2754,902,5,495,44,387,1
2755,3158,5,336,22,2658,1
2756,2611,7,336,44,2575,1
2757,950,7,337,22,2406,1
2758,1216,7,297,44,1765,1
2759,45,2,308,45,2620,1
2760,1504,2,189,22,252,1
2761,1189,2,145,28,2855,1
2762,1785,2,189,44,2208,1
2763,3233,7,212,23,1279,1
2764,2717,7,342,64,538,1
2765,3920,7,344,37,2227,1
2766,3158,7,212,32,1609,1
2767,877,7,447,9,2157,1
2768,1148,7,569,58,650,1
2769,1504,7,258,64,719,1
2770,3745,7,93,52,2842,1
2771,552,7,297,44,774,1
2772,3920,7,564,44,1588,1
2773,1915,7,355,44,1013,1
2774,3158,7,328,56,2373,1
2775,2611,7,573,32,1769,1
2776,877,7,93,28,1168,1
2777,3420,7,313,23,340,1
2778,3420,7,336,23,2024,1
2779,743,7,593,44,929,1
2780,484,7,527,31,1765,1
2781,3361,7,355,28,2751,1
2782,3233,7,256,22,45,1
2783,3158,7,297,22,2247,1
2784,143,7,120,32,98,1
2785,505,7,258,58,1018,1
2786,3420,7,146,44,45,1
2787,1343,1,280,32,2231,1
2788,1190,1,162,52,2286,1
2789,590,1,336,44,1392,1
2790,590,1,541,44,2791,1
2791,2904,1,297,22,1090,1
2792,1898,5,527,22,1262,1
2793,2611,5,256,10,539,1
2794,972,1,355,44,661,1
2795,1323,5,258,17,1864,1
2796,2323,5,530,64,1673,1
2797,1726,5,19,22,916,1
2798,1726,5,355,22,873,1
2799,972,5,297,22,1392,1
2800,2810,2,331,23,1904,1
2801,2164,2,51,24,1130,1
2802,2810,2,259,44,188,1
2803,2810,7,468,44,364,1
2804,2904,7,223,37,340,1
2805,486,7,336,23,630,1
2806,2164,7,428,23,2266,1
2807,2904,7,541,58,459,1
2808,2904,7,336,10,2373,1
2809,2056,7,300,32,2842,1
2810,1898,7,272,44,526,1
2811,3362,7,146,22,1077,1
2812,860,7,297,44,2058,1
2813,860,7,336,10,1661,1
2814,972,7,236,23,862,1
2815,972,7,309,58,2545,1
2816,186,7,447,22,2575,1
2817,186,7,297,67,1797,1
2818,3730,7,469,10,1062,1
2819,1899,1,298,32,844,1
2820,3581,1,259,29,2464,1
2821,3581,1,259,29,2464,1
2822,2810,1,428,58,174,1
2823,1323,1,469,44,1139,1
2824,972,3,469,29,361,1
2825,2660,5,146,22,1732,1
2826,1073,5,564,22,2232,1
2827,3730,5,355,49,1686,1
2828,3730,5,337,44,2300,1
2829,2810,5,212,32,174,1
2830,3603,5,530,32,2314,1
2831,377,7,541,31,154,1
2832,1898,7,336,44,509,1
2833,3603,7,541,10,1765,1
2834,1605,7,51,44,442,1
2835,831,7,541,10,2395,1
2836,2164,7,336,44,67,1
2837,1323,7,569,31,2752,1
2838,1605,7,258,32,442,1
2839,860,7,336,23,1643,1
2840,2271,7,428,28,478,1
2841,2271,7,297,44,887,1
2842,972,7,336,22,154,1
2843,3975,7,355,31,1338,1
2844,1726,7,212,52,2842,1
2845,3083,7,355,56,2671,1
2846,3964,7,428,17,719,1
2847,2904,7,469,15,1300,1
2848,2904,7,337,44,288,1
2849,98,7,51,23,2789,1
2850,3730,7,272,10,929,1
2851,3730,7,336,10,45,1
2852,2764,7,469,3,2789,1
2853,3975,7,248,56,1765,1
2854,377,7,569,10,2530,1
2855,98,7,272,14,1457,1
2856,3581,7,345,17,150,1
2857,231,7,428,10,1946,1
2858,2095,7,298,28,2296,1
2859,1953,1,280,17,1935,1
2860,2219,6,469,17,119,1
2861,2219,5,495,22,1963,1
2862,2219,5,297,22,1235,1
2863,3038,5,355,58,509,1
2864,1190,5,258,31,1731,1
2865,1854,5,286,28,1988,1
2866,4039,5,468,44,252,1
2867,591,5,259,24,1154,1
2868,591,5,12,11,244,1
2869,4040,5,541,10,577,1
2870,3039,5,157,22,2767,1
2871,1652,7,336,10,1251,1
2872,591,7,297,9,1013,1
2873,1898,2,564,22,2793,1
2874,3039,2,527,22,2793,1
2875,402,2,120,23,1492,1
2876,1670,7,309,24,2121,1
2877,82,7,578,14,15,1
2878,2765,7,526,64,2056,1
2879,591,7,428,52,30,1
2880,249,7,280,10,442,1
2881,4040,7,469,44,2789,1
2882,2919,7,336,44,459,1
2883,2544,7,146,44,2671,1
2884,3860,7,249,58,1932,1
2885,355,7,272,31,478,1
2886,1670,7,355,44,2793,1
2887,591,7,447,29,2066,1
2888,2057,7,355,10,2247,1
2889,4041,7,115,17,1078,1
2890,903,7,570,52,1333,1
2891,486,7,259,40,150,1
2892,1237,5,355,9,2263,1
2893,416,1,258,31,2475,1
2894,2919,1,380,10,708,1
2895,1953,1,570,29,1356,1
2896,2919,6,256,29,1525,1
2897,3582,5,336,33,2007,1
2898,1652,5,256,22,1392,1
2899,3860,5,12,39,818,1
2900,3496,5,219,44,1296,1
2901,332,5,259,45,1526,1
2902,1953,5,258,29,1986,1
2903,3038,5,288,58,174,1
2904,3038,5,337,10,1631,1
2905,3038,7,355,22,1565,1
2906,332,2,336,44,1251,1
2907,332,2,336,44,1846,1
2908,1414,2,3,32,188,1
2909,332,2,570,23,286,1
2910,2057,2,468,17,188,1
2911,2544,2,236,17,2531,1
2912,4041,2,578,23,1725,1
2913,3039,2,527,22,2575,1
2914,2219,2,258,29,2677,1
2915,2634,2,258,17,1391,1
2916,4083,7,555,40,2842,1
2917,2919,7,259,32,1079,1
2918,2363,7,221,10,2287,1
2919,1670,7,298,32,2122,1
2920,2694,7,428,28,252,1
2921,2765,7,336,9,2377,1
2922,3062,7,258,17,874,1
2923,2545,7,337,17,1687,1
2924,1414,7,468,10,1674,1
2925,332,7,96,22,1822,1
2926,355,7,336,23,774,1
2927,2956,7,297,44,1535,1
2928,1670,7,115,18,1441,1
2929,2956,7,469,18,695,1
2930,1527,7,355,31,1047,1
2931,591,7,189,31,2735,1
2932,591,7,68,58,252,1
2933,1652,7,469,44,1441,1
2934,591,7,468,23,652,1
2935,3038,7,259,31,119,1
2936,1854,7,3,24,2032,1
2937,591,7,286,18,1478,1
2938,249,7,249,23,1861,1
2939,3817,7,167,32,2449,1
2940,4041,7,280,23,2208,1
2941,2919,7,256,22,524,1
2942,3817,7,336,56,524,1
2943,2956,7,564,22,1342,1
2944,402,7,570,23,749,1
2945,3040,7,344,64,1986,1
2946,3062,1,447,44,2678,1
2947,1854,1,256,22,171,1
2948,3827,1,3,23,1314,1
2949,3827,1,51,23,1314,1
2950,2838,1,303,23,933,1
2951,3421,1,280,34,736,1
2952,82,1,228,23,736,1
2953,82,1,309,28,798,1
2954,4084,1,272,28,2170,1
2955,4084,1,468,23,1314,1
2956,3187,1,228,29,2514,1
2957,3159,6,355,22,2267,1
2958,3159,6,355,22,1262,1
2959,312,6,277,22,2605,1
2960,1571,6,527,44,863,1
2961,1571,6,447,44,661,1
2962,2190,6,355,31,272,1
2963,3665,5,212,17,2208,1
2964,2545,7,355,44,1565,1
2965,4041,2,236,32,2844,1
2966,3421,2,189,45,173,1
2967,506,2,61,29,286,1
2968,506,2,328,50,1534,1
2969,3827,2,51,23,508,1
2970,1414,7,337,23,498,1
2971,1770,7,468,17,929,1
2972,3766,7,541,22,45,1
2973,4083,7,256,22,2622,1
2974,3160,7,157,56,2527,1
2975,82,7,495,10,2141,1
2976,3295,7,578,17,1782,1
2977,3641,7,430,22,1770,1
2978,3187,7,578,52,1381,1
2979,3253,7,115,32,815,1
2980,3208,7,256,50,154,1
2981,3208,7,355,50,86,1
2982,3208,7,447,50,86,1
2983,2272,7,572,28,1493,1
2984,2409,7,68,17,1948,1
2985,313,7,256,10,1013,1
2986,592,7,297,44,1765,1
2987,3254,7,120,24,1140,1
2988,2882,7,62,24,914,1
2989,2409,7,355,44,154,1
2990,1149,7,355,44,154,1
2991,378,7,355,44,2117,1
2992,3062,2,223,40,1688,1
2993,1149,7,527,22,1795,1
2994,312,1,527,22,1199,1
2995,3254,1,538,44,1198,1
2996,2249,1,361,32,638,1
2997,2811,1,272,23,736,1
2998,3296,1,223,23,709,1
2999,4084,1,447,22,1849,1
3000,3828,1,272,44,871,1
3001,3208,1,527,57,2719,1
3002,1149,6,269,22,661,1
3003,1149,6,527,22,1087,1
3004,378,6,299,33,1689,1
3005,378,6,299,33,2081,1
3006,2409,6,228,34,803,1
3007,971,6,347,17,1314,1
3008,971,6,277,10,2330,1
3009,971,6,467,52,1707,1
3010,3828,5,69,23,1091,1
3011,3253,5,581,22,2142,1
3012,3253,5,135,32,1864,1
3013,3731,5,355,3,2738,1
3014,3731,5,336,14,1409,1
3015,3208,1,256,56,1798,1
3016,300,7,336,44,2058,1
3017,4084,2,547,32,2189,1
3018,4084,2,259,29,1494,1
3019,3295,2,135,23,2855,1
3020,3446,2,337,23,375,1
3021,1149,7,344,28,173,1
3022,1980,7,145,32,2296,1
3023,3447,7,272,23,1748,1
3024,2546,7,272,29,742,1
3025,2272,7,189,52,652,1
3026,2272,7,39,32,710,1
3027,506,7,527,44,121,1
3028,1149,7,336,22,2373,1
3029,313,7,96,28,2247,1
3030,3296,7,280,44,117,1
3031,3295,7,280,29,2752,1
3032,2190,7,428,10,255,1
3033,3208,7,259,40,1441,1
3034,2190,7,541,10,2008,1
3035,2190,7,468,52,1016,1
3036,2272,7,527,44,2579,1
3037,3447,7,564,29,1013,1
3038,1937,7,331,29,999,1
3039,1980,7,39,32,1516,1
3040,1980,7,249,56,2296,1
3041,3604,7,223,17,2635,1
3042,1372,1,447,44,774,1
3043,3084,7,336,10,45,1
3044,378,1,527,44,171,1
3045,529,1,115,32,525,1
3046,3209,1,527,22,917,1
3047,3791,7,297,56,1442,1
3048,1786,2,569,44,929,1
3049,314,2,212,18,1946,1
3050,3145,2,344,32,722,1
3051,2177,2,223,28,1863,1
3052,2177,2,469,15,314,1
3053,2177,2,428,15,2105,1
3054,2177,2,344,28,286,1
3055,2782,2,285,24,815,1
3056,2119,2,303,28,1890,1
3057,614,7,55,23,101,1
3058,2272,7,248,31,1422,1
3059,3605,7,3,41,2530,1
3060,3210,7,447,22,1101,1
3061,187,7,272,18,1000,1
3062,2190,7,541,44,1013,1
3063,2839,7,578,17,1266,1
3064,3976,7,256,44,2352,1
3065,3994,7,328,58,2529,1
3066,744,7,145,29,2842,1
3067,2074,7,355,10,2606,1
3068,1690,7,495,10,45,1
3069,187,7,358,32,1441,1
3070,2839,7,428,17,746,1
3071,356,7,495,10,154,1
3072,1954,7,260,28,2195,1
3073,3085,7,358,24,1333,1
3074,1855,4,469,31,2779,1
3075,1432,5,248,9,592,1
3076,1433,1,212,23,1314,1
3077,1433,1,258,24,2591,1
3078,3085,1,247,31,1891,1
3079,1026,1,19,44,678,1
3080,4085,4,579,64,241,1
3081,2695,2,259,45,252,1
3082,904,2,272,18,348,1
3083,2839,7,526,32,1948,1
3084,3145,7,439,64,576,1
3085,1571,7,336,44,1232,1
3086,187,7,259,17,746,1
3087,2839,7,527,58,968,1
3088,2074,7,120,28,1478,1
3089,187,7,336,44,804,1
3090,2119,7,161,58,2637,1
3091,2119,7,381,58,679,1
3092,2839,7,19,22,1232,1
3093,2074,7,355,22,1232,1
3094,3210,7,297,44,630,1
3095,2839,7,428,31,746,1
3096,356,7,297,29,1232,1
3097,187,7,39,32,1301,1
3098,83,7,428,23,2789,1
3099,615,7,297,50,1765,1
3100,2783,7,447,50,1013,1
3101,3209,7,355,22,45,1
3102,2302,7,146,56,1013,1
3103,529,7,527,44,1051,1
3104,2782,7,3,58,1279,1
3105,2782,5,570,44,193,1
3106,2119,7,236,29,1341,1
3107,3145,7,526,29,1810,1
3108,861,1,482,32,2248,1
3109,2696,1,336,44,32,1
3110,3328,1,282,40,216,1
3111,2410,1,337,9,171,1
3112,3397,6,527,15,1823,1
3113,1810,5,256,22,1332,1
3114,1810,5,157,22,2791,1
3115,1528,5,447,22,2705,1
3116,3254,6,57,28,2638,1
3117,3254,6,387,23,365,1
3118,2410,2,578,31,2337,1
3119,3559,2,361,52,1566,1
3120,3976,7,541,17,1367,1
3121,2971,7,485,23,1861,1
3122,1324,7,212,40,442,1
3123,2447,7,473,17,2576,1
3124,3397,7,297,33,349,1
3125,3397,7,286,22,746,1
3126,3468,7,541,44,524,1
3127,144,7,247,22,2157,1
3128,1053,7,297,22,1267,1
3129,2839,7,298,32,1904,1
3130,1095,7,469,23,9,1
3131,3541,7,256,10,2476,1
3132,4059,1,337,22,1198,1
3133,1053,1,355,22,1198,1
3134,4060,1,570,23,426,1
3135,862,1,256,44,1198,1
3136,3349,1,274,40,2170,1
3137,3349,1,145,22,2372,1
3138,1727,1,469,23,2372,1
3139,1810,6,277,10,2230,1
3140,1810,6,527,10,661,1
3141,3397,5,303,40,13,1
3142,1324,5,297,22,2720,1
3143,2840,2,358,29,1904,1
3144,1810,7,573,28,818,1
3145,973,7,298,32,1079,1
3146,917,7,258,23,442,1
3147,3686,7,342,32,2440,1
3148,208,7,286,44,255,1
3149,2410,7,256,22,786,1
3150,3731,7,541,44,2575,1
3151,1324,7,115,40,2789,1
3152,973,7,272,23,188,1
3153,1955,7,297,49,1535,1
3154,4059,7,469,52,2842,1
3155,1955,7,120,23,252,1
3156,1095,7,303,52,2034,1
3157,832,7,51,17,2250,1
3158,973,7,96,44,2575,1
3159,765,7,277,10,2529,1
3160,3015,7,256,44,2171,1
3161,3015,7,115,23,188,1
3162,917,7,236,37,2789,1
3163,2883,7,115,24,1381,1
3164,3015,7,258,29,2578,1
3165,3015,7,570,29,1441,1
3166,3349,7,495,23,774,1
3167,3349,7,336,23,774,1
3168,3349,7,259,32,442,1
3169,917,7,272,17,2620,1
3170,917,7,272,17,1423,1
3171,1096,2,280,10,442,1
3172,315,1,336,15,171,1
3173,833,1,3,23,2372,1
3174,3086,1,297,22,1264,1
3175,2056,6,223,52,2607,1
3176,2883,6,261,32,1458,1
3177,3521,5,157,44,1332,1
3178,1097,5,96,18,661,1
3179,3398,5,585,44,2330,1
3180,3881,5,280,44,1254,1
3181,974,5,468,44,2514,1
3182,974,5,286,44,2514,1
3183,3542,5,429,22,289,1
3184,2303,5,495,22,661,1
3185,2303,5,96,22,2159,1
3186,3297,5,189,23,2139,1
3187,1097,7,355,44,524,1
3188,208,7,355,44,765,1
3189,3521,7,256,44,524,1
3190,3521,7,297,44,1299,1
3191,2448,7,355,23,2622,1
3192,3707,4,355,44,723,1
3193,3521,2,146,22,427,1
3194,1360,2,570,17,929,1
3195,1704,2,280,17,242,1
3196,3297,2,62,23,2739,1
3197,3063,2,61,24,2297,1
3198,680,7,280,23,1946,1
3199,1810,7,256,22,1534,1
3200,2338,7,565,40,540,1
3201,3349,7,19,22,688,1
3202,3542,7,527,44,1232,1
3203,1053,7,527,56,875,1
3204,3399,7,435,23,9,1
3205,3881,7,556,60,2636,1
3206,2957,7,444,58,2608,1
3207,2448,7,328,44,1232,1
3208,1097,7,115,32,2717,1
3209,1191,7,55,23,537,1
3210,3521,7,469,44,746,1
3211,3521,7,280,29,746,1
3212,2677,7,328,10,2166,1
3213,46,7,541,44,2263,1
3214,995,7,428,23,2251,1
3215,3707,7,297,22,2373,1
3216,1360,7,564,57,84,1
3217,1238,7,337,31,45,1
3218,2972,7,247,56,1013,1
3219,3542,7,256,22,137,1
3220,3542,7,19,22,1479,1
3221,1124,7,471,64,1783,1
3222,1746,7,355,23,2671,1
3223,4059,7,259,29,1932,1
3224,3041,7,3,64,13,1
3225,3642,7,259,32,722,1
3226,765,7,428,24,442,1
3227,1704,1,336,22,2716,1
3228,3422,1,145,23,188,1
3229,2841,1,297,57,2623,1
3230,3298,1,297,57,2716,1
3231,2957,1,90,32,1410,1
3232,3422,6,282,40,2768,1
3233,3881,5,259,45,2372,1
3234,680,5,272,18,607,1
3235,1704,5,527,44,2679,1
3236,333,5,569,23,1314,1
3237,333,5,336,29,2196,1
3238,3881,2,344,44,1946,1
3239,2165,2,345,64,2425,1
3240,680,2,282,17,2233,1
3241,1124,2,530,29,1950,1
3242,3642,7,344,23,2208,1
3243,1027,7,527,56,2575,1
3244,1811,7,355,57,1661,1
3245,2841,7,212,32,2752,1
3246,3542,7,189,23,2036,1
3247,614,7,135,23,929,1
3248,2165,7,570,17,1861,1
3249,2165,7,469,23,1609,1
3250,1097,7,336,22,541,1
3251,275,7,236,29,1731,1
3252,3063,7,96,44,2575,1
3253,3298,7,63,29,1861,1
3254,1280,7,286,17,63,1
3255,3881,7,259,45,2789,1
3256,995,7,303,52,1861,1
3257,46,7,51,17,1861,1
3258,3398,7,469,10,815,1
3259,3521,7,527,44,1822,1
3260,3521,7,527,44,1535,1
3261,1811,1,355,10,1013,1
3262,791,1,212,23,2694,1
3263,3921,1,272,57,724,1
3264,3829,1,592,23,943,1
3265,276,1,527,44,932,1
3266,4017,1,323,33,2378,1
3267,2220,1,468,44,2404,1
3268,3124,1,530,29,1052,1
3269,1027,6,355,33,1411,1
3270,1572,6,569,23,13,1
3271,1572,6,578,28,252,1
3272,2204,6,351,40,1254,1
3273,2766,5,146,58,2159,1
3274,2204,5,355,50,2609,1
3275,2884,7,336,22,774,1
3276,2364,7,355,56,2575,1
3277,1704,2,435,23,993,1
3278,1832,2,355,22,2157,1
3279,3448,2,447,15,363,1
3280,2022,2,344,37,286,1
3281,1027,7,468,10,746,1
3282,1027,7,368,31,746,1
3283,1027,7,406,32,733,1
3284,3400,7,428,58,874,1
3285,2273,7,274,64,2098,1
3286,3792,7,309,32,188,1
3287,2766,7,259,23,2036,1
3288,2274,7,280,23,1988,1
3289,1606,7,256,44,12,1
3290,2273,7,428,18,1948,1
3291,3792,7,258,17,2407,1
3292,2204,7,355,52,1822,1
3293,2204,7,344,64,1609,1
3294,2204,1,377,24,350,1
3295,3042,1,258,23,252,1
3296,1586,1,71,64,818,1
3297,996,1,345,32,2845,1
3298,443,1,447,44,460,1
3299,834,1,329,18,287,1
3300,1586,1,303,22,575,1
3301,2364,6,207,29,593,1
3302,3016,6,344,37,1733,1
3303,3708,5,527,44,194,1
3304,2449,5,96,50,171,1
3305,2191,5,581,23,1599,1
3306,2766,3,336,23,1001,1
3307,2635,2,259,14,1864,1
3308,2516,2,593,52,576,1
3309,3017,7,258,31,388,1
3310,3708,7,272,10,705,1
3311,2884,7,280,23,2208,1
3312,1572,7,259,52,340,1
3313,3792,7,469,44,188,1
3314,3448,7,344,32,361,1
3315,2494,7,133,44,103,1
3316,2274,7,376,17,2172,1
3317,1586,7,355,44,2529,1
3318,1832,7,280,58,817,1
3319,2273,7,115,32,2450,1
3320,996,7,336,44,1299,1
3321,3792,7,280,23,493,1
3322,2517,7,469,52,2620,1
3323,209,2,541,22,1013,1
3324,1586,5,340,32,2768,1
3325,2972,5,297,10,509,1
3326,3448,2,303,28,1217,1
3327,2494,2,329,23,2769,1
3328,3995,7,294,32,1964,1
3329,2364,7,435,32,1236,1
3330,1098,7,447,44,1978,1
3331,1572,7,259,58,2842,1
3332,1606,7,547,32,787,1
3333,1098,7,212,17,9,1
3334,3449,7,564,10,774,1
3335,2526,7,355,17,1013,1
3336,3963,6,372,22,539,1
3337,3255,1,49,58,638,1
3338,2746,1,49,28,844,1
3339,951,1,346,32,1718,1
3340,3064,1,91,32,638,1
3341,3161,5,417,23,1690,1
3342,210,1,541,58,969,1
3343,2746,2,13,64,576,1
3344,2746,2,556,29,1951,1
3345,1468,2,473,17,1719,1
3346,1653,7,280,32,1368,1
3347,210,7,345,23,1708,1
3348,3922,7,61,18,442,1
3349,570,7,259,32,271,1
3350,570,7,212,29,271,1
3351,3281,7,485,10,929,1
3352,166,7,527,56,1538,1
3353,1654,7,329,10,257,1
3354,3450,7,280,23,2208,1
3355,2058,7,469,23,204,1
3356,3162,7,115,29,443,1
3357,4061,7,309,23,2056,1
3358,4061,7,526,28,1986,1
3359,4061,7,526,23,2581,1
3360,4061,7,3,23,2296,1
3361,4061,7,526,17,325,1
3362,593,7,258,29,576,1
3363,444,7,578,10,1920,1
3364,1096,7,272,44,2789,1
3365,3746,7,247,10,1382,1
3366,1671,7,212,29,1709,1
3367,1654,7,247,44,1661,1
3368,2594,1,469,3,1495,1
3369,2746,1,42,3,1314,1
3370,1468,1,297,22,1767,1
3371,3622,1,329,57,871,1
3372,1655,1,3,34,2714,1
3373,2058,1,280,23,1053,1
3374,570,1,329,44,805,1
3375,792,1,29,40,1314,1
3376,2594,1,527,28,641,1
3377,792,6,259,64,138,1
3378,1299,6,259,64,138,1
3379,3606,6,185,10,2426,1
3380,3003,5,447,44,1580,1
3381,3003,5,447,44,1580,1
3382,445,5,297,22,931,1
3383,210,5,447,22,341,1
3384,570,5,469,9,1139,1
3385,3146,5,259,52,1254,1
3386,4062,4,247,44,1798,1
3387,2075,7,355,44,1349,1
3388,1468,7,328,15,2173,1
3389,1468,7,495,57,1267,1
3390,1468,2,157,44,1047,1
3391,1300,2,279,44,1892,1
3392,1956,2,145,23,104,1
3393,3450,2,526,23,1744,1
3394,2075,2,428,17,13,1
3395,3450,2,280,44,1314,1
3396,3450,7,355,22,2770,1
3397,166,7,329,44,2680,1
3398,1300,7,280,56,1441,1
3399,3746,7,336,10,2671,1
3400,918,7,469,23,576,1
3401,918,7,272,23,576,1
3402,3299,7,338,22,154,1
3403,3065,7,256,22,154,1
3404,2920,7,486,29,1035,1
3405,681,7,420,52,2789,1
3406,3065,7,272,22,746,1
3407,3065,7,336,10,154,1
3408,3065,7,158,14,746,1
3409,1096,7,336,44,1765,1
3410,3299,7,212,32,1441,1
3411,1956,7,120,29,719,1
3412,210,7,323,23,1301,1
3413,210,7,212,29,695,1
3414,3622,7,135,32,2789,1
3415,210,7,336,25,2171,1
3416,3450,7,145,23,1825,1
3417,4061,1,96,22,1419,1
3418,931,1,256,44,1332,1
3419,250,1,358,31,719,1
3420,3709,1,331,23,173,1
3421,1587,1,447,46,1068,1
3422,3996,1,212,52,2037,1
3423,4063,1,527,44,2268,1
3424,3996,3,390,10,1170,1
3425,1588,5,90,29,2644,1
3426,659,5,541,44,1002,1
3427,379,5,355,29,1710,1
3428,2023,5,297,50,1264,1
3429,659,5,430,44,967,1
3430,1262,5,336,22,171,1
3431,3522,5,272,10,461,1
3432,3996,2,280,28,1333,1
3433,1833,2,355,10,1534,1
3434,2238,2,570,14,173,1
3435,379,7,133,22,1382,1
3436,1468,7,189,18,2036,1
3437,3622,7,527,10,1003,1
3438,3942,7,469,58,2195,1
3439,445,7,579,31,204,1
3440,4042,7,256,44,1232,1
3441,2973,7,469,29,1717,1
3442,793,7,344,28,1861,1
3443,3109,7,447,31,245,1
3444,3543,7,435,58,970,1
3445,3622,7,336,22,1611,1
3446,3709,7,495,22,663,1
3447,2527,7,212,29,1946,1
3448,3606,7,286,28,1609,1
3449,1957,7,447,22,1534,1
3450,931,7,547,32,2338,1
3451,3544,7,175,44,273,1
3452,3544,7,337,44,2190,1
3453,1833,7,447,44,2671,1
3454,3905,7,115,45,653,1
3455,1834,7,212,17,1140,1
3456,3316,7,527,22,366,1
3457,2423,7,336,44,2441,1
3458,793,7,355,44,2173,1
3459,2812,7,212,23,2297,1
3460,250,7,468,44,508,1
3461,2941,7,274,40,746,1
3462,1469,7,578,29,1381,1
3463,3643,7,212,64,2296,1
3464,1262,1,328,23,2048,1
3465,2383,1,344,32,2170,1
3466,2384,1,256,22,1878,1
3467,2973,1,387,32,2820,1
3468,1587,1,279,9,542,1
3469,3211,1,51,23,1734,1
3470,3211,1,51,23,1734,1
3471,2941,1,205,28,171,1
3472,3709,1,256,49,2003,1
3473,211,1,212,3,173,1
3474,2813,1,205,22,971,1
3475,3109,1,297,22,1264,1
3476,487,5,355,9,1553,1
3477,3522,5,263,32,1935,1
3478,1691,5,336,44,171,1
3479,3109,7,355,23,1683,1
3480,4042,7,256,44,1534,1
3481,4042,2,355,56,45,1
3482,4063,2,471,32,818,1
3483,2238,7,527,44,2527,1
3484,3747,7,3,40,2208,1
3485,2941,7,145,10,2530,1
3486,1787,7,468,44,188,1
3487,931,7,97,24,188,1
3488,659,7,428,44,287,1
3489,3163,7,115,17,30,1
3490,3018,7,355,29,663,1
3491,4042,7,344,28,98,1
3492,931,7,212,23,746,1
3493,3747,7,212,40,478,1
3494,2974,7,84,28,2789,1
3495,2383,7,280,15,2297,1
3496,2383,7,541,15,2117,1
3497,3018,7,469,44,2036,1
3498,793,7,280,23,442,1
3499,793,7,336,10,4,1
3500,814,7,280,29,2578,1
3501,250,7,258,64,526,1
3502,1874,7,146,22,12,1
3503,3018,7,469,23,188,1
3504,793,7,146,44,2780,1
3505,2423,7,570,29,1979,1
3506,1957,7,381,23,818,1
3507,2238,7,541,44,2671,1
3508,2383,7,355,44,2671,1
3509,1957,1,469,3,1748,1
3510,1957,1,120,17,252,1
3511,1281,1,564,44,1302,1
3512,2275,1,541,22,2038,1
3513,2477,1,282,32,2518,1
3514,446,1,105,3,1986,1
3515,3977,1,585,22,1235,1
3516,379,6,447,44,2143,1
3517,1415,6,447,29,1823,1
3518,1415,6,527,22,1264,1
3519,997,5,212,23,915,1
3520,997,5,115,28,1991,1
3521,997,5,407,40,1314,1
3522,1281,5,272,44,966,1
3523,1281,5,336,44,326,1
3524,3300,5,355,22,931,1
3525,3300,5,96,22,846,1
3526,447,5,329,18,1992,1
3527,2178,5,337,58,1319,1
3528,1875,5,527,33,2082,1
3529,3977,5,447,44,1264,1
3530,1957,7,336,22,2173,1
3531,648,2,258,34,1946,1
3532,814,2,581,10,2296,1
3533,2178,2,105,40,2789,1
3534,4063,7,527,29,2247,1
3535,1281,7,570,22,2025,1
3536,1281,7,212,32,1035,1
3537,2276,7,336,29,2671,1
3538,997,7,280,28,68,1
3539,447,7,212,32,117,1
3540,2276,7,564,44,774,1
3541,2221,7,377,24,33,1
3542,4064,7,510,28,493,1
3543,448,7,90,32,642,1
3544,3818,7,272,23,442,1
3545,2276,7,282,29,1946,1
3546,2276,7,221,28,1609,1
3547,3497,7,345,58,257,1
3548,3977,7,350,37,16,1
3549,2275,7,527,44,2529,1
3550,2221,7,527,10,2173,1
3551,2814,7,259,64,1131,1
3552,3004,7,280,28,1825,1
3553,4064,7,272,10,695,1
3554,448,7,258,23,188,1
3555,448,7,259,17,493,1
3556,3317,7,280,37,442,1
3557,2814,7,579,23,9,1
3558,3523,1,256,44,2673,1
3559,2178,1,337,22,1766,1
3560,2636,1,428,23,1314,1
3561,2636,1,218,22,1004,1
3562,2718,1,336,22,1392,1
3563,2718,1,13,32,736,1
3564,648,6,303,22,287,1
3565,447,5,336,22,1580,1
3566,2250,7,167,37,2234,1
3567,998,5,336,33,1268,1
3568,745,7,297,44,887,1
3569,3882,2,212,29,945,1
3570,1656,2,212,18,2477,1
3571,447,2,51,23,1480,1
3572,766,2,593,44,929,1
3573,1434,7,469,17,2502,1
3574,446,7,355,44,1765,1
3575,1692,7,469,17,1381,1
3576,2767,7,329,10,1333,1
3577,997,7,258,58,2034,1
3578,120,7,541,10,1232,1
3579,120,7,541,10,1534,1
3580,1812,7,258,32,746,1
3581,745,7,569,45,442,1
3582,120,7,272,31,122,1
3583,120,7,309,23,1621,1
3584,2221,7,469,23,98,1
3585,3212,7,236,45,1190,1
3586,1415,7,336,56,1706,1
3587,1028,7,280,32,2844,1
3588,2276,7,569,10,2450,1
3589,1390,7,336,29,663,1
3590,1390,7,355,29,1382,1
3591,997,7,344,37,719,1
3592,997,7,469,52,2034,1
3593,1150,7,447,44,2622,1
3594,3301,7,473,32,1424,1
3595,3498,7,336,22,2863,1
3596,2767,7,578,17,257,1
3597,3300,7,526,29,286,1
3598,2178,4,145,52,764,1
3599,1434,5,527,10,1036,1
3600,1391,1,288,23,1314,1
3601,3363,1,256,44,171,1
3602,121,1,323,37,1393,1
3603,660,1,355,22,1198,1
3604,2024,1,355,39,2427,1
3605,167,1,19,10,2592,1
3606,3256,5,336,22,2082,1
3607,3861,5,527,44,326,1
3608,997,5,157,22,1198,1
3609,905,5,428,52,638,1
3610,905,5,282,52,798,1
3611,2024,5,447,22,2764,1
3612,1938,5,256,44,510,1
3613,2842,5,527,44,341,1
3614,2140,5,355,22,1198,1
3615,3498,2,115,24,2478,1
3616,2250,2,466,23,163,1
3617,997,2,328,58,2157,1
3618,3965,2,329,44,929,1
3619,2843,2,115,18,1810,1
3620,3005,7,469,23,576,1
3621,3300,7,297,56,1539,1
3622,2250,7,212,64,119,1
3623,446,7,256,22,2671,1
3624,446,7,541,44,2671,1
3625,2275,7,259,40,442,1
3626,1547,7,51,22,2297,1
3627,2815,7,274,64,442,1
3628,3109,7,469,28,478,1
3629,2815,7,541,44,45,1
3630,1958,7,337,10,45,1
3631,2140,7,469,52,286,1
3632,3767,7,212,58,287,1
3633,64,7,167,32,1126,1
3634,1548,7,189,17,442,1
3635,1958,7,547,32,2636,1
3636,3364,7,297,44,45,1
3637,1547,7,256,44,1765,1
3638,167,7,256,44,1765,1
3639,3666,7,120,23,2789,1
3640,2842,7,157,29,2247,1
3641,1747,7,569,58,177,1
3642,1747,7,569,52,2620,1
3643,616,7,236,14,1031,1
3644,1856,7,51,58,173,1
3645,999,7,191,28,2821,1
3646,1151,1,294,32,48,1
3647,3966,1,256,44,711,1
3648,2842,1,592,32,1092,1
3649,1548,1,96,22,1865,1
3650,64,1,272,31,2655,1
3651,2842,1,293,40,2645,1
3652,2024,6,447,44,788,1
3653,334,5,495,44,1332,1
3654,3997,5,247,15,542,1
3655,468,5,303,28,664,1
3656,1548,7,355,44,1765,1
3657,2140,2,189,28,342,1
3658,2719,2,328,44,2247,1
3659,2719,2,336,44,663,1
3660,335,2,593,52,2607,1
3661,1151,2,329,23,2789,1
3662,2921,2,527,22,2144,1
3663,3830,7,120,17,2789,1
3664,2844,7,337,10,1232,1
3665,334,7,282,32,87,1
3666,3364,7,527,10,2671,1
3667,3966,7,298,58,2789,1
3668,2612,7,468,22,173,1
3669,3256,7,303,10,445,1
3670,2842,7,355,15,1567,1
3671,2141,7,342,32,164,1
3672,2844,7,249,29,746,1
3673,2844,7,258,32,1993,1
3674,999,7,280,28,1279,1
3675,3257,7,355,22,45,1
3676,2845,7,3,28,2620,1
3677,1151,7,344,32,746,1
3678,2719,7,435,23,287,1
3679,212,7,67,14,252,1
3680,232,7,258,23,287,1
3681,212,7,115,64,1850,1
3682,2815,7,212,64,650,1
3683,999,7,337,56,1479,1
3684,3363,7,469,58,1612,1
3685,3966,7,236,29,2789,1
3686,2719,7,280,34,929,1
3687,682,7,212,29,442,1
3688,1857,7,280,28,2009,1
3689,3966,7,469,58,2735,1
3690,2120,7,115,32,1638,1
3691,277,1,466,32,164,1
3692,2844,1,280,23,789,1
3693,99,1,329,23,1749,1
3694,47,5,3,28,1314,1
3695,3666,5,96,22,171,1
3696,1747,5,355,50,946,1
3697,1693,5,329,52,1080,1
3698,2720,7,297,22,1639,1
3699,188,7,355,10,1611,1
3700,1694,7,355,44,2373,1
3701,2905,2,120,17,2789,1
3702,2905,2,344,23,1494,1
3703,334,2,428,56,2296,1
3704,2304,2,304,24,1516,1
3705,2304,2,473,24,1719,1
3706,1239,2,336,22,527,1
3707,2304,2,363,31,766,1
3708,1835,2,259,40,2449,1
3709,3748,2,570,10,2789,1
3710,2547,2,259,28,1979,1
3711,2720,2,336,15,1564,1
3712,1999,2,297,44,1382,1
3713,835,7,547,32,2636,1
3714,1435,7,428,15,2860,1
3715,2192,7,146,10,363,1
3716,2192,7,469,10,442,1
3717,999,7,298,17,746,1
3718,1999,7,280,23,252,1
3719,3883,7,355,56,2171,1
3720,1999,7,469,10,2680,1
3721,3883,7,221,17,1441,1
3722,2304,7,259,23,242,1
3723,1361,7,570,10,526,1
3724,3258,7,428,52,2195,1
3725,594,7,569,31,340,1
3726,836,7,447,22,2039,1
3727,702,7,564,22,1683,1
3728,403,7,298,40,2450,1
3729,2842,7,259,23,2624,1
3730,3748,7,469,23,929,1
3731,403,7,469,22,1850,1
3732,2816,7,444,58,929,1
3733,2192,7,569,22,1850,1
3734,3883,7,336,44,2083,1
3735,4018,7,473,32,790,1
3736,2816,7,297,22,1683,1
3737,3978,7,13,64,1200,1
3738,1151,7,527,44,1750,1
3739,836,7,447,44,847,1
3740,594,7,212,29,176,1
3741,1456,7,447,22,1382,1
3742,3749,7,328,22,1382,1
3743,403,7,469,50,2009,1
3744,2096,7,51,29,446,1
3745,836,7,468,34,88,1
3746,2121,7,530,32,2593,1
3747,3748,7,469,44,2781,1
3748,1029,7,282,32,242,1
3749,2096,7,331,44,478,1
3750,3793,1,453,44,2408,1
3751,1361,1,50,40,972,1
3752,403,1,482,40,406,1
3753,2121,1,256,22,1611,1
3754,3213,1,120,23,2449,1
3755,3883,1,540,44,171,1
3756,702,1,355,23,2173,1
3757,702,1,272,28,2464,1
3758,2547,1,51,28,2372,1
3759,1325,1,256,22,2235,1
3760,2304,1,336,22,326,1
3761,836,1,130,22,2639,1
3762,3883,1,256,44,947,1
3763,3883,1,355,23,1580,1
3764,3978,1,236,29,934,1
3765,1456,1,297,22,1412,1
3766,906,5,331,3,1112,1
3767,2121,5,579,28,65,1
3768,702,5,355,22,1284,1
3769,1999,5,256,10,1412,1
3770,2304,5,303,52,2372,1
3771,27,7,355,44,1382,1
3772,3978,7,247,50,45,1
3773,1999,2,146,22,2563,1
3774,3350,7,469,44,1861,1
3775,1361,7,569,3,1850,1
3776,2096,7,19,44,2173,1
3777,2096,7,348,44,2173,1
3778,2720,7,355,29,1185,1
3779,3213,7,297,56,154,1
3780,1999,7,527,22,846,1
3781,488,7,495,22,175,1
3782,2581,7,407,37,242,1
3783,4018,7,541,29,2352,1
3784,594,7,337,44,2352,1
3785,594,7,115,32,242,1
3786,2816,7,336,44,363,1
3787,2096,7,293,32,2428,1
3788,2096,7,336,10,2173,1
3789,1694,7,259,64,1638,1
3790,1361,7,569,28,1518,1
3791,767,7,428,31,287,1
3792,2768,7,355,23,2352,1
3793,2478,7,348,28,2352,1
3794,1835,7,578,18,1782,1
3795,3258,7,541,22,1141,1
3796,1373,1,256,44,967,1
3797,1029,1,336,44,1264,1
3798,1392,1,280,32,1785,1
3799,1416,1,581,23,2655,1
3800,3329,1,336,44,2373,1
3801,1748,6,336,22,2716,1
3802,1393,1,527,50,1132,1
3803,189,5,527,22,1496,1
3804,3330,5,485,40,1540,1
3805,3188,5,272,14,1112,1
3806,278,5,469,28,1314,1
3807,2697,2,12,40,346,1
3808,3318,2,355,31,2067,1
3809,278,2,592,23,2576,1
3810,1529,2,223,64,1946,1
3811,3978,7,428,23,746,1
3812,3831,7,293,64,164,1
3813,919,7,569,23,1850,1
3814,301,7,105,58,2502,1
3815,301,7,490,32,511,1
3816,3997,7,469,44,195,1
3817,746,7,468,44,651,1
3818,3188,7,280,32,1850,1
3819,301,7,146,58,123,1
3820,301,7,455,58,2735,1
3821,1694,7,223,28,1850,1
3822,594,7,90,32,790,1
3823,380,7,527,58,2465,1
3824,2025,7,280,10,1825,1
3825,1392,7,428,58,242,1
3826,2000,7,469,58,791,1
3827,3831,7,345,40,2680,1
3828,3147,7,157,44,509,1
3829,2000,7,157,44,2527,1
3830,3818,7,527,22,663,1
3831,3818,7,527,22,1156,1
3832,301,7,495,22,2157,1
3833,3110,7,355,44,2454,1
3834,1999,7,541,44,69,1
3835,84,1,135,23,1314,1
3836,3147,1,428,52,1350,1
3837,1030,1,344,32,1992,1
3838,919,6,256,22,947,1
3839,3401,6,259,52,1986,1
3840,3401,6,428,17,1986,1
3841,84,5,428,17,13,1
3842,1393,5,256,10,1198,1
3843,2339,5,87,39,2123,1
3844,2339,5,279,39,1710,1
3845,3318,5,531,32,2221,1
3846,794,2,282,40,30,1
3847,2941,2,3,23,1035,1
3848,2548,2,469,23,2620,1
3849,2697,2,280,18,1711,1
3850,301,2,298,64,2455,1
3851,746,2,258,17,5,1
3852,2697,2,355,44,2671,1
3853,3623,2,344,23,929,1
3854,100,2,428,22,2789,1
3855,2548,7,337,10,1534,1
3856,1416,7,468,23,242,1
3857,919,7,469,44,508,1
3858,48,7,469,44,1850,1
3859,919,7,337,44,496,1
3860,3330,7,13,29,746,1
3861,3330,7,420,23,2624,1
3862,2697,7,259,40,2450,1
3863,2277,7,161,34,1037,1
3864,1529,7,569,17,1936,1
3865,3330,7,469,23,746,1
3866,3831,7,344,52,2429,1
3867,189,7,435,17,188,1
3868,3330,7,468,23,746,1
3869,189,7,189,56,575,1
3870,1393,7,344,32,746,1
3871,3318,7,259,28,2680,1
3872,3687,7,258,29,820,1
3873,3524,1,248,29,259,1
3874,815,1,336,44,2408,1
3875,2975,1,541,22,2707,1
3876,168,1,485,40,638,1
3877,2365,6,468,9,252,1
3878,2769,6,258,23,1481,1
3879,2769,6,258,23,2740,1
3880,2747,5,420,23,2768,1
3881,2045,5,297,22,2138,1
3882,251,2,355,22,1564,1
3883,3831,7,297,10,887,1
3884,357,2,146,28,534,1
3885,145,7,157,10,750,1
3886,380,2,258,18,973,1
3887,3644,2,593,17,1031,1
3888,449,2,236,3,844,1
3889,251,2,145,23,1391,1
3890,381,2,428,29,915,1
3891,3259,2,329,23,915,1
3892,1393,7,71,37,164,1
3893,3831,7,98,41,2624,1
3894,703,7,527,44,696,1
3895,2166,7,468,56,2407,1
3896,2166,7,469,44,1441,1
3897,1326,7,3,32,188,1
3898,449,7,127,32,1609,1
3899,48,7,272,32,1861,1
3900,1074,7,348,28,2039,1
3901,3688,7,39,37,790,1
3902,815,7,389,32,1038,1
3903,2365,7,212,23,929,1
3904,2365,7,147,32,511,1
3905,2045,7,280,17,1850,1
3906,469,2,309,24,725,1
3907,2958,1,485,23,2372,1
3908,2958,1,565,23,1393,1
3909,2166,1,564,9,1767,1
3910,703,1,57,58,1314,1
3911,2784,1,42,9,1314,1
3912,65,1,469,44,2372,1
3913,2958,1,25,32,871,1
3914,2097,1,355,10,707,1
3915,3331,1,469,28,871,1
3916,3402,1,467,29,408,1
3917,3379,1,256,44,2330,1
3918,251,5,355,44,171,1
3919,3331,5,161,32,1563,1
3920,3331,5,297,22,2408,1
3921,251,5,336,23,931,1
3922,703,5,328,58,2082,1
3923,815,5,447,44,1580,1
3924,1573,5,355,44,2808,1
3925,3379,7,447,44,363,1
3926,1491,7,297,22,154,1
3927,449,2,428,45,2789,1
3928,3379,7,570,29,229,1
3929,932,7,336,23,2352,1
3930,3380,7,495,44,1382,1
3931,2747,7,355,10,2352,1
3932,2975,7,272,18,351,1
3933,3524,7,115,18,746,1
3934,3524,7,565,32,164,1
3935,703,7,495,56,2173,1
3936,2166,7,236,23,2036,1
3937,3688,7,280,58,2009,1
3938,878,7,323,23,818,1
3939,357,7,328,44,663,1
3940,1393,7,96,44,1750,1
3941,2906,7,527,44,2040,1
3942,2747,7,355,44,2352,1
3943,3214,7,223,24,2502,1
3944,3214,7,62,32,790,1
3945,357,7,468,14,746,1
3946,2784,7,256,23,1382,1
3947,2784,7,21,23,1382,1
3948,2958,7,34,32,511,1
3949,3644,7,469,29,242,1
3950,932,7,260,37,351,1
3951,932,7,336,58,1425,1
3952,932,7,328,52,2247,1
3953,3214,7,469,29,2502,1
3954,3214,7,258,29,1861,1
3955,450,7,428,29,2735,1
3956,3524,7,96,44,1232,1
3957,3524,7,593,17,493,1
3958,530,7,447,58,12,1
3959,530,7,527,50,462,1
3960,450,7,447,22,1425,1
3961,1573,7,490,32,70,1
3962,146,7,344,40,2049,1
3963,2166,7,355,10,1534,1
3964,357,7,146,25,2173,1
3965,357,7,336,9,2173,1
3966,357,7,564,9,2173,1
3967,617,7,212,40,1850,1
3968,617,7,115,58,2009,1
3969,3379,7,345,40,589,1
3970,878,7,212,58,2519,1
3971,3379,7,256,44,154,1
3972,3379,7,527,44,1232,1
3973,357,7,428,23,746,1
3974,357,7,297,44,154,1
3975,3524,7,280,24,746,1
3976,168,7,469,44,241,1
3977,451,1,328,22,2138,1
3978,1939,1,61,3,1519,1
3979,1939,1,256,58,848,1
3980,1939,1,355,58,2547,1
3981,1031,1,435,40,2372,1
3982,1939,1,344,3,1112,1
3983,358,1,205,44,105,1
3984,1031,1,469,22,2041,1
3985,1031,1,469,22,2372,1
3986,3087,2,328,44,1142,1
3987,2942,5,527,10,904,1
3988,3087,2,256,10,305,1
3989,168,2,212,28,1279,1
3990,2661,2,355,28,1382,1
3991,3332,2,355,10,2693,1
3992,2278,2,105,15,2659,1
3993,3282,2,527,22,34,1
3994,2324,2,336,10,1611,1
3995,3332,2,355,10,2622,1
3996,531,2,331,18,219,1
3997,146,7,280,29,2502,1
3998,3110,7,428,45,89,1
3999,3282,7,223,37,2407,1
4000,3379,7,389,32,642,1
4001,618,7,309,32,746,1
4002,3087,7,336,22,1567,1
4003,618,7,256,44,154,1
4004,3087,7,344,32,746,1
4005,618,7,189,29,1518,1
4006,2942,7,247,10,154,1
4007,2942,7,363,32,746,1
4008,2661,7,468,31,242,1
4009,618,7,527,44,663,1
4010,618,7,541,22,1232,1
4011,66,7,286,3,1850,1
4012,169,1,42,23,1314,1
4013,1054,1,145,44,2768,1
4014,879,1,161,23,1054,1
4015,451,1,585,10,171,1
4016,4086,1,297,44,680,1
4017,2001,1,304,58,1799,1
4018,2001,1,331,44,2741,1
4019,358,1,541,44,928,1
4020,619,1,212,32,260,1
4021,451,1,519,32,409,1
4022,1054,5,272,18,1254,1
4023,619,5,146,22,83,1
4024,952,5,527,58,1710,1
4025,233,5,355,22,2791,1
4026,1939,7,355,22,2671,1
4027,3560,7,157,22,2352,1
4028,619,7,256,22,663,1
4029,3282,7,527,44,1497,1
4030,2142,1,428,58,2197,1
4031,451,2,473,40,1662,1
4032,1032,2,145,23,252,1
4033,3215,7,258,32,746,1
4034,2858,7,355,44,2040,1
4035,100,7,328,22,2352,1
4036,3332,7,145,28,242,1
4037,618,7,469,31,1952,1
4038,618,7,428,23,2680,1
4039,3215,7,146,44,154,1
4040,3087,7,297,44,1232,1
4041,837,7,581,44,1850,1
4042,2251,7,473,32,1039,1
4043,619,7,447,56,968,1
4044,3087,7,527,56,207,1
4045,3560,7,51,31,1684,1
4046,3215,7,468,23,746,1
4047,3282,7,61,23,746,1
4048,2942,7,345,32,188,1
4049,2942,7,355,10,2173,1
4050,4086,7,527,15,1643,1
4051,7,7,223,40,286,1
4052,2424,7,280,23,576,1
4053,952,7,258,23,241,1
4054,1031,7,49,22,98,1
4055,1054,7,3,52,173,1
4056,2385,1,68,28,1112,1
4057,2385,1,135,23,1005,1
4058,2385,1,68,28,2372,1
4059,1327,1,526,32,1314,1
4060,1327,1,272,44,1709,1
4061,3560,5,336,29,389,1
4062,2858,5,137,32,1314,1
4063,1657,5,32,31,1171,1
4064,382,5,355,58,2082,1
4065,2122,7,297,10,663,1
4066,4019,7,336,44,154,1
4067,1657,7,495,10,2339,1
4068,4087,2,13,3,2620,1
4069,1327,2,485,34,2620,1
4070,4087,2,135,3,367,1
4071,1217,7,469,58,2009,1
4072,1344,7,272,29,1720,1
4073,1657,7,527,44,86,1
4074,3087,7,146,56,663,1
4075,3019,7,328,56,154,1
4076,1033,7,428,23,242,1
4077,1125,7,469,10,1657,1
4078,1125,7,272,10,463,1
4079,3583,7,115,23,918,1
4080,3469,7,50,11,2084,1
4081,2239,7,363,24,1638,1
4082,553,7,592,23,2315,1
4083,553,7,303,17,2610,1
4084,1657,7,541,44,2846,1
4085,2002,7,313,28,2735,1
4086,3019,7,358,23,88,1
4087,553,7,259,37,2036,1
4088,1263,7,350,64,352,1
4089,1263,7,212,17,30,1
4090,1263,7,272,29,746,1
4091,3019,7,593,23,1279,1
4092,1263,7,285,56,746,1
4093,2143,7,19,31,154,1
4094,3862,7,258,29,138,1
4095,1217,7,51,23,2820,1
4096,213,7,51,17,2844,1
4097,234,7,96,44,1921,1
4098,2098,1,337,44,2671,1
4099,3545,1,145,23,1314,1
4100,2662,1,212,52,1250,1
4101,1328,1,236,31,285,1
4102,2859,1,312,22,2023,1
4103,3710,1,541,22,947,1
4104,1263,6,585,33,1580,1
4105,1263,6,321,29,389,1
4106,3148,5,355,44,663,1
4107,2698,5,468,44,13,1
4108,2549,7,336,22,2373,1
4109,553,7,355,22,1568,1
4110,382,7,297,44,887,1
4111,1263,7,527,10,1382,1
4112,3545,7,146,10,663,1
4113,2239,7,157,22,208,1
4114,3583,7,355,44,2157,1
4115,1345,2,455,3,1279,1
4116,2411,2,280,29,705,1
4117,2143,2,355,29,2368,1
4118,2143,2,189,29,2,1
4119,382,2,355,29,2368,1
4120,3794,2,579,29,2208,1
4121,2582,2,286,28,1333,1
4122,553,7,564,25,154,1
4123,3545,7,115,32,746,1
4124,279,7,272,44,2502,1
4125,2239,7,236,44,242,1
4126,1436,7,272,31,1850,1
4127,3545,7,355,44,663,1
4128,1000,7,96,28,1382,1
4129,1345,7,355,31,2247,1
4130,553,7,309,29,252,1
4131,553,7,377,64,1301,1
4132,3019,7,495,44,1534,1
4133,3545,7,355,18,2173,1
4134,3545,7,348,18,1534,1
4135,3545,7,495,18,1534,1
4136,1657,7,485,29,2624,1
4137,3019,7,272,10,1255,1
4138,3545,7,556,29,1527,1
4139,3019,7,336,29,1908,1
4140,1263,7,248,44,663,1
4141,2385,7,490,32,1443,1
4142,3583,7,286,22,1554,1
4143,2279,1,355,44,2681,1
4144,1126,1,428,28,2372,1
4145,2613,1,258,52,1006,1
4146,2613,1,223,17,2477,1
4147,3546,1,337,22,2408,1
4148,2425,6,527,22,1580,1
4149,1075,5,282,17,1314,1
4150,2662,7,527,44,1878,1
4151,3148,2,495,29,1893,1
4152,1127,2,258,29,230,1
4153,553,7,258,23,746,1
4154,3863,7,212,23,361,1
4155,2279,7,280,32,188,1
4156,3545,7,428,44,1441,1
4157,2860,7,344,37,1744,1
4158,3525,7,345,29,1825,1
4159,1175,7,344,64,974,1
4160,795,7,259,18,2789,1
4161,3403,7,280,52,1279,1
4162,2425,7,247,44,154,1
4163,2425,7,490,32,164,1
4164,2479,7,236,56,746,1
4165,2479,7,485,44,2518,1
4166,2479,7,280,32,1441,1
4167,2663,7,336,23,1425,1
4168,3403,7,98,32,1035,1
4169,49,7,259,32,2,1
4170,2003,7,337,44,2373,1
4171,3711,2,135,52,1601,1
4172,3333,1,297,44,1198,1
4173,3711,3,473,40,2695,1
4174,49,1,564,44,326,1
4175,1126,1,355,44,2707,1
4176,2860,1,96,10,767,1
4177,532,1,428,23,1081,1
4178,3381,1,157,44,1004,1
4179,404,1,355,44,171,1
4180,3863,1,218,28,171,1
4181,2425,5,447,22,2456,1
4182,2425,5,121,22,1851,1
4183,768,5,121,22,1552,1
4184,8,5,44,23,638,1
4185,1126,5,115,28,1314,1
4186,1126,5,344,23,1154,1
4187,404,5,286,44,844,1
4188,2425,5,447,49,1580,1
4189,2425,5,527,56,326,1
4190,1175,7,428,58,1988,1
4191,723,7,115,14,49,1
4192,3832,7,328,22,2466,1
4193,933,7,447,22,2835,1
4194,1589,2,428,45,287,1
4195,3667,2,258,58,1333,1
4196,3381,2,328,10,45,1
4197,2721,2,259,64,1946,1
4198,3750,2,569,29,1457,1
4199,3525,2,336,31,106,1
4200,8,2,258,23,153,1
4201,3768,2,355,44,1382,1
4202,2325,2,447,29,1299,1
4203,49,7,569,10,2721,1
4204,2026,7,274,29,992,1
4205,3381,7,157,57,663,1
4206,2721,7,469,52,1861,1
4207,3667,7,193,60,1965,1
4208,2340,7,342,29,1357,1
4209,49,7,51,24,98,1
4210,49,7,259,23,1441,1
4211,8,7,355,22,1643,1
4212,8,7,280,64,1850,1
4213,3164,7,377,64,2440,1
4214,2279,7,342,32,2646,1
4215,2326,7,337,29,2454,1
4216,2326,7,510,58,50,1
4217,2721,7,564,10,2352,1
4218,2721,7,120,64,442,1
4219,2479,7,297,44,833,1
4220,933,7,468,23,1986,1
4221,3020,7,212,14,2796,1
4222,2860,7,469,57,242,1
4223,49,7,280,32,2036,1
4224,3381,7,336,44,2173,1
4225,3381,7,249,29,2680,1
4226,2479,7,469,10,746,1
4227,2059,7,336,44,2352,1
4228,1075,7,280,58,791,1
4229,1075,7,189,52,2430,1
4230,1075,7,236,28,1994,1
4231,3403,7,344,23,746,1
4232,2748,7,115,32,242,1
4233,3164,7,578,23,2288,1
4234,3768,7,236,52,2313,1
4235,1590,1,297,44,665,1
4236,49,7,564,44,1172,1
4237,3260,1,541,44,666,1
4238,595,1,256,10,1332,1
4239,2785,1,418,23,1314,1
4240,633,1,91,10,1734,1
4241,2678,1,272,18,2124,1
4242,2305,1,130,22,1198,1
4243,3334,5,96,23,2408,1
4244,1607,5,282,58,1953,1
4245,2550,5,329,44,499,1
4246,2027,5,447,39,45,1
4247,2076,4,135,52,1250,1
4248,3333,2,331,23,1394,1
4249,920,2,328,44,84,1
4250,2046,2,260,28,241,1
4251,2305,2,115,23,173,1
4252,2817,2,469,52,59,1
4253,2479,7,280,32,746,1
4254,3149,7,309,29,351,1
4255,3066,7,303,24,188,1
4256,2748,7,212,29,242,1
4257,1695,7,3,52,2789,1
4258,2205,7,578,23,1269,1
4259,383,7,258,31,351,1
4260,704,7,344,23,1995,1
4261,2785,7,355,56,1534,1
4262,3006,7,428,29,442,1
4263,2450,7,135,28,2009,1
4264,907,7,363,24,2864,1
4265,3066,7,336,56,315,1
4266,3006,7,309,17,1441,1
4267,595,7,526,44,746,1
4268,3906,7,485,32,30,1
4269,2252,7,51,23,1459,1
4270,2785,7,258,29,1035,1
4271,2785,7,259,32,1035,1
4272,907,7,469,23,494,1
4273,2959,1,236,17,306,1
4274,3125,1,411,40,71,1
4275,2922,1,530,32,480,1
4276,3584,1,541,44,2145,1
4277,2193,6,145,40,1566,1
4278,2305,5,297,22,171,1
4279,2305,5,96,22,171,1
4280,2305,1,328,44,1185,1
4281,3689,2,272,31,1861,1
4282,3998,2,473,40,1039,1
4283,1099,2,469,44,929,1
4284,2366,2,259,28,915,1
4285,2785,7,336,10,1185,1
4286,907,7,578,29,2407,1
4287,571,7,256,10,154,1
4288,3149,7,309,17,1638,1
4289,3066,7,120,24,695,1
4290,2785,7,328,56,1567,1
4291,571,7,469,44,2036,1
4292,2785,7,578,23,1528,1
4293,3066,7,569,44,746,1
4294,2252,7,258,23,1441,1
4295,3066,7,259,32,2170,1
4296,3066,7,348,31,1383,1
4297,3066,7,495,31,1383,1
4298,2785,7,212,17,746,1
4299,2785,7,62,24,1091,1
4300,595,7,495,22,1232,1
4301,2785,7,428,14,2680,1
4302,571,7,344,41,746,1
4303,2252,7,277,10,154,1
4304,2785,7,355,44,1232,1
4305,2252,7,236,14,1266,1
4306,595,7,206,44,2083,1
4307,3126,7,258,17,1764,1
4308,3126,5,212,17,287,1
4309,1695,1,547,32,1410,1
4310,1695,1,435,23,1793,1
4311,2722,1,256,22,1767,1
4312,3365,1,147,33,2026,1
4313,100,1,355,29,1019,1
4314,2306,1,244,45,1314,1
4315,3923,1,39,37,620,1
4316,3547,5,447,44,2408,1
4317,122,5,223,34,1254,1
4318,2722,5,355,44,1332,1
4319,3088,5,223,40,196,1
4320,2818,5,236,18,390,1
4321,1001,7,96,10,1382,1
4322,1695,2,115,52,864,1
4323,2253,2,329,29,576,1
4324,2306,2,51,31,929,1
4325,101,2,223,29,98,1
4326,4020,2,344,23,1035,1
4327,3547,7,51,45,1279,1
4328,1876,7,93,23,90,1
4329,3066,7,469,44,252,1
4330,2077,7,298,64,2,1
4331,3690,7,256,56,2406,1
4332,1608,7,570,18,734,1
4333,3906,7,336,44,154,1
4334,3066,7,420,32,746,1
4335,3690,7,279,10,1706,1
4336,3690,7,447,10,1232,1
4337,3906,7,3,29,2036,1
4338,2077,7,344,23,2625,1
4339,2077,7,345,17,1088,1
4340,3561,7,527,10,696,1
4341,4065,7,428,29,63,1
4342,3833,7,316,32,1279,1
4343,3690,7,51,23,746,1
4344,3690,7,428,29,746,1
4345,359,7,298,32,2680,1
4346,359,7,282,23,1478,1
4347,3561,7,212,29,2407,1
4348,3907,7,258,58,1413,1
4349,1240,7,89,24,1836,1
4350,3088,1,42,44,2820,1
4351,1152,1,565,58,1414,1
4352,3088,1,355,22,1382,1
4353,3088,1,247,22,1765,1
4354,2279,7,297,10,2373,1
4355,1240,2,578,22,1609,1
4356,3819,2,328,44,45,1
4357,572,2,96,29,2212,1
4358,2722,2,39,32,1091,1
4359,3088,2,527,58,2137,1
4360,9,7,5,45,2789,1
4361,3561,7,55,23,818,1
4362,3833,7,304,29,733,1
4363,3833,7,13,64,188,1
4364,2077,7,355,44,1534,1
4365,3561,7,280,32,1035,1
4366,2306,7,345,32,286,1
4367,2614,7,272,23,2407,1
4368,2614,7,377,32,164,1
4369,2614,7,258,29,188,1
4370,3690,7,303,23,30,1
4371,3561,7,282,32,2721,1
4372,2614,7,272,10,494,1
4373,2614,7,337,44,768,1
4374,3690,7,428,17,493,1
4375,3833,7,328,56,1534,1
4376,2614,7,527,29,1534,1
4377,2306,7,115,40,2379,1
4378,2885,7,420,32,2634,1
4379,2240,2,212,28,1937,1
4380,3561,7,344,23,188,1
4381,2077,7,344,24,2036,1
4382,4020,5,51,23,2582,1
4383,2121,3,527,50,2442,1
4384,2121,3,347,45,1610,1
4385,2679,1,249,23,1254,1
4386,3668,1,145,23,2296,1
4387,661,6,259,17,2611,1
4388,724,5,336,22,2647,1
4389,190,2,286,28,2789,1
4390,3668,2,356,23,2576,1
4391,2451,2,344,18,1861,1
4392,3451,2,120,32,173,1
4393,360,7,358,18,1014,1
4394,1981,7,336,10,2822,1
4395,147,7,428,52,2735,1
4396,2144,7,67,29,1191,1
4397,1788,7,428,45,2789,1
4398,360,7,259,32,1279,1
4399,1264,7,309,37,1850,1
4400,1264,7,447,44,1425,1
4401,1771,7,581,17,68,1
4402,1530,7,530,32,642,1
4403,2749,7,96,56,1232,1
4404,2637,7,420,58,2842,1
4405,190,7,358,23,2842,1
4406,1959,7,306,44,1126,1
4407,2637,7,120,32,1369,1
4408,2060,1,339,32,2520,1
4409,1813,1,368,22,464,1
4410,934,1,336,23,2003,1
4411,3216,6,12,41,1093,1
4412,2060,6,578,28,1314,1
4413,3451,5,420,52,1055,1
4414,747,2,455,15,2789,1
4415,3216,2,417,29,719,1
4416,3216,2,336,44,774,1
4417,2637,2,420,58,176,1
4418,747,2,527,56,1284,1
4419,361,2,259,37,173,1
4420,147,7,286,23,1825,1
4421,360,7,428,52,2680,1
4422,908,7,313,31,2620,1
4423,2528,7,336,44,1265,1
4424,2886,7,420,14,242,1
4425,1530,7,286,44,188,1
4426,1530,7,104,32,164,1
4427,360,7,147,32,642,1
4428,360,7,162,11,2624,1
4429,863,7,127,32,1441,1
4430,1530,7,160,32,2407,1
4431,2749,7,250,17,2680,1
4432,1959,7,306,23,361,1
4433,1301,7,157,44,1661,1
4434,724,7,12,37,2451,1
4435,1959,7,581,17,929,1
4436,2846,7,336,22,1425,1
4437,170,7,368,40,2251,1
4438,1788,7,146,50,2443,1
4439,361,7,355,22,1370,1
4440,3668,7,527,22,1299,1
4441,908,7,286,29,252,1
4442,1128,7,360,22,1837,1
4443,4043,6,435,23,1303,1
4444,4043,6,455,28,2301,1
4445,1055,1,339,32,1035,1
4446,362,1,286,3,35,1
4447,1417,1,581,44,849,1
4448,252,1,303,52,1279,1
4449,489,1,259,28,1529,1
4450,2222,1,145,15,2198,1
4451,362,1,527,22,1996,1
4452,4043,6,259,28,1114,1
4453,1549,5,256,22,341,1
4454,1549,5,146,22,341,1
4455,1549,5,206,22,1580,1
4456,573,5,420,52,1314,1
4457,573,5,420,23,834,1
4458,953,7,355,44,1251,1
4459,634,2,104,29,1039,1
4460,384,2,135,58,798,1
4461,123,2,286,15,1863,1
4462,2943,2,259,37,2296,1
4463,1505,2,355,17,893,1
4464,1505,2,420,64,286,1
4465,3669,2,455,44,442,1
4466,2480,2,358,64,2789,1
4467,2060,7,463,23,663,1
4468,2060,7,96,23,663,1
4469,2060,7,541,23,663,1
4470,489,7,581,44,2735,1
4471,1055,7,336,56,1643,1
4472,3165,7,581,44,1609,1
4473,1900,7,435,52,1850,1
4474,2222,7,286,29,1638,1
4475,4043,7,363,18,368,1
4476,490,1,84,23,391,1
4477,1550,1,527,22,2708,1
4478,2099,1,260,22,197,1
4479,3769,1,355,29,1415,1
4480,362,1,532,23,216,1
4481,123,1,529,32,2199,1
4482,123,1,361,44,1986,1
4483,3150,6,435,40,1314,1
4484,1302,6,435,32,948,1
4485,2976,5,336,44,389,1
4486,2480,7,297,57,557,1
4487,253,2,256,44,2671,1
4488,3548,2,236,14,2789,1
4489,573,2,556,32,1771,1
4490,1609,2,122,60,2636,1
4491,3165,2,355,22,1320,1
4492,2943,2,569,28,1861,1
4493,3820,7,259,52,1850,1
4494,1302,7,115,58,1954,1
4495,1505,7,519,28,1460,1
4496,4043,7,256,22,1332,1
4497,2099,7,19,49,509,1
4498,3864,7,430,10,1966,1
4499,3884,7,541,44,1721,1
4500,769,7,272,44,631,1
4501,3770,7,282,64,929,1
4502,2495,7,286,23,188,1
4503,1549,7,541,44,1611,1
4504,253,7,435,23,2450,1
4505,573,7,578,29,1381,1
4506,1417,7,420,32,219,1
4507,2943,7,473,24,790,1
4508,2943,7,468,18,242,1
4509,1609,7,300,64,465,1
4510,4021,1,336,15,2622,1
4511,254,1,447,44,2791,1
4512,171,1,336,57,1534,1
4513,102,1,51,28,876,1
4514,102,1,280,23,1632,1
4515,1610,1,581,18,1112,1
4516,864,1,473,24,2660,1
4517,1789,1,570,29,543,1
4518,2412,1,495,22,1534,1
4519,3452,4,447,22,139,1
4520,452,1,541,44,171,1
4521,2496,5,297,22,1580,1
4522,2496,5,96,22,1580,1
4523,2496,5,297,22,1580,1
4524,3884,5,328,44,1332,1
4525,3452,5,541,29,949,1
4526,2367,2,355,31,1382,1
4527,1055,2,336,22,476,1
4528,2367,2,258,17,1173,1
4529,3127,2,93,17,1115,1
4530,171,2,592,23,2576,1
4531,705,2,581,31,929,1
4532,254,2,495,44,2671,1
4533,3089,2,420,23,2208,1
4534,3043,2,363,31,2620,1
4535,252,7,115,18,1861,1
4536,102,7,541,44,2352,1
4537,634,7,569,52,2735,1
4538,1610,7,420,14,1191,1
4539,1610,7,420,52,1613,1
4540,2367,7,573,24,2010,1
4541,1633,7,339,44,1850,1
4542,1982,7,297,44,774,1
4543,385,7,420,23,242,1
4544,3712,7,286,31,1861,1
4545,3771,7,115,29,1201,1
4546,255,7,300,29,1894,1
4547,662,7,336,44,2622,1
4548,3712,7,355,25,663,1
4549,3670,7,527,44,1611,1
4550,2167,7,115,23,975,1
4551,280,7,115,23,36,1
4552,3943,1,297,57,663,1
4553,453,1,286,28,252,1
4554,533,1,338,22,1133,1
4555,3691,1,431,32,2108,1
4556,554,5,420,40,2820,1
4557,3043,5,447,58,729,1
4558,385,2,249,23,173,1
4559,255,2,468,22,2789,1
4560,2047,7,581,29,1517,1
4561,2367,7,306,29,1850,1
4562,864,7,455,29,119,1
4563,3712,7,578,17,1439,1
4564,3452,7,578,17,2195,1
4565,3670,7,212,58,817,1
4566,3166,7,286,23,1609,1
4567,453,7,344,64,188,1
4568,255,7,306,25,2085,1
4569,1611,1,339,64,1202,1
4570,1034,1,455,29,140,1
4571,363,6,420,3,36,1
4572,596,6,259,32,1955,1
4573,1153,6,228,18,91,1
4574,4088,2,339,44,2450,1
4575,3885,7,336,18,2671,1
4576,1858,7,298,32,2659,1
4577,103,7,280,32,1358,1
4578,3453,1,331,58,98,1
4579,706,1,527,44,707,1
4580,363,1,355,22,832,1
4581,103,1,297,44,1198,1
4582,103,1,582,44,1198,1
4583,2179,5,368,32,274,1
4584,507,5,336,44,1580,1
4585,3261,5,360,44,392,1
4586,1034,7,336,10,774,1
4587,1035,2,355,10,1534,1
4588,103,7,161,40,790,1
4589,363,4,282,29,994,1
4590,363,4,520,24,2847,1
4591,418,1,96,44,1133,1
4592,235,4,286,31,391,1
4593,3607,5,336,44,558,1
4594,2452,2,355,22,45,1
4595,2179,7,328,22,559,1
4596,1611,7,145,23,286,1
4597,3607,7,336,44,1299,1
4598,1940,7,420,40,1192,1
4599,1437,1,579,18,1254,1
4600,3128,1,337,31,1866,1
4601,336,1,115,29,1735,1
4602,3319,1,581,23,1579,1
4603,3924,1,593,22,2655,1
4604,1790,1,435,23,2503,1
4605,3886,1,435,23,2753,1
4606,1901,6,259,29,246,1
4607,1901,6,300,29,1838,1
4608,574,6,579,23,912,1
4609,574,6,430,22,376,1
4610,336,6,344,40,442,1
4611,2977,5,435,24,252,1
4612,2145,5,420,32,2753,1
4613,2497,5,495,15,512,1
4614,1877,2,67,24,2620,1
4615,2497,2,435,37,2208,1
4616,1437,2,455,22,2789,1
4617,3499,7,286,28,2208,1
4618,1551,7,256,22,2057,1
4619,2048,7,259,32,2467,1
4620,1859,7,420,28,242,1
4621,2307,7,336,44,2247,1
4622,2452,7,435,34,2197,1
4623,28,1,581,57,1555,1
4624,1036,1,297,31,2409,1
4625,2280,1,309,10,821,1
4626,3366,1,282,29,481,1
4627,683,3,355,58,1736,1
4628,3167,5,447,44,2373,1
4629,2280,5,115,23,1321,1
4630,683,5,256,44,621,1
4631,3751,5,363,23,173,1
4632,3924,7,355,58,2339,1
4633,1036,7,447,10,2671,1
4634,725,2,212,28,442,1
4635,1940,7,363,23,1895,1
4636,2497,7,355,44,1382,1
4637,3908,7,435,32,2450,1
4638,2481,1,306,17,287,1
4639,3366,1,298,28,912,1
4640,3423,1,120,23,806,1
4641,2723,1,541,10,2517,1
4642,3302,1,355,22,45,1
4643,3834,1,329,15,2146,1
4644,1036,6,564,33,316,1
4645,28,5,355,44,663,1
4646,2368,5,222,32,733,1
4647,3526,5,303,40,2025,1
4648,3967,5,157,18,1663,1
4649,3751,5,377,32,107,1
4650,3924,2,324,28,1333,1
4651,683,2,469,15,30,1
4652,1772,7,306,29,2502,1
4653,28,7,328,44,1611,1
4654,337,7,447,22,1299,1
4655,337,7,297,22,663,1
4656,2100,7,157,22,1611,1
4657,337,7,282,32,117,1
4658,4104,7,344,32,37,1
4659,2481,7,223,37,2789,1
4660,3167,7,541,44,1382,1
4661,3167,7,150,24,511,1
4662,649,1,527,22,2479,1
4663,3526,1,192,32,1395,1
4664,148,6,331,24,216,1
4665,3111,6,355,39,2742,1
4666,649,6,297,22,447,1
4667,1394,3,293,29,792,1
4668,3351,5,466,64,1203,1
4669,1394,5,259,64,919,1
4670,104,5,328,44,2373,1
4671,3189,5,105,44,361,1
4672,1100,5,96,22,1977,1
4673,3067,7,336,44,643,1
4674,3189,7,447,22,305,1
4675,816,7,348,10,45,1
4676,1346,2,495,44,2671,1
4677,256,2,115,29,2504,1
4678,2101,2,286,10,2661,1
4679,3234,7,363,17,98,1
4680,3834,7,469,58,176,1
4681,3351,7,336,10,2352,1
4682,2254,7,286,23,1322,1
4683,491,7,435,32,242,1
4684,2453,7,282,40,1333,1
4685,816,7,259,32,1934,1
4686,649,1,331,31,287,1
4687,1302,1,146,44,305,1
4688,2426,1,286,22,92,1
4689,419,6,297,44,751,1
4690,419,6,247,44,447,1
4691,649,6,355,22,935,1
4692,104,5,160,23,2431,1
4693,1394,5,282,32,51,1
4694,2453,5,468,31,1359,1
4695,364,7,527,44,1602,1
4696,3732,7,527,44,1382,1
4697,2887,2,455,18,2450,1
4698,2887,2,13,24,442,1
4699,1696,2,328,10,2368,1
4700,2028,7,289,29,2440,1
4701,3366,7,579,17,2648,1
4702,1374,7,300,18,2331,1
4703,2078,7,431,41,2160,1
4704,1634,7,363,24,340,1
4705,1634,7,420,34,340,1
4706,2498,7,420,24,286,1
4707,3189,7,527,44,466,1
4708,1696,7,145,32,195,1
4709,172,1,430,29,2125,1
4710,29,1,363,23,1444,1
4711,1941,1,297,22,1798,1
4712,1749,1,105,44,1371,1
4713,1658,1,468,44,2583,1
4714,1241,7,297,22,2671,1
4715,1375,7,248,56,1847,1
4716,491,7,258,17,340,1
4717,1658,7,455,10,1979,1
4718,29,7,468,28,1850,1
4719,1002,7,541,29,1425,1
4720,2786,7,115,29,1191,1
4721,1672,7,519,9,141,1
4722,1242,7,428,58,1609,1
4723,405,7,286,44,1726,1
4724,3044,7,259,64,1726,1
4725,1658,7,581,18,2789,1
4726,1375,7,236,29,1764,1
4727,1375,7,259,32,1751,1
4728,1375,1,282,24,1986,1
4729,2551,1,340,3,188,1
4730,1265,6,336,22,175,1
4731,257,5,73,32,560,1
4732,1375,5,249,22,2025,1
4733,575,2,585,31,1847,1
4734,2595,2,336,44,1382,1
4735,191,2,145,22,482,1
4736,1303,7,300,24,2753,1
4737,1002,7,527,44,2027,1
4738,3585,7,337,10,1639,1
4739,3585,7,495,44,2671,1
4740,2281,7,157,10,688,1
4741,1037,7,67,18,2620,1
4742,1375,7,286,18,929,1
4743,1658,7,258,52,30,1
4744,2786,7,428,58,98,1
4745,2454,1,435,37,1279,1
4746,2595,1,435,32,2025,1
4747,3925,1,581,18,1444,1
4748,191,6,336,56,1581,1
4749,85,5,259,64,1372,1
4750,1574,5,297,44,2353,1
4751,1574,5,130,44,1911,1
4752,3190,7,564,22,2671,1
4753,1282,2,146,44,1639,1
4754,1750,7,420,14,2450,1
4755,2308,7,466,64,1253,1
4756,1002,7,564,56,466,1
4757,386,7,286,23,188,1
4758,3068,7,339,23,2195,1
4759,1673,7,420,22,286,1
4760,2223,7,355,44,1611,1
4761,1303,6,256,23,894,1
4762,1673,1,430,15,2354,1
4763,3068,1,298,28,287,1
4764,3068,1,298,28,2620,1
4765,1282,5,286,44,752,1
4766,3909,5,297,22,1349,1
4767,149,5,160,23,1323,1
4768,3926,5,336,22,2157,1
4769,1591,2,259,64,561,1
4770,1129,2,247,29,305,1
4771,817,2,436,29,188,1
4772,2341,7,420,45,2208,1
4773,173,7,527,22,428,1
4774,2369,7,328,44,1505,1
4775,1791,7,297,44,1534,1
4776,236,7,306,17,443,1
4777,3925,7,300,32,290,1
4778,3608,1,519,22,2680,1
4779,2369,1,355,22,1878,1
4780,3562,1,286,28,2676,1
4781,1218,1,581,23,1237,1
4782,1574,5,299,44,2339,1
4783,2847,5,259,28,2753,1
4784,3772,5,336,23,926,1
4785,1470,2,176,32,2221,1
4786,1592,2,90,40,165,1
4787,2168,7,286,3,252,1
4788,1917,7,297,44,1204,1
4789,2102,7,547,32,2229,1
4790,1218,7,435,28,2789,1
4791,3151,6,541,22,1392,1
4792,3979,5,581,28,2797,1
4793,150,7,115,37,2297,1
4794,1154,7,435,23,2493,1
4795,1154,7,435,23,2661,1
4796,2169,7,430,3,1765,1
4797,3968,7,272,14,393,1
4798,192,1,42,23,1441,1
4799,1076,1,286,23,1445,1
4800,470,6,495,56,2173,1
4801,1697,3,185,44,2532,1
4802,1773,5,565,40,1039,1
4803,1773,5,106,40,1039,1
4804,281,5,295,56,920,1
4805,1698,5,158,23,1082,1
4806,2861,5,297,56,1497,1
4807,1076,5,355,44,483,1
4808,420,2,447,44,1349,1
4809,1101,2,347,23,1726,1
4810,1329,7,593,17,929,1
4811,2787,7,120,23,719,1
4812,1705,7,286,17,30,1
4813,387,7,172,40,1719,1
4814,1155,7,435,32,1140,1
4815,3007,7,581,17,247,1
4816,3335,7,435,32,929,1
4817,4044,7,286,23,98,1
4818,1038,1,581,31,1270,1
4819,2241,1,435,32,895,1
4820,2241,1,364,22,1372,1
4821,470,1,160,32,2564,1
4822,1395,1,564,22,663,1
4823,1102,1,146,9,1661,1
4824,2724,6,12,11,1482,1
4825,2724,6,358,31,37,1
4826,2724,6,115,24,464,1
4827,2861,5,336,29,774,1
4828,3835,5,329,44,753,1
4829,3835,7,355,22,1977,1
4830,470,2,340,23,1782,1
4831,2241,2,447,10,1343,1
4832,3090,2,205,22,1644,1
4833,2724,2,419,40,1396,1
4834,3090,2,277,22,2468,1
4835,1612,7,344,24,1744,1
4836,3335,7,407,32,2146,1
4837,3835,1,39,32,164,1
4838,2848,4,259,29,681,1
4839,1039,6,355,9,751,1
4840,2699,7,336,10,2213,1
4841,534,7,297,10,142,1
4842,865,2,256,22,1975,1
4843,2499,2,286,31,2494,1
4844,3500,2,435,31,1143,1
4845,2386,2,286,31,2789,1
4846,3470,7,249,22,1920,1
4847,3191,7,377,32,790,1
4848,282,7,435,23,442,1
4849,535,7,306,44,936,1
4850,2583,7,337,44,2501,1
4851,2680,7,80,23,1861,1
4852,3470,7,495,44,2626,1
4853,597,7,286,44,442,1
4854,2194,7,592,24,818,1
4855,2386,6,485,64,2520,1
4856,2455,7,569,17,2789,1
4857,258,1,256,31,562,1
4858,2848,1,286,3,2457,1
4859,3865,5,306,17,442,1
4860,2194,7,495,44,363,1
4861,2596,2,173,64,1219,1
4862,2309,7,329,14,2174,1
4863,214,7,344,28,2842,1
4864,663,7,447,44,2157,1
4865,1396,7,377,32,1965,1
4866,3927,7,455,10,2331,1
4867,2500,7,344,60,1279,1
4868,3527,7,358,32,1825,1
4869,1983,7,435,32,2450,1
4870,2848,7,286,24,198,1
4871,2146,7,256,44,578,1
4872,471,7,336,56,682,1
4873,2255,7,256,22,1382,1
4874,2255,7,96,22,1382,1
4875,2788,7,256,44,1765,1
4876,124,7,157,22,760,1
4877,2103,7,355,44,1124,1
4878,2147,7,527,22,2173,1
4879,2584,7,527,22,1896,1
4880,707,7,495,44,1765,1
4881,1376,7,355,22,1382,1
4882,3692,1,495,23,2696,1
4883,1531,7,256,22,1461,1
4884,3969,7,328,44,2173,1
4885,2061,7,19,22,2697,1
4886,3091,5,337,23,305,1
4887,125,7,344,23,1271,1
4888,2180,7,135,14,2450,1
4889,2529,7,345,17,394,1
4890,935,7,581,44,2025,1
4891,1532,1,435,23,2475,1
4892,3773,7,161,34,52,1
4893,2518,7,286,23,2505,1
4894,3192,7,363,9,1825,1
4895,2004,7,115,24,1324,1
4896,1243,2,420,28,2789,1
4897,818,7,300,23,327,1
4898,3586,7,473,32,2200,1
4899,1103,7,259,32,1205,1
4900,471,7,282,32,1372,1
4901,936,7,363,22,1582,1
4902,3928,7,67,17,1601,1
4903,3928,7,306,17,1938,1
4904,283,7,593,23,252,1
4905,365,7,578,28,2208,1
4906,1040,7,309,37,1333,1
4907,124,7,593,29,1372,1
4908,2725,2,469,44,1912,1
4909,2725,2,511,44,1397,1
4910,3645,7,581,14,2722,1
4911,1283,1,420,18,340,1
4912,3112,7,300,23,2191,1
4913,4022,7,344,28,752,1
4914,50,5,67,24,1126,1
4915,2005,7,344,29,2025,1
4916,1397,7,306,17,1506,1
4917,3999,7,581,45,2661,1
4918,664,7,316,32,1285,1
4919,259,7,358,29,2493,1
4920,1918,7,420,44,1126,1
4921,2700,7,570,18,442,1
4922,1347,7,286,23,120,1
4923,4089,7,447,10,2671,1
4924,1984,7,329,44,464,1
4925,2206,7,527,44,155,1
4926,1613,7,468,22,2789,1
4927,3587,7,67,45,2789,1
4928,880,5,139,23,2475,1
4929,284,5,115,32,1193,1
4930,576,5,218,22,2671,1
4931,2029,5,247,22,2671,1
4932,2049,5,297,29,563,1
4933,1438,5,218,31,2671,1
4934,726,5,206,15,2410,1
4935,726,5,303,22,976,1
4936,1614,5,249,32,2661,1
4937,1471,5,355,44,1977,1
4938,819,5,360,44,448,1
4939,1104,5,96,44,1977,1
4940,124,5,368,32,464,1
4941,3929,5,306,44,1825,1
4942,1814,5,146,4,72,1
4943,3471,5,270,14,1762,1
4944,1439,5,146,44,1727,1
4945,1552,5,299,22,632,1
4946,366,5,469,58,395,1
4947,975,5,259,17,905,1
4948,1815,5,533,46,937,1
4949,2819,5,331,23,2214,1
4950,30,5,286,28,143,1
4951,3129,5,527,22,579,1
4952,3424,5,272,56,1579,1
4953,1304,5,541,22,2058,1
4954,3795,5,403,23,177,1
4955,2552,5,297,22,2865,1
4956,338,5,259,32,2611,1
4957,338,5,115,32,2236,1
4958,1040,5,135,58,445,1
4959,339,5,355,44,2057,1
4960,339,5,145,29,1762,1
4961,2597,5,430,44,977,1
4962,2597,5,286,44,1256,1
4963,748,5,297,50,275,1
4964,2529,5,527,46,1286,1
4965,1003,5,145,23,98,1
4966,4066,5,286,23,1372,1
4967,3774,5,363,23,2714,1
4968,2820,4,581,22,1202,1
4969,2770,4,447,44,780,1
4970,2207,1,256,22,1101,1
4971,1418,1,120,29,1398,1
4972,1751,1,430,44,1663,1
4973,1506,1,593,6,2453,1
4974,3262,4,549,51,2649,1
4975,3775,1,270,23,877,1
4976,1728,1,280,32,2050,1
4977,2565,1,363,29,328,1
4978,2681,1,541,44,712,1
4979,1440,1,570,17,580,1
4980,1860,1,139,23,1157,1
4981,2701,1,420,28,1939,1
4982,1441,1,331,23,1325,1
4983,1330,3,358,23,2126,1
4984,3944,1,355,22,2612,1
4985,2821,1,19,22,2613,1
4986,1960,4,309,64,1158,1
4987,2862,4,355,58,644,1
4988,2006,1,297,22,978,1
4989,2820,1,280,40,1979,1
4990,2820,1,328,22,1661,1
4991,2700,1,286,22,1979,1
4992,1441,1,228,24,252,1
4993,2923,1,146,44,1661,1
4994,2030,1,286,44,173,1
4995,260,1,133,22,2373,1
4996,3425,1,541,58,2373,1
4997,1615,1,286,31,252,1
4998,1192,1,355,44,663,1
4999,1192,1,355,44,1661,1
5000,2061,4,564,44,645,1
5001,1816,4,157,22,1094,1
5002,954,1,336,29,1664,1
5003,2770,1,358,17,173,1
5004,2770,1,592,64,1640,1
5005,2282,1,328,22,38,1
5006,3352,1,420,23,622,1
5007,3969,1,256,44,2099,1
5008,1219,1,363,57,1426,1
5009,2770,1,337,56,178,1
5010,2771,1,336,9,17,1
5011,2978,1,87,44,1800,1
5012,4090,1,435,32,2147,1
5013,1347,1,355,22,2533,1
5014,2725,1,581,10,2662,1
5015,1961,6,297,44,2058,1
5016,3563,6,447,22,1556,1
5017,1593,6,457,40,449,1
5018,1593,6,541,22,291,1
5019,1398,6,336,44,906,1
5020,4090,6,306,22,2215,1
5021,1397,6,569,22,1557,1
5022,1220,6,344,29,564,1
5023,3092,6,256,22,2057,1
5024,3866,6,304,24,1427,1
5025,1004,6,256,44,1865,1
5026,1004,6,297,44,1865,1
5027,1004,6,447,22,1663,1
5028,1004,6,146,22,305,1
5029,4089,4,361,23,188,1
5030,1878,4,358,24,1922,1
5031,3069,4,67,17,608,1
5032,866,1,256,44,1534,1
5033,1305,7,435,17,1174,1
5034,1243,2,120,32,2504,1
5035,3426,2,592,24,2576,1
5036,259,2,90,40,2411,1
5037,1266,2,593,52,1040,1
5038,1441,2,564,44,2173,1
5039,2123,2,435,23,1946,1
5040,2123,2,581,31,1946,1
5041,1706,2,115,23,1946,1
5042,1193,2,150,32,1253,1
5043,2849,2,430,17,45,1
5044,3424,2,454,40,1194,1
5045,2989,2,39,40,2534,1
5046,708,2,48,40,1443,1
5047,2725,2,527,44,1997,1
5048,1506,2,146,22,528,1
5049,1397,2,420,31,2227,1
5050,598,2,289,23,124,1
5051,1005,2,139,15,252,1
5052,2530,2,337,44,245,1
5053,2530,2,104,32,733,1
5054,2822,2,592,23,2411,1
5055,819,2,527,56,835,1
5056,2224,2,435,23,1279,1
5057,3528,2,581,44,1816,1
5058,3910,2,473,32,1159,1
5059,1244,2,150,32,818,1
5060,1397,2,120,23,2611,1
5061,1193,2,150,32,1462,1
5062,620,2,286,44,188,1
5063,3472,2,447,22,1558,1
5064,2823,2,447,44,2173,1
5065,1330,2,336,44,1534,1
5066,1041,2,368,58,2236,1
5067,1156,2,420,58,2611,1
5068,1156,2,420,58,2236,1
5069,1156,2,541,31,1712,1
5070,2750,2,90,37,1395,1
5071,2702,2,355,15,1124,1
5072,492,2,455,45,609,1
5073,2255,2,344,34,1816,1
5074,921,2,286,44,188,1
5075,3733,2,581,31,188,1
5076,2702,2,297,44,1534,1
5077,2208,2,368,28,1946,1
5078,1815,2,272,9,1744,1
5079,621,2,360,23,2432,1
5080,1347,2,527,44,1534,1
5081,1492,2,51,23,1195,1
5082,2427,2,173,32,646,1
5083,1635,2,361,24,2789,1
5084,2529,2,368,17,2771,1
5085,3944,2,473,11,2772,1
5086,1879,2,447,44,2127,1
5087,664,2,98,32,98,1
5088,1815,2,420,29,98,1
5089,3193,2,223,23,1035,1
5090,421,2,286,22,2025,1
5091,1942,2,67,18,2848,1
5092,3692,2,355,22,45,1
5093,174,2,286,44,188,1
5094,1506,2,39,11,2380,1
5095,1105,2,527,31,807,1
5096,2664,2,286,23,929,1
5097,1729,2,454,32,1771,1
5098,3382,2,96,10,774,1
5099,2123,2,251,31,1035,1
5100,2923,2,189,23,108,1
5101,3263,2,420,11,2789,1
5102,1836,2,420,15,500,1
5103,2960,2,419,34,1175,1
5104,1003,2,348,10,529,1
5105,3130,2,512,23,1095,1
5106,1041,2,467,45,188,1
5107,664,2,454,23,1253,1
5108,1399,2,120,23,2381,1
5109,30,2,347,28,18,1
5110,30,2,347,28,1333,1
5111,2146,7,355,44,2355,1
5112,2370,7,342,29,2576,1
5113,2224,7,420,24,1691,1
5114,1267,7,455,58,30,1
5115,1635,7,282,23,276,1
5116,818,7,363,23,340,1
5117,2195,7,309,32,608,1
5118,3501,7,286,15,252,1
5119,3945,7,581,23,2722,1
5120,3501,7,581,23,2444,1
5121,2148,7,420,24,2722,1
5122,1533,7,256,44,688,1
5123,1106,7,67,29,2444,1
5124,2584,7,249,23,1946,1
5125,3070,7,420,22,1923,1
5126,366,7,420,17,2866,1
5127,3930,7,298,34,2717,1
5128,2819,7,363,23,2252,1
5129,3194,7,428,28,98,1
5130,1816,7,360,29,774,1
5131,2196,7,138,32,2296,1
5132,3195,7,286,22,2722,1
5133,3795,7,50,40,2515,1
5134,3113,7,212,32,2469,1
5135,1107,7,336,15,663,1
5136,2978,7,286,15,30,1
5137,3646,7,583,24,1752,1
5138,1919,7,420,29,478,1
5139,3692,7,67,32,929,1
5140,3646,7,455,29,1633,1
5141,2103,7,256,56,1765,1
5142,338,7,96,44,2173,1
5143,3071,7,280,32,2208,1
5144,339,7,368,32,1879,1
5145,1752,7,286,52,1725,1
5146,2007,7,259,28,2034,1
5147,3586,7,297,44,1382,1
5148,3945,7,438,41,1713,1
5149,2598,7,363,18,442,1
5150,3776,7,286,23,442,1
5151,367,7,157,50,663,1
5152,3382,7,223,52,2789,1
5153,1245,7,435,23,929,1
5154,1860,7,444,34,1116,1
5155,2681,7,355,58,353,1
5156,2681,7,248,58,353,1
5157,2681,7,115,28,1117,1
5158,2565,7,306,29,2789,1
5159,1440,7,256,22,2141,1
5160,472,7,420,23,1801,1
5161,1493,7,527,44,1382,1
5162,598,7,39,32,1039,1
5163,3131,7,344,32,608,1
5164,935,7,355,22,1382,1
5165,1056,7,355,44,45,1
5166,3773,7,259,29,2296,1
5167,2726,7,581,44,2650,1
5168,770,7,541,31,774,1
5169,975,7,355,44,2117,1
5170,1419,7,435,52,1801,1
5171,3235,7,447,25,1382,1
5172,1615,7,212,52,2789,1
5173,1615,7,435,24,929,1
5174,1918,7,297,44,1765,1
5175,1636,7,435,23,1102,1
5176,1419,7,355,58,45,1
5177,2531,7,345,29,1801,1
5178,1472,7,527,44,1382,1
5179,2079,7,286,17,39,1
5180,1457,7,541,29,2671,1
5181,2310,7,336,44,774,1
5182,2310,7,527,44,774,1
5183,3473,7,67,17,6,1
5184,2208,7,490,17,2636,1
5185,2821,7,530,40,2229,1
5186,2208,7,541,31,2501,1
5187,1815,7,67,23,1609,1
5188,340,7,455,58,2789,1
5189,3777,7,282,17,737,1
5190,3777,7,90,64,1603,1
5191,492,7,399,17,508,1
5192,909,7,189,18,1801,1
5193,2342,7,435,28,2789,1
5194,1305,7,67,17,1801,1
5195,1305,7,286,23,1334,1
5196,1108,7,139,23,442,1
5197,664,7,428,23,929,1
5198,2789,7,189,58,2743,1
5199,3796,7,368,37,1117,1
5200,50,7,490,23,450,1
5201,1532,7,212,23,2289,1
5202,4067,7,363,44,1725,1
5203,621,7,581,18,1714,1
5204,3069,7,297,44,1382,1
5205,3194,7,256,29,2754,1
5206,125,7,280,64,1801,1
5207,2197,7,564,57,1382,1
5208,2196,7,286,23,73,1
5209,2501,7,336,17,1304,1
5210,2531,7,431,32,1039,1
5211,2327,7,342,58,1516,1
5212,1399,7,368,3,609,1
5213,1492,7,435,32,1946,1
5214,1243,7,67,58,2789,1
5215,4091,7,96,56,2011,1
5216,1107,7,256,56,2011,1
5217,576,7,435,32,1609,1
5218,3132,7,280,32,1825,1
5219,2148,7,420,32,1879,1
5220,10,7,300,32,2722,1
5221,175,7,468,22,2661,1
5222,1042,7,455,28,1932,1
5223,3263,7,286,29,2789,1
5224,3734,7,363,23,1326,1
5225,2701,7,435,23,292,1
5226,1193,7,328,44,2339,1
5227,1306,7,96,56,1382,1
5228,2849,7,228,40,98,1
5229,3133,7,298,40,188,1
5230,3133,7,286,22,188,1
5231,237,7,420,3,74,1
5232,1728,7,420,52,1116,1
5233,936,7,337,44,2171,1
5234,1109,7,286,18,188,1
5235,2788,7,344,24,188,1
5236,492,7,67,17,1946,1
5237,1594,7,473,24,1737,1
5238,1438,7,336,44,654,1
5239,3194,7,430,44,1251,1
5240,30,7,336,22,1705,1
5241,3367,7,120,58,1426,1
5242,3367,7,355,31,273,1
5243,536,7,420,23,1016,1
5244,3645,7,286,18,2789,1
5245,367,7,146,57,245,1
5246,2008,7,570,31,742,1
5247,3353,7,67,29,836,1
5248,283,7,337,22,1007,1
5249,1707,7,286,23,1998,1
5250,1817,7,260,32,2296,1
5251,3693,7,297,22,995,1
5252,2771,7,286,56,2722,1
5253,3368,7,377,29,209,1
5254,1077,7,526,28,2743,1
5255,1077,7,420,23,1998,1
5256,1130,7,455,29,2296,1
5257,4023,7,259,58,442,1
5258,820,7,115,29,2269,1
5259,1078,7,435,40,1932,1
5260,1752,7,67,17,2789,1
5261,2823,7,420,58,2789,1
5262,472,7,435,40,508,1
5263,1306,7,336,44,738,1
5264,508,7,435,29,1116,1
5265,955,7,135,52,2444,1
5266,2960,7,581,23,2356,1
5267,1306,7,67,23,1998,1
5268,4024,7,286,44,2290,1
5269,4024,7,355,44,1765,1
5270,2863,7,336,44,2141,1
5271,1552,7,67,64,1116,1
5272,3336,7,541,31,1382,1
5273,1439,7,280,23,442,1
5274,366,7,300,29,2789,1
5275,1347,7,223,32,836,1
5276,3564,7,455,28,1634,1
5277,956,7,490,40,2229,1
5278,1532,7,67,32,442,1
5279,2615,7,146,44,1765,1
5280,2638,7,490,17,1753,1
5281,3713,7,527,50,2671,1
5282,1637,1,447,22,2627,1
5283,2080,7,337,44,1382,1
5284,2790,7,96,44,2173,1
5285,2615,7,336,57,1206,1
5286,3931,7,527,44,2173,1
5287,1818,7,336,22,1096,1
5288,3045,7,256,22,2696,1
5289,3303,7,355,31,2173,1
5290,2104,7,247,44,1382,1
5291,1985,7,309,24,117,1
5292,3046,7,455,45,1506,1
5293,3624,7,150,32,2847,1
5294,881,2,329,18,1305,1
5295,1006,2,115,17,2655,1
5296,2062,7,344,40,1867,1
5297,3217,7,300,14,340,1
5298,3694,7,420,52,1506,1
5299,3502,2,331,31,1321,1
5300,1819,7,420,31,2208,1
5301,1674,7,363,17,429,1
5302,749,7,435,17,865,1
5303,3931,7,115,28,2521,1
5304,2343,7,581,17,1622,1
5305,4025,7,420,29,1879,1
5306,3588,7,581,29,594,1
5307,1985,7,145,23,697,1
5308,1985,7,236,31,293,1
5309,1985,7,593,29,697,1
5310,3588,2,336,22,1967,1
5311,937,6,491,10,1035,1
5312,3821,5,430,44,1428,1
5313,1043,5,581,44,595,1
5314,1985,5,309,17,1838,1
5315,3264,5,286,3,98,1
5316,3264,5,139,52,2208,1
5317,1553,5,553,32,2823,1
5318,2751,5,435,29,950,1
5319,3797,5,435,29,1738,1
5320,3836,5,336,44,166,1
5321,821,5,206,31,1826,1
5322,2283,5,5,44,188,1
5323,4025,5,115,58,937,1
5324,3980,5,286,29,188,1
5325,1131,5,581,44,1762,1
5326,1554,5,115,24,1334,1
5327,1131,5,344,29,1193,1
5328,3168,5,581,10,2469,1
5329,238,5,541,22,2175,1
5330,2009,5,139,29,2655,1
5331,473,5,299,22,2302,1
5332,3168,5,355,44,2651,1
5333,86,5,368,40,793,1
5334,3887,5,564,22,1507,1
5335,1348,5,331,29,2148,1
5336,2387,5,344,40,2655,1
5337,368,1,264,23,1033,1
5338,2170,4,67,46,1503,1
5339,3168,1,447,22,1041,1
5340,105,4,541,44,1287,1
5341,3671,4,564,22,663,1
5342,537,1,39,64,220,1
5343,3714,1,541,44,1238,1
5344,3887,1,527,22,1220,1
5345,1774,1,355,44,2697,1
5346,867,1,300,32,1839,1
5347,1400,1,527,10,866,1
5348,3474,1,145,23,2412,1
5349,3752,6,447,44,1645,1
5350,369,6,247,44,1160,1
5351,665,6,51,28,764,1
5352,1506,6,336,22,144,1
5353,2062,6,542,18,1530,1
5354,2062,6,581,18,951,1
5355,2979,6,420,23,1359,1
5356,3714,6,593,22,30,1
5357,937,6,286,44,2025,1
5358,3715,6,19,10,2413,1
5359,1473,1,262,32,2270,1
5360,3152,2,286,17,2661,1
5361,1284,2,115,29,508,1
5362,3114,2,96,22,2671,1
5363,3114,2,256,22,1765,1
5364,3911,2,447,22,2357,1
5365,922,2,368,32,2753,1
5366,3798,2,455,28,1221,1
5367,87,2,420,3,1008,1
5368,239,2,272,44,2192,1
5369,3752,2,569,10,1838,1
5370,2327,2,454,40,642,1
5371,105,2,139,28,188,1
5372,1775,2,67,32,442,1
5373,4092,2,430,22,1382,1
5374,105,2,265,31,2208,1
5375,302,2,286,44,929,1
5376,2328,2,435,24,1035,1
5377,3752,2,355,44,1765,1
5378,3093,2,435,28,1825,1
5379,3168,2,48,32,2576,1
5380,3799,2,84,23,2296,1
5381,3168,2,546,39,430,1
5382,2387,2,455,52,2714,1
5383,1943,2,286,28,2197,1
5384,1079,2,259,31,1709,1
5385,922,2,167,11,2149,1
5386,238,2,135,29,2659,1
5387,2387,2,473,29,2576,1
5388,2639,2,369,34,442,1
5389,684,2,420,28,188,1
5390,126,2,455,15,1946,1
5391,1674,2,263,23,2611,1
5392,388,2,139,10,188,1
5393,922,2,67,29,1134,1
5394,922,2,512,24,1786,1
5395,3798,2,115,23,173,1
5396,3283,2,368,40,1035,1
5397,2944,7,337,10,2166,1
5398,1131,7,328,44,565,1
5399,3153,7,115,32,2252,1
5400,1861,7,298,37,1801,1
5401,3715,7,259,37,2208,1
5402,2283,7,526,24,1117,1
5403,1637,7,177,23,2470,1
5404,1637,7,64,23,2128,1
5405,3715,7,147,41,818,1
5406,4025,7,146,22,1534,1
5407,3836,7,435,29,2208,1
5408,3797,7,581,29,292,1
5409,881,7,556,32,1754,1
5410,881,7,531,29,2534,1
5411,650,7,541,44,1428,1
5412,2615,7,420,17,2782,1
5413,1007,7,306,10,2396,1
5414,1920,7,120,24,204,1
5415,238,7,581,23,1498,1
5416,650,7,336,44,1661,1
5417,1819,7,331,18,2611,1
5418,3887,7,300,32,1035,1
5419,30,7,541,10,1382,1
5420,2197,7,62,23,2440,1
5421,3752,7,306,17,442,1
5422,1221,7,39,39,1924,1
5423,1944,7,161,58,1253,1
5424,3093,7,435,64,1609,1
5425,1861,7,259,58,2252,1
5426,577,7,569,31,929,1
5427,2124,7,258,58,2034,1
5428,3752,7,161,11,2636,1
5429,3800,7,555,29,188,1
5430,2819,7,300,23,2252,1
5431,11,7,259,58,1020,1
5432,11,7,286,44,1825,1
5433,1221,7,259,32,1144,1
5434,1861,7,282,28,1116,1
5435,2665,7,447,22,713,1
5436,1985,7,345,64,1999,1
5437,867,7,14,64,1017,1
5438,3797,7,368,45,1840,1
5439,3715,7,420,23,1609,1
5440,2864,7,447,56,2339,1
5441,3715,7,430,15,210,1
5442,3715,7,259,52,1498,1
5443,3715,7,115,28,754,1
5444,3715,7,286,31,2252,1
5445,3778,7,355,44,1534,1
5446,1553,7,300,58,1932,1
5447,1985,7,67,23,179,1
5448,1637,7,564,9,1272,1
5449,370,7,435,32,2450,1
5450,1554,7,368,32,2208,1
5451,1554,7,507,32,1035,1
5452,3474,7,435,52,1713,1
5453,151,7,51,17,98,1
5454,685,7,286,44,188,1
5455,1194,7,527,44,245,1
5456,749,7,306,17,1755,1
5457,454,7,236,58,951,1
5458,685,7,420,28,1508,1
5459,3169,7,259,17,2161,1
5460,3168,7,435,29,1998,1
5461,2639,7,363,31,292,1
5462,1986,7,286,31,1334,1
5463,3588,7,328,22,1639,1
5464,3502,7,288,56,1035,1
5465,2865,7,521,32,2440,1
5466,3503,7,581,45,952,1
5467,1837,7,104,29,867,1
5468,3821,7,286,23,98,1
5469,1553,7,67,58,508,1
5470,493,7,358,23,929,1
5471,105,7,355,49,2368,1
5472,1774,7,260,37,188,1
5473,2009,7,309,37,1116,1
5474,3836,7,157,44,1047,1
5475,1222,7,336,44,1940,1
5476,1246,7,420,32,2025,1
5477,796,7,355,10,210,1
5478,1861,7,67,3,2789,1
5479,11,7,435,58,508,1
5480,3046,7,527,22,1382,1
5481,2124,7,463,9,544,1
5482,3946,7,447,44,1635,1
5483,3946,7,527,22,1765,1
5484,2225,7,306,18,179,1
5485,867,7,286,17,929,1
5486,1284,7,363,44,1327,1
5487,821,7,147,32,1039,1
5488,2866,7,455,29,1801,1
5489,1554,7,336,44,377,1
5490,127,7,259,60,2297,1
5491,2888,7,145,32,1035,1
5492,685,7,298,28,1161,1
5493,976,7,581,10,2789,1
5494,3196,7,4,3,742,1
5495,796,6,39,32,1288,1
5496,2030,6,344,18,979,1
5497,4068,5,336,44,1176,1
5498,2599,2,167,58,1772,1
5499,3625,7,431,32,2584,1
5500,193,7,440,32,953,1
5501,2344,7,586,32,994,1
5502,838,7,397,28,294,1
5503,1902,7,496,32,2521,1
5504,2682,7,461,52,2783,1
5505,2600,7,432,10,1551,1
5506,2428,7,503,44,1589,1
5507,2682,5,503,33,726,1
5508,1820,7,422,29,1116,1
5509,578,7,297,44,1765,1
5510,1838,5,447,23,1425,1
5511,3475,2,256,9,2157,1
5512,3672,7,336,10,1534,1
5513,727,4,328,44,1765,1
5514,599,7,208,22,663,1
5515,1223,7,297,44,45,1
5516,2599,7,355,10,2368,1
5517,3454,7,541,10,2373,1
5518,3369,7,447,22,2548,1
5519,3383,7,503,23,2141,1
5520,3383,7,527,22,4,1
5521,1307,7,256,44,663,1
5522,2867,7,382,22,1765,1
5523,4069,7,503,44,45,1
5524,2482,7,208,44,969,1
5525,3912,7,503,22,527,1
5526,3549,7,208,44,245,1
5527,3589,5,247,22,2339,1
5528,838,7,382,44,663,1
5529,455,1,382,31,1925,1
5530,2824,7,297,44,1590,1
5531,3504,7,256,44,663,1
5532,1195,7,423,22,1096,1
5533,635,7,297,44,2051,1
5534,1494,7,247,44,2397,1
5535,635,7,256,22,1765,1
5536,3716,5,200,44,467,1
5537,4070,7,178,32,2296,1
5538,666,7,401,22,929,1
5539,2825,7,310,23,929,1
5540,2640,7,441,29,173,1
5541,3717,7,496,23,1646,1
5542,3970,7,401,10,1647,1
5543,1495,7,341,46,1692,1
5544,456,7,420,23,361,1
5545,3476,7,376,32,329,1
5546,1595,7,286,10,464,1
5547,1792,7,468,29,2789,1
5548,2727,7,26,52,1273,1
5549,1132,7,249,29,1601,1
5550,3647,7,420,32,1744,1
5551,51,7,422,17,2382,1
5552,2149,4,168,44,2562,1
5553,910,7,43,52,1035,1
5554,3170,7,493,24,1979,1
5555,600,7,391,32,1194,1
5556,2456,7,92,64,125,1
5557,3427,7,240,32,596,1
5558,4093,7,496,32,1825,1
5559,1495,7,422,40,1648,1
5560,1555,7,378,23,2661,1
5561,1555,7,116,23,1946,1
5562,3384,7,461,28,156,1
5563,3947,7,1,17,2109,1
5564,1839,7,344,41,188,1
5565,1675,7,528,32,642,1
5566,1675,7,115,23,2296,1
5567,1839,7,344,64,2340,1
5568,2345,7,420,44,1333,1
5569,1534,7,530,32,818,1
5570,555,7,259,32,597,1
5571,2457,7,581,17,2565,1
5572,389,7,115,32,1660,1
5573,3304,7,286,23,98,1
5574,1556,7,581,28,1979,1
5575,1730,7,527,10,2773,1
5576,1474,7,6,29,1841,1
5577,2641,2,388,28,188,1
5578,2483,6,446,44,1614,1
5579,52,7,208,22,484,1
5580,52,7,343,22,1287,1
5581,3171,5,527,29,2086,1
5582,2388,5,286,45,2655,1
5583,3947,5,259,64,1250,1
5584,3947,5,115,64,513,1
5585,1176,5,145,15,513,1
5586,2181,5,336,29,1868,1
5587,1839,5,286,44,277,1
5588,1839,5,67,40,277,1
5589,67,5,161,40,818,1
5590,128,5,447,44,1604,1
5591,2226,5,286,31,1445,1
5592,957,5,223,64,1463,1
5593,422,5,150,32,878,1
5594,2457,5,435,52,1399,1
5595,622,5,420,52,1636,1
5596,1699,5,593,44,667,1
5597,1699,5,115,14,2744,1
5598,2599,5,115,32,396,1
5599,3718,5,328,10,180,1
5600,3476,5,528,32,1118,1
5601,3476,5,581,23,2471,1
5602,3867,5,430,22,1649,1
5603,3648,5,357,40,2012,1
5604,1132,5,39,11,818,1
5605,1442,5,96,50,397,1
5606,3094,5,212,23,513,1
5607,938,5,448,37,2495,1
5608,939,5,447,44,378,1
5609,4000,5,208,44,180,1
5610,3932,5,240,52,126,1
5611,3505,5,200,22,2755,1
5612,839,5,178,52,1324,1
5613,1496,5,401,44,188,1
5614,194,5,378,23,2566,1
5615,2458,5,401,22,93,1
5616,4069,5,458,14,1372,1
5617,194,5,493,23,1274,1
5618,2990,5,178,52,1879,1
5619,1659,5,456,37,2611,1
5620,3626,5,493,17,2358,1
5621,195,5,58,52,2201,1
5622,31,5,267,64,1445,1
5623,4094,5,208,22,1534,1
5624,32,5,423,44,514,1
5625,3779,5,447,10,1798,1
5626,457,5,65,45,1869,1
5627,3337,5,456,52,2197,1
5628,2063,5,7,32,2215,1
5629,3477,1,343,44,2696,1
5630,2907,5,477,44,278,1
5631,3609,5,404,40,2756,1
5632,3970,5,297,44,2052,1
5633,840,5,437,44,40,1
5634,2371,5,447,10,2798,1
5635,3590,5,422,32,2594,1
5636,3649,5,178,52,2628,1
5637,3154,5,208,58,468,1
5638,2010,5,157,31,94,1
5639,2459,5,168,18,1239,1
5640,3753,5,588,44,545,1
5641,940,5,388,23,1446,1
5642,2683,5,180,32,1400,1
5643,2256,5,401,44,431,1
5644,1507,5,534,18,879,1
5645,2980,5,388,52,485,1
5646,538,5,422,3,2176,1
5647,538,5,178,3,1509,1
5648,1676,1,135,52,2480,1
5649,1044,1,135,52,1168,1
5650,33,1,247,39,305,1
5651,2981,1,564,10,2757,1
5652,88,1,96,39,2339,1
5653,88,1,297,39,2339,1
5654,2389,1,447,39,1207,1
5655,12,1,541,58,2058,1
5656,1420,1,157,22,1865,1
5657,3947,1,139,32,2714,1
5658,2484,1,288,22,1177,1
5659,2484,1,564,50,211,1
5660,2484,1,48,40,642,1
5661,2484,1,435,22,1009,1
5662,67,1,417,32,546,1
5663,539,1,431,39,2042,1
5664,3981,1,298,28,515,1
5665,2209,1,96,22,2057,1
5666,3320,1,96,22,1534,1
5667,1268,1,420,23,2013,1
5668,3236,1,418,23,822,1
5669,129,1,303,17,1946,1
5670,3095,1,430,44,2433,1
5671,4068,1,521,40,2237,1
5672,579,1,468,31,2714,1
5673,3385,1,449,29,980,1
5674,841,1,259,28,1839,1
5675,841,1,345,52,418,1
5676,623,1,276,32,252,1
5677,3455,1,168,31,1609,1
5678,686,1,96,22,1003,1
5679,2889,1,468,15,865,1
5680,1224,1,581,15,252,1
5681,579,4,297,28,2476,1
5682,2868,1,344,32,1946,1
5683,939,1,527,15,2011,1
5684,2081,1,495,22,2303,1
5685,938,1,139,32,1483,1
5686,938,1,96,22,1661,1
5687,882,4,343,22,307,1
5688,1133,1,452,22,2171,1
5689,1458,1,534,18,1541,1
5690,1308,1,437,50,252,1
5691,1134,1,157,44,1097,1
5692,193,1,200,22,2186,1
5693,1459,1,401,28,1168,1
5694,2460,1,458,44,252,1
5695,194,1,401,17,1623,1
5696,1110,5,456,64,2359,1
5697,32,4,256,22,1103,1
5698,423,1,503,44,2011,1
5699,2390,1,447,22,2271,1
5700,941,1,534,23,1503,1
5701,3170,1,107,64,1239,1
5702,1496,1,297,25,2506,1
5703,1496,1,513,9,2506,1
5704,423,4,503,39,2652,1
5705,1659,4,401,52,1373,1
5706,1903,4,208,44,2373,1
5707,3801,1,397,34,432,1
5708,2532,1,527,22,1542,1
5709,4026,4,459,44,2025,1
5710,423,1,178,23,252,1
5711,2311,1,408,23,1879,1
5712,2105,1,502,17,683,1
5713,2372,4,414,29,1464,1
5714,2346,3,588,23,1773,1
5715,3284,1,535,23,2549,1
5716,797,1,514,64,2594,1
5717,1840,1,397,23,907,1
5718,1840,1,241,29,907,1
5719,1840,1,564,29,2202,1
5720,1475,1,181,52,2655,1
5721,1349,1,200,22,780,1
5722,2347,1,432,22,780,1
5723,1700,1,182,29,433,1
5724,1904,1,415,23,1870,1
5725,2031,1,447,10,145,1
5726,3609,1,503,58,2849,1
5727,1905,1,447,44,780,1
5728,3888,1,464,44,780,1
5729,3888,1,527,44,780,1
5730,2010,1,23,9,2341,1
5731,2429,1,341,29,279,1
5732,2171,1,447,10,295,1
5733,1247,1,168,31,19,1
5734,4095,1,6,29,610,1
5735,2459,1,477,28,1811,1
5736,1508,5,201,44,295,1
5737,709,1,527,22,1980,1
5738,2600,1,447,2,2824,1
5739,2459,1,181,52,1492,1
5740,1362,1,527,44,969,1
5741,4096,1,502,40,1484,1
5742,1057,1,330,32,1897,1
5743,2642,1,117,44,330,1
5744,2682,1,401,44,1378,1
5745,2461,1,343,22,1981,1
5746,2824,1,503,44,808,1
5747,1905,1,271,23,221,1
5748,3428,1,401,44,2799,1
5749,3868,4,382,22,2709,1
5750,2683,1,408,23,598,1
5751,601,1,365,44,221,1
5752,1557,1,108,3,2412,1
5753,868,1,401,44,1956,1
5754,3529,1,297,58,1447,1
5755,1841,1,7,23,1222,1
5756,3868,1,341,18,354,1
5757,474,1,201,10,1306,1
5758,3780,1,117,10,2053,1
5759,1460,1,117,10,2053,1
5760,406,1,146,44,1675,1
5761,2791,1,92,64,221,1
5762,316,1,588,44,2383,1
5763,1660,1,503,22,1981,1
5764,1363,1,401,29,2087,1
5765,635,1,168,58,1559,1
5766,1921,4,178,29,109,1
5767,1921,4,66,29,1510,1
5768,750,1,477,15,1429,1
5769,3385,1,6,24,1448,1
5770,750,1,496,29,2414,1
5771,750,1,423,44,2550,1
5772,1460,1,447,10,1520,1
5773,750,1,382,44,2550,1
5774,1753,1,527,22,1289,1
5775,3591,1,554,24,880,1
5776,556,1,27,22,343,1
5777,557,1,297,22,2811,1
5778,2980,1,477,22,261,1
5779,2050,1,107,17,252,1
5780,3780,4,422,52,1307,1
5781,33,6,328,50,2384,1
5782,3672,6,331,29,2238,1
5783,3672,6,581,29,2360,1
5784,317,6,277,22,1977,1
5785,3338,6,527,56,355,1
5786,771,6,256,22,181,1
5787,3719,1,409,3,515,1
5788,2482,1,522,29,868,1
5789,686,1,96,44,180,1
5790,3338,4,343,49,484,1
5791,2791,2,452,22,2173,1
5792,407,2,62,29,818,1
5793,3720,2,336,31,2548,1
5794,1987,2,581,10,1946,1
5795,3565,2,259,32,566,1
5796,1792,2,286,44,182,1
5797,3971,2,430,17,1765,1
5798,2727,2,151,58,1725,1
5799,1331,2,214,23,2296,1
5800,4045,2,325,24,929,1
5801,882,2,344,28,2470,1
5802,558,2,344,41,1744,1
5803,1776,2,450,32,2611,1
5804,882,2,228,28,418,1
5805,580,2,328,22,45,1
5806,130,2,469,58,1506,1
5807,3650,2,297,22,2671,1
5808,939,2,554,28,1116,1
5809,2982,2,437,22,1083,1
5810,4070,2,502,32,231,1
5811,882,2,378,17,2789,1
5812,839,2,276,17,1116,1
5813,2462,2,401,44,445,1
5814,1922,2,382,44,45,1
5815,2460,2,397,23,1825,1
5816,2458,2,373,10,2481,1
5817,2458,2,42,65,2177,1
5818,4071,2,422,17,2398,1
5819,4071,2,6,23,2291,1
5820,1793,2,401,10,1744,1
5821,1110,2,372,22,2173,1
5822,1196,2,116,23,905,1
5823,923,2,140,24,232,1
5824,1509,2,458,22,2216,1
5825,152,2,477,44,98,1
5826,2106,2,452,10,1661,1
5827,2346,2,244,65,2054,1
5828,798,2,271,64,1334,1
5829,2792,2,256,7,1765,1
5830,1349,2,508,15,527,1
5831,3717,2,168,31,2361,1
5832,2430,2,400,18,2361,1
5833,3589,2,186,34,2784,1
5834,2684,2,10,40,1178,1
5835,3717,2,440,23,317,1
5836,842,2,146,22,2671,1
5837,1708,2,6,40,1648,1
5838,1905,2,66,14,418,1
5839,1902,2,449,31,1825,1
5840,1476,2,504,58,508,1
5841,651,2,378,29,599,1
5842,2171,2,10,11,2440,1
5843,3478,2,378,52,2197,1
5844,3265,2,215,32,1420,1
5845,687,2,178,18,1069,1
5846,2201,2,503,44,643,1
5847,1731,2,503,31,2173,1
5848,1057,2,59,29,2304,1
5849,2371,2,7,24,1979,1
5850,34,2,271,34,1715,1
5851,34,2,43,15,1946,1
5852,728,2,422,14,1129,1
5853,3008,2,181,31,1324,1
5854,2107,2,509,40,2440,1
5855,940,2,382,49,1343,1
5856,2456,2,343,44,2171,1
5857,3218,2,256,22,1852,1
5858,153,2,24,31,2850,1
5859,408,2,422,29,2296,1
5860,153,2,15,44,2433,1
5861,3506,2,343,15,2671,1
5862,3506,2,271,28,1825,1
5863,2850,2,502,58,530,1
5864,2980,2,60,64,418,1
5865,3321,2,478,29,2440,1
5866,2389,2,435,32,2450,1
5867,667,2,112,29,2440,1
5868,1497,2,581,44,1722,1
5869,240,2,329,10,1825,1
5870,540,2,189,23,2208,1
5871,3627,2,286,10,188,1
5872,3171,2,473,40,1240,1
5873,88,2,569,23,2208,1
5874,12,2,120,17,2208,1
5875,241,2,135,28,1279,1
5876,241,2,259,23,173,1
5877,241,2,455,24,513,1
5878,2150,2,435,28,75,1
5879,1575,2,435,29,547,1
5880,1842,2,270,65,1840,1
5881,3475,2,286,15,1946,1
5882,1638,2,265,14,1898,1
5883,2011,2,336,44,762,1
5884,2585,2,120,24,2661,1
5885,1880,2,557,31,252,1
5886,1008,2,96,22,557,1
5887,3171,2,212,31,110,1
5888,3869,2,286,44,1838,1
5889,1638,2,430,18,1871,1
5890,3781,2,115,18,954,1
5891,2226,2,428,17,1116,1
5892,3720,2,336,65,2316,1
5893,129,2,280,24,2296,1
5894,3095,2,368,31,2296,1
5895,3095,2,62,34,1853,1
5896,1058,7,468,58,2128,1
5897,1676,7,468,44,1140,1
5898,1676,7,145,44,2297,1
5899,1058,7,435,32,2296,1
5900,1044,7,355,44,1639,1
5901,1401,7,420,29,2032,1
5902,3339,7,469,44,1946,1
5903,3321,7,259,52,1372,1
5904,3627,7,96,44,308,1
5905,1044,7,51,58,2567,1
5906,3429,7,361,32,2789,1
5907,3530,7,431,23,1070,1
5908,667,7,306,23,2545,1
5909,2519,7,435,58,1279,1
5910,3429,7,19,22,688,1
5911,2983,7,230,32,733,1
5912,303,7,355,44,2058,1
5913,1838,7,297,22,663,1
5914,240,7,541,22,654,1
5915,240,7,530,32,2576,1
5916,2519,7,468,58,1932,1
5917,509,7,342,32,1420,1
5918,1838,7,355,10,2173,1
5919,2519,7,541,52,2141,1
5920,2519,7,420,37,929,1
5921,33,7,363,29,1825,1
5922,3530,7,67,40,2789,1
5923,2463,7,286,52,2717,1
5924,12,7,368,24,1880,1
5925,2388,7,527,44,2317,1
5926,710,7,487,32,2305,1
5927,2348,7,553,23,2229,1
5928,3627,7,147,32,346,1
5929,2012,7,280,64,442,1
5930,2983,7,430,44,210,1
5931,2242,7,581,29,850,1
5932,3047,7,487,32,2636,1
5933,128,7,455,15,442,1
5934,2463,7,344,32,1035,1
5935,942,7,420,32,1126,1
5936,4072,7,355,44,1382,1
5937,1402,7,581,10,2208,1
5938,942,7,447,44,835,1
5939,1008,7,300,32,2310,1
5940,390,7,212,37,1825,1
5941,390,7,189,52,478,1
5942,3592,7,328,22,2671,1
5943,3592,7,527,22,1382,1
5944,1558,7,328,58,774,1
5945,2388,7,152,32,442,1
5946,4001,7,120,23,1801,1
5947,924,7,435,64,2450,1
5948,510,7,286,10,2025,1
5949,4046,7,286,28,30,1
5950,1923,7,435,40,1521,1
5951,1923,7,581,58,1521,1
5952,3869,7,435,32,1035,1
5953,128,7,569,3,167,1
5954,2257,7,259,23,1498,1
5955,2257,7,336,31,2445,1
5956,2242,7,336,44,2173,1
5957,1377,7,328,44,1047,1
5958,511,7,259,64,2789,1
5959,1268,7,527,44,1765,1
5960,3021,7,280,37,1333,1
5961,3021,7,495,44,565,1
5962,1535,7,342,24,1308,1
5963,3386,7,570,44,98,1
5964,3386,7,115,17,1116,1
5965,4068,7,420,32,442,1
5966,3386,7,286,17,2789,1
5967,3386,7,368,23,1609,1
5968,1403,7,157,44,245,1
5969,1556,7,468,44,2025,1
5970,1556,7,363,10,1609,1
5971,957,7,363,52,2789,1
5972,1309,7,368,44,609,1
5973,4097,7,212,32,938,1
5974,389,7,420,28,1116,1
5975,3386,7,336,22,2173,1
5976,1309,7,541,9,2173,1
5977,3048,7,293,32,346,1
5978,422,7,455,58,179,1
5979,1332,7,420,34,2789,1
5980,2226,7,447,29,1097,1
5981,2209,7,115,17,98,1
5982,3386,7,420,17,2297,1
5983,622,7,435,28,1035,1
5984,729,7,368,32,434,1
5985,1197,7,355,49,1382,1
5986,285,7,564,44,2011,1
5987,1332,7,468,17,188,1
5988,2349,7,189,58,442,1
5989,3672,7,344,23,2014,1
5990,727,7,306,31,851,1
5991,3386,7,64,64,1840,1
5992,2349,7,337,22,663,1
5993,3048,7,455,52,2252,1
5994,3095,7,286,28,1126,1
5995,3566,7,401,3,233,1
5996,3566,7,575,44,698,1
5997,1443,7,140,29,2380,1
5998,1494,7,256,22,2173,1
5999,3721,7,452,44,2173,1
6000,455,7,505,11,1039,1
6001,1794,7,208,22,1756,1
6002,176,7,355,44,377,1
6003,623,7,279,10,1382,1
6004,3651,7,96,44,1382,1
6005,579,7,420,29,823,1
6006,772,7,435,32,929,1
6007,4045,7,336,23,1827,1
6008,1510,7,120,29,442,1
6009,3889,7,298,32,1014,1
6010,177,7,355,23,1765,1
6011,2182,7,297,22,2671,1
6012,3455,7,420,58,20,1
6013,772,7,344,64,1416,1
6014,3971,7,135,23,1494,1
6015,602,7,361,17,1056,1
6016,3476,7,145,23,179,1
6017,215,7,447,50,1756,1
6018,602,7,355,10,2671,1
6019,3625,7,248,10,1765,1
6020,3096,7,569,17,1498,1
6021,3651,7,399,28,1035,1
6022,2081,7,300,29,2482,1
6023,3096,7,328,44,2368,1
6024,3652,7,336,29,2186,1
6025,3476,7,67,23,2568,1
6026,1111,7,189,31,1850,1
6027,4045,7,337,44,654,1
6028,3718,7,336,44,1382,1
6029,3476,7,223,64,2789,1
6030,1792,7,541,44,2150,1
6031,2945,7,115,23,2789,1
6032,1111,7,249,31,2297,1
6033,3096,7,212,28,2545,1
6034,3096,7,272,29,2717,1
6035,177,7,155,17,2239,1
6036,1224,7,553,64,2576,1
6037,666,7,363,28,938,1
6038,1331,7,286,10,2595,1
6039,2081,7,363,64,1117,1
6040,772,7,355,58,1705,1
6041,882,7,581,17,2789,1
6042,3628,7,519,9,141,1
6043,53,7,455,23,2297,1
6044,1498,7,293,32,2380,1
6045,882,7,161,32,642,1
6046,882,7,435,23,1840,1
6047,3197,7,267,23,442,1
6048,1906,7,157,25,1382,1
6049,666,7,241,14,53,1
6050,938,7,401,22,98,1
6051,130,7,456,29,1714,1
6052,130,7,163,58,609,1
6053,424,7,168,17,1241,1
6054,4098,7,178,32,938,1
6055,558,7,422,17,1035,1
6056,2227,7,6,29,1932,1
6057,53,7,448,64,2576,1
6058,409,7,267,32,1825,1
6059,882,7,408,28,2296,1
6060,409,7,7,28,1932,1
6061,4027,7,178,23,188,1
6062,2728,7,422,29,1117,1
6063,1248,7,458,52,2851,1
6064,1442,7,215,23,1783,1
6065,1458,7,157,44,1940,1
6066,1458,7,146,44,1382,1
6067,4098,7,131,64,469,1
6068,1459,7,514,32,1825,1
6069,261,7,422,3,1926,1
6070,1059,7,128,37,2576,1
6071,1709,7,401,44,1825,1
6072,923,7,408,58,1326,1
6073,2108,7,432,10,2171,1
6074,773,7,477,10,1494,1
6075,1907,7,59,37,1752,1
6076,1459,7,472,10,2173,1
6077,839,7,503,44,2117,1
6078,3172,7,247,44,210,1
6079,2312,7,422,29,1825,1
6080,2350,7,326,32,1825,1
6081,2350,7,378,23,2789,1
6082,923,7,503,44,2058,1
6083,3430,7,408,45,2545,1
6084,839,7,178,29,442,1
6085,193,7,271,64,442,1
6086,371,7,401,44,1208,1
6087,2350,7,422,58,2545,1
6088,2458,7,401,31,2342,1
6089,2458,7,452,18,2445,1
6090,1962,7,527,44,2150,1
6091,1754,7,548,32,2636,1
6092,1710,7,422,58,1650,1
6093,4099,7,66,29,1801,1
6094,2482,7,397,32,442,1
6095,3653,7,503,22,1382,1
6096,1596,7,208,23,2671,1
6097,458,7,6,32,2789,1
6098,1249,7,415,40,1825,1
6099,1659,7,392,64,2296,1
6100,869,7,456,24,2009,1
6101,1509,7,208,44,2671,1
6102,869,7,503,15,1827,1
6103,2390,7,178,64,929,1
6104,2641,7,365,28,929,1
6105,341,7,382,56,1382,1
6106,3237,7,422,44,478,1
6107,391,7,208,44,1382,1
6108,2483,7,479,44,1428,1
6109,2483,7,452,44,1047,1
6110,3285,7,447,44,548,1
6111,3237,7,424,22,1801,1
6112,3913,7,271,32,442,1
6113,3801,7,334,32,929,1
6114,1509,7,401,23,2789,1
6115,4026,7,401,52,2272,1
6116,2284,7,168,22,2110,1
6117,2990,7,422,28,1998,1
6118,1903,7,422,29,1825,1
6119,4094,7,452,44,1251,1
6120,152,7,186,32,938,1
6121,1596,7,178,23,2789,1
6122,1596,7,10,32,1039,1
6123,3072,7,527,44,1765,1
6124,3072,7,23,44,45,1
6125,457,7,382,22,1661,1
6126,3507,7,414,23,1516,1
6127,3507,7,43,18,1014,1
6128,1461,7,401,23,1609,1
6129,1421,7,6,58,2253,1
6130,1421,7,422,40,1782,1
6131,3673,7,116,17,173,1
6132,2391,7,493,21,1116,1
6133,798,7,422,28,2507,1
6134,262,7,503,44,157,1
6135,106,7,447,10,1047,1
6136,458,7,496,58,262,1
6137,3284,7,425,58,2470,1
6138,1198,7,382,56,1382,1
6139,3266,7,208,10,1382,1
6140,798,7,208,22,2671,1
6141,3337,7,378,58,1801,1
6142,2684,7,208,23,1765,1
6143,3337,7,502,17,2472,1
6144,2105,7,447,44,2151,1
6145,1461,7,208,31,1382,1
6146,1349,7,178,23,2789,1
6147,392,7,343,44,1382,1
6148,1461,7,343,44,565,1
6149,1461,7,208,22,2157,1
6150,3507,7,496,32,2296,1
6151,3779,7,422,29,1825,1
6152,3337,7,493,23,74,1
6153,799,7,564,29,1251,1
6154,3982,7,401,58,1801,1
6155,3982,7,401,52,1840,1
6156,2372,7,271,17,1208,1
6157,1060,7,447,22,762,1
6158,2346,7,437,10,1494,1
6159,688,7,271,18,1372,1
6160,541,7,178,32,1140,1
6161,798,7,153,23,929,1
6162,3072,7,422,52,1812,1
6163,3072,7,447,22,2150,1
6164,318,7,7,24,2545,1
6165,3589,7,401,29,1543,1
6166,2792,7,422,23,188,1
6167,651,7,343,22,632,1
6168,393,7,182,32,2836,1
6169,425,7,81,24,98,1
6170,911,7,447,33,995,1
6171,3387,7,566,64,1516,1
6172,3340,7,408,29,1609,1
6173,1677,7,131,11,2515,1
6174,651,7,6,29,2318,1
6175,1576,7,297,22,1382,1
6176,2464,7,422,58,1651,1
6177,2183,7,408,23,1946,1
6178,2890,7,66,17,929,1
6179,1476,7,447,44,2150,1
6180,154,7,116,18,581,1
6181,4095,7,401,52,30,1
6182,3888,7,74,17,1979,1
6183,2907,7,397,32,1739,1
6184,3970,7,168,22,1787,1
6185,2183,7,496,28,1825,1
6186,838,7,477,44,684,1
6187,1661,7,429,22,1382,1
6188,838,7,326,32,1242,1
6189,2890,7,247,44,1382,1
6190,1499,7,129,64,508,1
6191,838,7,452,44,95,1
6192,196,7,334,24,508,1
6193,3387,7,437,22,1825,1
6194,2064,7,267,40,1825,1
6195,196,7,74,32,1494,1
6196,1840,7,200,44,1382,1
6197,394,7,116,29,1633,1
6198,1057,7,343,22,2368,1
6199,196,7,425,29,1605,1
6200,196,7,74,17,921,1
6201,216,7,208,56,2596,1
6202,1862,7,422,23,188,1
6203,843,7,416,32,642,1
6204,1708,7,514,37,2743,1
6205,1963,7,140,58,2068,1
6206,2371,7,276,32,938,1
6207,3154,7,7,24,627,1
6208,2566,7,208,44,2171,1
6209,1422,7,425,29,1071,1
6210,3590,7,422,52,1208,1
6211,1508,7,168,10,1208,1
6212,2351,7,168,15,1102,1
6213,2824,7,271,32,464,1
6214,2413,7,208,44,2190,1
6215,455,7,456,52,98,1
6216,1508,7,341,29,1279,1
6217,1057,7,447,44,1097,1
6218,1057,7,74,29,248,1
6219,2464,7,343,44,2173,1
6220,2566,7,588,29,1946,1
6221,1755,7,527,4,1615,1
6222,687,7,297,44,663,1
6223,3428,7,208,44,1661,1
6224,1061,7,378,32,1035,1
6225,2908,7,503,23,2247,1
6226,1495,7,432,22,663,1
6227,2107,7,208,23,157,1
6228,2329,7,378,45,98,1
6229,2256,7,343,10,1499,1
6230,2256,7,178,58,837,1
6231,601,7,378,10,98,1
6232,3427,7,341,29,1650,1
6233,728,7,523,17,2522,1
6234,1500,7,256,10,1661,1
6235,925,7,422,18,922,1
6236,926,7,477,29,2782,1
6237,1199,7,208,22,2247,1
6238,868,7,168,22,1946,1
6239,3504,7,146,15,2080,1
6240,3504,7,408,17,1071,1
6241,4100,7,382,22,2867,1
6242,2465,7,401,23,1242,1
6243,3753,7,408,23,2522,1
6244,3753,7,422,32,340,1
6245,1061,7,6,31,1979,1
6246,1061,7,461,29,1979,1
6247,730,7,408,18,1913,1
6248,3384,7,401,58,2717,1
6249,3384,7,422,64,2415,1
6250,599,7,343,22,76,1
6251,406,7,271,29,340,1
6252,316,7,343,9,1251,1
6253,3506,7,378,23,699,1
6254,1921,7,271,64,2227,1
6255,730,7,168,31,1257,1
6256,1404,7,534,28,30,1
6257,2980,7,397,32,2467,1
6258,1443,7,343,15,456,1
6259,3802,7,365,44,2025,1
6260,3506,7,423,10,2368,1
6261,1443,7,168,44,2025,1
6262,2050,7,502,58,1021,1
6263,319,7,343,18,1328,1
6264,319,7,567,18,1913,1
6265,319,7,178,18,331,1
6266,3073,7,432,44,2058,1
6267,1555,7,401,3,1275,1
6268,316,7,422,24,1208,1
6269,3780,7,169,32,818,1
6270,1555,7,6,29,40,1
6271,3721,7,422,52,1802,1
6272,2961,7,8,40,1652,1
6273,666,5,456,40,173,1
6274,316,5,502,31,1095,1
6275,2729,1,138,23,442,1
6276,2729,1,468,31,442,1
6277,1060,7,493,28,2025,1
6278,652,7,297,44,1382,1
6279,1501,7,564,46,2357,1
6280,3322,7,297,22,663,1
6281,1711,7,503,10,663,1
6282,1711,7,382,10,663,1
6283,3097,7,297,44,1382,1
6284,494,2,27,44,2173,1
6285,3837,7,297,44,2343,1
6286,2172,7,208,10,1382,1
6287,13,7,416,32,1301,1
6288,217,7,343,44,1757,1
6289,3838,7,527,44,1872,1
6290,1777,7,447,22,2551,1
6291,2414,7,503,10,2663,1
6292,1795,7,527,22,2339,1
6293,2013,7,256,44,1560,1
6294,2567,7,208,44,2373,1
6295,1477,7,508,44,774,1
6296,2466,7,503,44,1022,1
6297,1250,7,208,39,2173,1
6298,977,1,297,22,1276,1
6299,1821,7,343,22,2825,1
6300,1881,7,503,50,501,1
6301,4101,7,208,44,663,1
6302,1616,7,382,22,2671,1
6303,2891,7,208,31,663,1
6304,4028,7,27,22,2157,1
6305,3354,7,527,44,2800,1
6306,1269,7,256,22,398,1
6307,107,7,359,10,774,1
6308,1333,7,343,44,663,1
6309,395,7,527,44,1382,1
6310,3479,7,447,44,1382,1
6311,1080,1,432,22,896,1
6312,822,7,256,44,645,1
6313,1462,7,343,22,2698,1
6314,3508,7,343,15,2723,1
6315,2924,7,208,44,1940,1
6316,2924,7,256,22,1765,1
6317,13,7,423,44,2173,1
6318,2065,7,423,22,2835,1
6319,35,7,208,15,1765,1
6320,1285,7,178,23,1042,1
6321,3480,4,441,17,399,1
6322,2752,7,365,28,98,1
6323,3341,7,194,62,2640,1
6324,1863,7,343,44,1591,1
6325,2793,7,588,23,252,1
6326,426,4,425,23,852,1
6327,1200,7,447,44,1382,1
6328,1009,6,208,22,309,1
6329,2991,7,178,29,633,1
6330,218,7,588,28,98,1
6331,1478,7,534,18,838,1
6332,1135,7,6,40,54,1
6333,3593,7,330,23,2221,1
6334,1511,7,558,65,318,1
6335,426,7,378,44,2789,1
6336,2431,7,408,6,400,1
6337,3594,7,168,6,379,1
6338,1135,7,20,17,1879,1
6339,4047,3,502,52,2434,1
6340,3754,7,6,40,1095,1
6341,2869,7,271,32,2296,1
6342,636,7,422,17,332,1
6343,3022,7,271,58,2361,1
6344,512,7,449,45,566,1
6345,3890,7,501,23,1569,1
6346,3890,7,378,23,2837,1
6347,1477,7,534,40,310,1
6348,2051,7,6,29,2129,1
6349,3839,7,99,14,1035,1
6350,2730,7,401,44,98,1
6351,2210,7,437,23,599,1
6352,1536,7,401,23,188,1
6353,286,7,286,58,2789,1
6354,1177,7,415,32,581,1
6355,2992,7,271,32,168,1
6356,2991,7,534,17,1372,1
6357,1112,7,178,18,98,1
6358,1112,7,6,3,173,1
6359,108,7,148,44,188,1
6360,108,7,534,40,2208,1
6361,3431,7,378,23,464,1
6362,2258,7,168,29,1842,1
6363,2065,2,322,58,1119,1
6364,2392,7,496,23,2585,1
6365,4002,7,163,34,418,1
6366,4002,7,477,28,2340,1
6367,35,7,422,28,1506,1
6368,3822,7,182,32,2636,1
6369,652,2,27,33,1306,1
6370,395,7,208,22,2157,1
6371,2184,5,437,10,793,1
6372,3267,5,168,23,714,1
6373,2851,5,452,44,1096,1
6374,1405,5,20,29,1360,1
6375,4029,5,182,58,2292,1
6376,1712,5,452,29,401,1
6377,1501,5,447,31,319,1
6378,3735,5,503,29,1899,1
6379,2285,5,202,18,2273,1
6380,36,5,195,29,2111,1
6381,36,5,81,31,234,1
6382,1423,5,107,40,794,1
6383,2554,5,128,32,516,1
6384,883,5,178,23,2655,1
6385,884,5,359,28,2254,1
6386,1908,5,543,29,839,1
6387,2051,5,493,32,2319,1
6388,751,5,168,10,2362,1
6389,1157,5,479,15,2100,1
6390,1310,5,425,29,1290,1
6391,4048,5,200,22,1392,1
6392,844,5,297,44,2801,1
6393,3074,5,208,44,1392,1
6394,1201,5,256,44,1544,1
6395,1201,5,297,44,2508,1
6396,3674,5,397,18,2496,1
6397,637,5,527,15,1624,1
6398,1270,5,588,23,598,1
6399,4028,5,343,10,769,1
6400,2794,5,382,22,45,1
6401,3219,5,271,40,1042,1
6402,2601,5,559,22,1374,1
6403,2151,5,271,32,2518,1
6404,731,5,503,22,180,1
6405,711,5,503,22,2268,1
6406,711,5,437,22,2518,1
6407,3722,5,267,40,177,1
6408,1202,5,560,23,1042,1
6409,109,5,107,23,700,1
6410,131,5,401,28,1430,1
6411,4102,5,66,10,173,1
6412,752,5,208,22,668,1
6413,2125,5,202,29,1334,1
6414,845,5,208,22,549,1
6415,1406,5,271,34,1881,1
6416,110,5,310,37,1042,1
6417,1334,5,156,29,220,1
6418,1882,5,401,28,1465,1
6419,4073,6,9,32,1441,1
6420,4073,6,594,22,2173,1
6421,2184,1,365,9,2320,1
6422,2602,1,588,28,582,1
6423,2602,1,502,28,582,1
6424,2485,1,594,29,1382,1
6425,2485,1,415,23,2789,1
6426,3481,1,502,28,2416,1
6427,2184,1,116,58,770,1
6428,3268,1,408,28,399,1
6429,3268,1,401,28,399,1
6430,977,1,291,45,399,1
6431,132,1,276,46,380,1
6432,1924,1,401,22,1023,1
6433,652,1,178,23,1222,1
6434,3198,1,186,28,2664,1
6435,3754,1,208,39,623,1
6436,3754,4,423,10,2341,1
6437,495,1,297,44,381,1
6438,1678,1,588,3,2088,1
6439,513,1,208,22,2011,1
6440,513,1,503,22,2569,1
6441,1407,1,66,23,2564,1
6442,1407,1,74,23,600,1
6443,1407,1,493,23,600,1
6444,89,1,588,3,2000,1
6445,2993,1,168,18,2283,1
6446,426,1,200,23,1306,1
6447,2554,1,459,18,701,1
6448,3404,1,8,40,1882,1
6449,4030,1,341,28,2015,1
6450,4030,1,524,52,865,1
6451,3695,1,423,44,2758,1
6452,3695,1,503,44,2053,1
6453,636,1,588,23,252,1
6454,2502,1,440,31,2655,1
6455,514,1,483,32,1162,1
6456,603,1,27,44,1798,1
6457,2285,1,432,44,2651,1
6458,1310,4,432,29,2759,1
6459,3695,1,7,44,1449,1
6460,1310,4,422,23,2655,1
6461,1310,1,422,23,1162,1
6462,1821,1,343,46,296,1
6463,14,1,440,23,996,1
6464,14,1,534,28,1145,1
6465,90,4,182,32,346,1
6466,943,1,27,22,981,1
6467,512,4,432,33,1500,1
6468,3342,4,200,22,824,1
6469,2432,1,178,23,1162,1
6470,1821,1,527,22,2409,1
6471,2432,1,397,28,1825,1
6472,1756,1,423,22,2069,1
6473,912,4,208,29,809,1
6474,2685,4,382,58,2458,1
6475,2393,1,247,44,1235,1
6476,3456,1,432,10,1505,1
6477,3456,1,132,58,582,1
6478,3456,1,401,28,781,1
6479,1113,1,45,40,1625,1
6480,1378,1,87,22,1803,1
6481,1378,1,21,22,1803,1
6482,3803,1,203,52,1870,1
6483,3839,1,560,23,2838,1
6484,3456,1,514,32,895,1
6485,3074,1,397,23,2753,1
6486,1945,1,365,44,1202,1
6487,3355,4,401,29,2753,1
6488,3803,4,401,52,2552,1
6489,1269,4,456,3,982,1
6490,3354,1,208,22,550,1
6491,3354,1,208,44,1306,1
6492,3354,1,208,44,1306,1
6493,1378,1,279,22,2255,1
6494,1378,1,527,22,1146,1
6495,2352,1,341,17,515,1
6496,637,1,343,22,751,1
6497,1333,1,279,44,2629,1
6498,1822,1,178,32,1162,1
6499,668,1,378,23,622,1
6500,668,1,378,23,2283,1
6501,753,1,27,22,550,1
6502,732,1,343,44,1306,1
6503,2467,1,477,29,2446,1
6504,1536,1,452,22,1716,1
6505,496,1,146,44,2268,1
6506,496,1,231,44,2268,1
6507,1364,1,432,29,1676,1
6508,496,4,297,22,1534,1
6509,885,1,504,29,1804,1
6510,944,1,208,22,2773,1
6511,844,1,194,22,969,1
6512,3219,1,181,15,1209,1
6513,731,4,208,22,1392,1
6514,3115,1,231,44,2373,1
6515,2795,1,183,40,2274,1
6516,3199,4,283,23,1900,1
6517,2852,1,208,44,2399,1
6518,2082,1,178,52,2655,1
6519,1444,1,493,32,399,1
6520,1444,1,408,44,311,1
6521,1444,1,168,44,333,1
6522,2198,1,447,44,1544,1
6523,2198,1,256,10,1544,1
6524,2211,4,401,23,2101,1
6525,372,4,440,34,2332,1
6526,372,4,401,15,402,1
6527,3173,1,208,22,2373,1
6528,669,1,408,28,2412,1
6529,3220,1,365,31,55,1
6530,731,1,503,29,2152,1
6531,3322,1,140,24,1968,1
6532,774,4,503,29,1485,1
6533,3322,1,157,44,1693,1
6534,1732,1,408,28,2826,1
6535,3134,1,401,22,2203,1
6536,111,1,271,32,1384,1
6537,1559,4,432,29,611,1
6538,846,4,208,22,2293,1
6539,459,1,447,10,2023,1
6540,1946,1,503,44,2592,1
6541,1964,1,224,44,2592,1
6542,395,1,359,39,612,1
6543,242,4,208,44,969,1
6544,2503,4,503,44,1716,1
6545,410,1,588,28,478,1
6546,410,1,178,28,2789,1
6547,2586,7,297,23,77,1
6548,2586,7,133,23,77,1
6549,1560,4,38,58,291,1
6550,2286,1,133,44,955,1
6551,2287,1,201,22,263,1
6552,800,1,422,23,2208,1
6553,624,1,502,58,1854,1
6554,2287,1,401,22,1883,1
6555,1081,4,423,58,7,1
6556,3509,1,178,23,983,1
6557,3509,1,409,32,1364,1
6558,2172,4,432,44,1329,1
6559,2172,1,503,44,727,1
6560,2503,1,343,44,2001,1
6561,15,1,423,29,1941,1
6562,3782,1,256,22,2629,1
6563,3782,1,157,22,1865,1
6564,3723,1,224,44,739,1
6565,1597,4,343,58,2417,1
6566,3948,1,297,22,550,1
6567,1662,4,23,44,2112,1
6568,1662,4,432,44,567,1
6569,411,1,408,52,410,1
6570,886,1,502,29,1694,1
6571,1662,1,401,52,1222,1
6572,1843,1,297,22,2658,1
6573,1843,1,458,44,486,1
6574,3782,1,208,22,2204,1
6575,197,4,432,29,487,1
6576,3840,4,388,40,470,1
6577,1158,1,343,22,2256,1
6578,3457,1,447,44,183,1
6579,2228,4,208,44,984,1
6580,1512,4,502,34,551,1
6581,1679,4,477,15,2178,1
6582,1679,1,256,10,1695,1
6583,1158,1,564,22,2070,1
6584,3891,1,168,15,2509,1
6585,1158,4,503,39,2363,1
6586,320,4,509,29,583,1
6587,1062,4,66,10,21,1
6588,3116,1,266,32,956,1
6589,3840,1,208,10,1758,1
6590,3117,1,23,50,2205,1
6591,752,1,408,17,1653,1
6592,3174,4,343,22,669,1
6593,320,1,220,32,2760,1
6594,320,4,271,40,1942,1
6595,3840,4,441,40,2178,1
6596,1639,1,588,22,1364,1
6597,845,1,440,52,1222,1
6598,3840,1,85,40,1545,1
6599,1988,1,527,22,291,1
6600,91,1,169,17,655,1
6601,91,1,422,23,1222,1
6602,1988,1,133,22,291,1
6603,559,1,27,22,1232,1
6604,2313,1,401,44,221,1
6605,3458,1,201,44,2016,1
6606,3892,4,503,29,1774,1
6607,733,1,2,23,1775,1
6608,3892,1,181,23,470,1
6609,2946,5,159,58,2178,1
6610,4049,1,447,22,769,1
6611,2258,4,181,45,1471,1
6612,3675,1,297,29,728,1
6613,1617,1,527,44,2368,1
6614,2313,1,178,32,78,1
6615,2083,1,343,44,1798,1
6616,4049,4,208,58,2630,1
6617,4049,4,355,58,2630,1
6618,733,1,297,9,1243,1
6619,91,1,200,44,2089,1
6620,91,1,503,44,1501,1
6621,54,1,215,11,655,1
6622,3098,1,588,24,127,1
6623,35,4,401,22,2714,1
6624,35,1,343,10,1320,1
6625,4050,4,208,31,1010,1
6626,1159,4,157,3,2665,1
6627,4050,1,146,10,1592,1
6628,2288,4,502,52,2570,1
6629,2288,4,388,64,1570,1
6630,2415,4,536,22,2655,1
6631,4050,1,271,32,221,1
6632,734,6,232,58,1788,1
6633,342,6,256,22,881,1
6634,342,6,297,22,624,1
6635,1350,6,6,58,2385,1
6636,1350,6,502,29,908,1
6637,2852,6,559,37,1884,1
6638,1732,6,146,44,1701,1
6639,1663,6,252,17,2102,1
6640,3175,6,6,44,1445,1
6641,560,6,447,44,2130,1
6642,560,6,87,9,2339,1
6643,3696,6,425,17,2745,1
6644,1269,3,200,22,22,1
6645,1269,3,157,58,1511,1
6646,604,7,378,22,1102,1
6647,304,1,297,22,1505,1
6648,733,4,588,28,2655,1
6649,754,2,146,44,1723,1
6650,1561,2,297,22,2483,1
6651,1114,2,388,52,146,1
6652,1335,2,509,29,488,1
6653,1285,2,408,44,1759,1
6654,1823,2,447,44,1450,1
6655,1424,2,477,23,1466,1
6656,3356,2,423,28,45,1
6657,2416,2,408,52,508,1
6658,1178,2,432,22,685,1
6659,1501,2,538,65,1163,1
6660,1795,2,382,22,147,1
6661,2796,2,509,23,1531,1
6662,1423,2,358,65,1011,1
6663,3022,2,11,32,2380,1
6664,3022,2,550,22,2025,1
6665,3286,2,374,64,2765,1
6666,55,2,401,44,188,1
6667,55,2,116,44,1725,1
6668,2502,2,397,17,929,1
6669,2394,2,297,22,1982,1
6670,3099,2,74,44,1120,1
6671,1925,2,179,34,411,1
6672,1733,2,501,24,2785,1
6673,1351,2,186,32,608,1
6674,1821,2,428,65,156,1
6675,958,2,266,32,2576,1
6676,1618,2,588,17,2827,1
6677,2730,2,422,28,1816,1
6678,1378,2,27,10,2173,1
6679,1378,2,503,10,663,1
6680,3610,2,140,23,2765,1
6681,2289,2,333,17,2451,1
6682,2352,2,208,10,2006,1
6683,4048,2,208,44,1564,1
6684,3674,2,164,22,2724,1
6685,3674,2,271,32,2789,1
6686,1946,2,178,23,2364,1
6687,515,2,401,44,98,1
6688,913,2,72,17,1244,1
6689,2109,2,10,32,1395,1
6690,2731,2,169,58,1853,1
6691,2151,2,178,23,2520,1
6692,913,2,128,40,1752,1
6693,2892,2,432,50,45,1
6694,1115,2,408,10,2635,1
6695,343,2,496,40,2635,1
6696,516,2,283,23,2440,1
6697,395,2,382,22,1534,1
6698,755,2,178,23,188,1
6699,1734,2,59,23,897,1
6700,372,2,109,60,2237,1
6701,109,2,81,32,2361,1
6702,2732,2,459,65,1011,1
6703,1311,2,146,44,840,1
6704,2568,2,566,40,2440,1
6705,321,2,276,18,2722,1
6706,321,2,168,18,2722,1
6707,735,2,271,40,2789,1
6708,2994,2,401,28,188,1
6709,410,2,6,29,399,1
6710,2503,2,146,15,774,1
6711,155,2,422,65,1104,1
6712,219,2,459,11,938,1
6713,16,2,502,32,1494,1
6714,1081,2,169,32,642,1
6715,2587,2,179,3,2440,1
6716,1639,2,504,31,929,1
6717,2125,2,271,28,2296,1
6718,2125,2,6,29,1506,1
6719,2125,2,401,15,1506,1
6720,2125,2,168,18,1506,1
6721,3117,2,7,23,464,1
6722,396,2,514,44,442,1
6723,3097,2,447,22,2386,1
6724,3870,2,401,10,1372,1
6725,2797,2,168,9,2227,1
6726,91,2,588,3,442,1
6727,2392,2,271,58,2611,1
6728,3654,2,301,40,264,1
6729,2353,1,163,32,2055,1
6730,2415,2,509,23,2221,1
6731,2288,2,534,24,2611,1
6732,1159,2,200,44,1382,1
6733,475,7,66,31,2510,1
6734,475,7,241,18,1431,1
6735,2126,7,422,40,442,1
6736,1225,7,310,32,1242,1
6737,2126,7,534,58,2631,1
6738,1225,7,6,29,231,1
6739,1203,7,164,44,688,1
6740,3593,7,397,23,2661,1
6741,978,7,503,29,45,1
6742,978,7,178,17,442,1
6743,1926,7,447,44,1382,1
6744,2229,7,527,22,45,1
6745,2229,7,408,52,2789,1
6746,2826,7,449,28,1825,1
6747,2415,7,164,10,2373,1
6748,1405,7,522,23,2636,1
6749,1926,7,178,32,1372,1
6750,2826,7,59,23,818,1
6751,3388,7,388,10,2296,1
6752,2229,7,225,58,2229,1
6753,3611,7,415,28,2206,1
6754,3611,7,343,29,1534,1
6755,2184,7,432,29,2671,1
6756,2909,7,168,44,1825,1
6757,3388,7,168,15,1932,1
6758,1159,7,424,52,1035,1
6759,217,7,343,10,565,1
6760,1883,7,477,23,2032,1
6761,217,7,422,45,817,1
6762,2127,7,493,28,1801,1
6763,2569,7,432,31,2418,1
6764,2373,7,256,44,210,1
6765,35,7,256,22,456,1
6766,978,7,359,29,249,1
6767,1251,7,128,40,2535,1
6768,2733,7,477,23,1840,1
6769,178,7,503,10,265,1
6770,2553,7,178,58,2296,1
6771,638,7,503,10,2207,1
6772,217,7,401,17,478,1
6773,217,7,182,64,2344,1
6774,2127,7,397,24,1801,1
6775,2259,7,423,23,23,1
6776,1251,7,401,17,1801,1
6777,217,7,81,14,1998,1
6778,2733,7,388,23,929,1
6779,734,7,415,23,572,1
6780,2127,7,502,23,1105,1
6781,2602,7,200,44,2173,1
6782,978,7,208,28,1843,1
6783,978,7,6,58,320,1
6784,1926,7,461,58,608,1
6785,2066,7,378,52,627,1
6786,2066,7,385,32,2103,1
6787,2259,7,408,29,2789,1
6788,4047,7,276,64,2208,1
6789,426,7,6,29,2296,1
6790,2570,7,148,44,442,1
6791,2570,7,343,44,45,1
6792,652,7,297,22,2173,1
6793,1335,7,442,40,2535,1
6794,426,7,200,22,245,1
6795,3983,7,169,17,1546,1
6796,3594,7,422,11,1979,1
6797,2570,7,378,28,2789,1
6798,2127,7,378,52,2571,1
6799,2152,7,178,28,2034,1
6800,2152,7,178,22,759,1
6801,542,7,168,31,2789,1
6802,2947,7,447,44,1940,1
6803,495,7,401,17,98,1
6804,2947,7,284,58,1372,1
6805,4047,7,92,24,478,1
6806,1823,7,432,44,774,1
6807,1045,7,178,52,442,1
6808,1424,7,168,52,188,1
6809,2504,7,6,40,1016,1
6810,1501,7,564,10,2173,1
6811,156,7,178,58,2206,1
6812,3022,7,6,31,1885,1
6813,3305,7,283,37,1017,1
6814,1964,7,271,32,2682,1
6815,1179,7,447,44,2867,1
6816,2502,7,449,14,609,1
6817,1795,7,382,22,2173,1
6818,3286,7,284,17,2866,1
6819,1795,7,527,44,1534,1
6820,2752,7,6,23,252,1
6821,2616,7,327,15,1375,1
6822,2567,7,366,17,1609,1
6823,2925,7,408,29,1840,1
6824,847,7,493,44,2321,1
6825,426,7,178,40,1884,1
6826,1795,7,503,22,2173,1
6827,1795,7,208,44,2173,1
6828,636,7,409,32,1946,1
6829,1795,7,146,22,2011,1
6830,1310,7,401,23,98,1
6831,1310,7,426,32,670,1
6832,3933,7,503,29,663,1
6833,3629,7,447,65,782,1
6834,3099,7,168,10,252,1
6835,36,7,456,32,451,1
6836,3676,7,432,44,663,1
6837,3099,7,432,23,2171,1
6838,1796,7,449,14,292,1
6839,90,7,397,28,1522,1
6840,2571,7,383,29,733,1
6841,3342,7,59,40,70,1
6842,2571,7,408,44,572,1
6843,2571,7,493,14,1494,1
6844,2394,7,256,22,1467,1
6845,943,7,496,40,1838,1
6846,2502,7,256,44,1047,1
6847,912,7,503,44,2263,1
6848,90,7,178,34,98,1
6849,1619,7,59,32,2380,1
6850,2870,7,10,64,2572,1
6851,2870,7,256,29,1593,1
6852,1351,7,397,17,1043,1
6853,1157,7,208,22,2217,1
6854,1157,7,208,22,1637,1
6855,653,7,343,22,2561,1
6856,1502,7,10,51,2380,1
6857,1310,7,527,44,632,1
6858,912,7,503,23,1701,1
6859,1477,7,178,29,1609,1
6860,1502,7,422,44,2682,1
6861,1250,7,388,40,252,1
6862,2617,7,588,22,188,1
6863,90,7,271,40,1946,1
6864,3933,7,388,23,1946,1
6865,1157,7,208,9,2173,1
6866,1271,7,456,32,188,1
6867,3354,7,256,22,663,1
6868,3354,7,343,22,1382,1
6869,3354,7,208,22,1382,1
6870,1271,7,178,28,817,1
6871,4048,7,566,32,2380,1
6872,4048,7,140,32,642,1
6873,4048,7,66,58,1242,1
6874,3456,7,200,44,2173,1
6875,3456,7,146,44,2173,1
6876,1479,7,6,44,98,1
6877,2730,7,343,31,2058,1
6878,2730,7,422,52,98,1
6879,3456,7,527,44,2812,1
6880,1480,7,23,22,663,1
6881,1378,7,146,44,2173,1
6882,3456,7,256,44,2173,1
6883,2891,7,414,37,1283,1
6884,1945,7,422,23,1828,1
6885,2685,7,504,32,1372,1
6886,3343,7,208,10,2683,1
6887,3343,7,437,10,1116,1
6888,3343,7,6,40,1969,1
6889,958,7,422,32,98,1
6890,3934,7,178,22,1035,1
6891,2212,7,503,44,2173,1
6892,4028,7,178,17,1764,1
6893,3674,7,534,45,156,1
6894,1965,7,365,10,2536,1
6895,1480,7,10,40,642,1
6896,1480,7,496,40,938,1
6897,3343,7,422,40,188,1
6898,3355,7,168,23,1126,1
6899,3755,7,6,17,1813,1
6900,3456,7,256,22,1343,1
6901,581,7,343,29,2671,1
6902,979,7,140,29,2632,1
6903,2210,7,66,28,1744,1
6904,958,7,408,9,188,1
6905,3200,7,178,11,1035,1
6906,1269,7,447,44,1814,1
6907,1333,7,178,44,1884,1
6908,1333,7,10,63,2380,1
6909,870,7,456,32,1035,1
6910,1844,7,183,32,642,1
6911,1844,7,247,44,1382,1
6912,885,7,378,58,2717,1
6913,731,7,432,29,1251,1
6914,887,7,92,17,2071,1
6915,887,7,440,23,1116,1
6916,2433,7,271,32,188,1
6917,322,7,271,32,1035,1
6918,1844,7,448,32,2535,1
6919,1664,7,157,22,2671,1
6920,1664,7,527,44,2173,1
6921,2601,7,178,28,1744,1
6922,1364,7,208,22,2173,1
6923,107,7,461,31,1035,1
6924,2434,7,341,17,627,1
6925,133,7,178,23,1116,1
6926,2433,7,432,10,2173,1
6927,1536,7,401,44,1884,1
6928,286,7,178,40,2717,1
6929,3804,7,422,17,2597,1
6930,1598,7,178,32,1946,1
6931,753,7,494,23,1516,1
6932,2434,7,6,17,1014,1
6933,888,7,200,44,969,1
6934,3115,7,146,65,1382,1
6935,3405,7,416,28,552,1
6936,1202,7,23,22,643,1
6937,2795,7,343,31,1661,1
6938,516,7,401,15,252,1
6939,1116,7,256,44,2217,1
6940,1116,7,146,44,2058,1
6941,1116,7,527,44,663,1
6942,3595,7,208,44,2247,1
6943,3173,7,564,22,2173,1
6944,3173,7,256,22,1534,1
6945,372,7,432,29,1401,1
6946,2795,7,94,44,2025,1
6947,2795,7,94,44,2025,1
6948,3199,7,422,23,2753,1
6949,1202,7,59,37,1443,1
6950,343,7,527,22,2373,1
6951,669,7,99,44,188,1
6952,2153,7,503,31,663,1
6953,2153,7,157,31,2217,1
6954,2110,7,501,23,1752,1
6955,1559,7,432,10,2173,1
6956,1559,7,503,22,2173,1
6957,2503,7,271,32,1035,1
6958,2994,7,334,52,248,1
6959,2503,7,200,22,2173,1
6960,3357,7,208,10,1661,1
6961,1663,7,527,44,79,1
6962,395,7,208,29,663,1
6963,2286,7,382,44,2217,1
6964,1711,7,297,22,2373,1
6965,2732,7,256,44,2217,1
6966,1136,7,452,31,356,1
6967,800,7,503,44,2368,1
6968,2994,7,479,44,2058,1
6969,2732,7,503,22,2217,1
6970,735,7,408,50,1884,1
6971,980,7,168,3,2208,1
6972,980,7,422,3,2545,1
6973,889,7,527,44,1564,1
6974,1081,7,168,31,98,1
6975,1160,7,168,28,1612,1
6976,2588,7,271,32,2025,1
6977,1286,7,202,58,2025,1
6978,2618,7,509,32,2380,1
6979,497,7,247,22,2373,1
6980,1112,7,276,17,331,1
6981,1081,7,493,28,584,1
6982,1445,7,422,44,625,1
6983,1445,7,401,50,625,1
6984,2314,7,397,14,1117,1
6985,3306,7,408,44,1035,1
6986,517,7,493,29,2208,1
6987,1272,7,23,44,663,1
6988,2505,7,527,10,1309,1
6989,108,7,378,29,1239,1
6990,1988,7,43,31,252,1
6991,2753,7,201,44,2373,1
6992,2753,7,75,44,2373,1
6993,2228,7,131,40,642,1
6994,1081,7,168,23,1242,1
6995,736,7,441,17,2450,1
6996,3697,7,59,32,1395,1
6997,1597,7,388,40,156,1
6998,1252,7,81,10,2365,1
6999,1046,7,59,37,2451,1
7000,411,7,423,44,2173,1
7001,1988,7,178,23,252,1
7002,639,7,388,28,2565,1
7003,396,7,362,32,1443,1
7004,396,7,182,32,70,1
7005,561,7,128,40,642,1
7006,561,7,117,23,2867,1
7007,670,7,408,17,1855,1
7008,3891,7,447,58,1385,1
7009,561,7,513,22,2368,1
7010,320,7,527,22,1534,1
7011,3891,7,201,44,663,1
7012,320,7,46,32,2535,1
7013,263,7,201,44,2368,1
7014,3756,7,461,24,188,1
7015,3756,7,94,24,2208,1
7016,1966,7,503,44,2247,1
7017,1252,7,422,52,2450,1
7018,1966,7,252,32,1159,1
7019,1701,7,440,23,1840,1
7020,1701,7,441,17,1970,1
7021,2772,7,448,32,642,1
7022,1701,7,182,32,2598,1
7023,1701,7,477,23,1035,1
7024,1988,7,201,58,2373,1
7025,1778,7,461,44,188,1
7026,1909,7,415,28,1946,1
7027,2946,7,43,23,2208,1
7028,3100,7,477,44,212,1
7029,2773,7,448,32,1443,1
7030,2774,7,256,10,1705,1
7031,2774,7,527,44,2173,1
7032,3567,7,59,40,818,1
7033,476,7,493,52,2714,1
7034,733,7,201,18,210,1
7035,4003,7,164,18,2754,1
7036,4003,7,496,23,1840,1
7037,4003,7,224,31,2432,1
7038,4003,7,123,31,210,1
7039,2313,7,201,22,2217,1
7040,2772,7,224,9,1705,1
7041,2772,7,201,9,2173,1
7042,1161,7,566,32,2725,1
7043,733,7,497,44,2629,1
7044,91,7,10,32,2380,1
7045,2703,7,231,10,297,1
7046,91,7,297,22,2173,1
7047,3675,7,186,37,2470,1
7048,1162,7,224,10,1564,1
7049,871,7,75,44,2373,1
7050,1882,7,200,58,2641,1
7051,287,7,527,10,995,1
7052,2014,7,397,32,1372,1
7053,54,7,571,22,663,1
7054,2313,7,378,58,2419,1
7055,604,7,117,10,2173,1
7056,604,7,224,44,1534,1
7057,3482,7,404,40,128,1
7058,518,7,168,18,2710,1
7059,1882,7,201,10,1106,1
7060,3531,7,297,44,1382,1
7061,1159,7,588,34,331,1
7062,3098,7,16,29,1979,1
7063,3287,7,6,52,2450,1
7064,54,7,256,44,2629,1
7065,689,7,234,44,2786,1
7066,871,7,201,44,2373,1
7067,2520,7,331,23,2789,1
7068,1513,5,449,44,2684,1
7069,1378,5,146,22,2137,1
7070,2910,3,352,31,30,1
7071,1446,5,527,44,663,1
7072,3596,5,527,22,2357,1
7073,91,7,208,44,2173,1
7074,753,1,107,52,1042,1
7075,2893,6,449,45,568,1
7076,1350,6,384,23,266,1
7077,108,6,256,22,2397,1
7078,513,7,208,22,969,1
7079,1640,7,208,22,80,1
7080,3984,7,456,19,2447,1
7081,2290,7,477,19,1606,1
7082,2911,7,382,44,357,1
7083,2666,4,498,22,357,1
7084,3201,7,503,16,1044,1
7085,1063,7,503,44,2113,1
7086,1640,7,245,65,1532,1
7087,1910,2,47,44,2162,1
7088,3459,7,432,44,1012,1
7089,3344,7,382,22,357,1
7090,56,7,194,65,2275,1
7091,56,7,200,22,1626,1
7092,981,7,297,44,1012,1
7093,981,7,277,65,1045,1
7094,981,7,320,10,2685,1
7095,1352,7,432,10,2276,1
7096,1537,7,382,44,2802,1
7097,3176,7,432,9,2113,1
7098,1967,7,432,44,357,1
7099,1082,7,297,22,213,1
7100,344,7,498,22,1376,1
7101,2374,2,47,44,740,1
7102,2111,7,297,22,1098,1
7103,1620,7,76,22,771,1
7104,690,1,27,44,2868,1
7105,2533,7,208,22,1084,1
7106,1947,5,423,44,2193,1
7107,37,7,200,44,2523,1
7108,3612,7,498,22,80,1
7109,1948,7,297,22,1829,1
7110,3893,7,256,44,1417,1
7111,2260,5,256,22,1012,1
7112,3783,7,503,10,1626,1
7113,3893,7,538,65,1107,1
7114,1204,7,27,35,1012,1
7115,1779,7,19,44,985,1
7116,2084,7,208,44,1829,1
7117,3630,7,498,44,357,1
7118,68,4,534,44,502,1
7119,305,1,365,47,1901,1
7120,57,7,534,29,2666,1
7121,1481,7,440,59,702,1
7122,3049,7,260,13,585,1
7123,2330,7,276,54,214,1
7124,2173,7,47,44,357,1
7125,3757,3,178,1,1486,1
7126,3023,7,422,19,2774,1
7127,1117,3,341,22,703,1
7128,3221,7,168,22,585,1
7129,3221,7,186,54,2667,1
7130,625,7,588,19,1245,1
7131,3406,7,448,54,1957,1
7132,2199,7,401,30,1943,1
7133,562,7,33,29,2473,1
7134,1845,7,271,54,2774,1
7135,3177,7,168,10,2686,1
7136,17,7,509,54,111,1
7137,3841,7,168,22,382,1
7138,823,7,437,43,1512,1
7139,2643,7,344,19,2774,1
7140,3698,6,178,1,1665,1
7141,2128,7,425,19,2774,1
7142,3724,7,408,59,1210,1
7143,460,7,493,12,2333,1
7144,179,7,397,16,825,1
7145,179,7,196,19,2240,1
7146,2894,7,6,13,184,1
7147,2112,7,168,43,1487,1
7148,220,7,186,54,383,1
7149,1312,7,168,30,772,1
7150,1379,1,474,19,1386,1
7151,1948,7,6,16,358,1
7152,1313,6,178,30,2322,1
7153,2375,7,401,1,1246,1
7154,824,7,534,58,382,1
7155,563,7,6,19,129,1
7156,3407,7,401,19,2774,1
7157,3699,7,378,16,96,1
7158,2331,7,442,54,1330,1
7159,1514,7,365,44,471,1
7160,3238,7,391,54,1958,1
7161,427,7,168,10,1677,1
7162,2962,7,493,12,1072,1
7163,2962,7,449,53,2333,1
7164,691,7,168,10,2387,1
7165,691,7,6,54,1641,1
7166,428,7,246,44,898,1
7167,825,4,178,19,634,1
7168,3914,7,456,16,882,1
7169,157,7,401,16,882,1
7170,582,2,401,19,2774,1
7171,134,2,128,12,1432,1
7172,2666,5,401,20,1433,1
7173,1380,5,422,59,1164,1
7174,2354,5,168,16,2240,1
7175,2644,5,241,47,795,1
7176,801,5,422,19,626,1
7177,801,5,238,54,531,1
7178,890,5,408,44,2537,1
7179,1314,5,208,22,826,1
7180,1047,5,178,16,2537,1
7181,3050,5,200,22,1829,1
7182,2199,5,267,5,2774,1
7183,1205,5,256,10,235,1
7184,1640,5,275,16,2726,1
7185,243,5,6,13,1901,1
7186,775,5,443,13,2194,1
7187,3631,5,343,44,613,1
7188,826,5,99,16,2667,1
7189,3613,5,405,54,412,1
7190,1735,5,66,19,1873,1
7191,1577,5,343,22,112,1
7192,3842,5,423,22,923,1
7193,2645,5,208,44,2599,1
7194,3949,5,169,54,1513,1
7195,3724,5,343,44,1084,1
7196,3632,5,297,22,112,1
7197,2894,5,422,19,755,1
7198,1083,5,27,20,112,1
7199,1083,5,297,22,112,1
7200,3894,5,413,13,686,1
7201,179,5,168,22,2687,1
7202,827,5,148,59,1523,1
7203,3894,5,352,47,344,1
7204,2572,5,413,22,2114,1
7205,3222,5,131,12,1514,1
7206,776,5,414,64,2459,1
7207,3633,1,6,13,2114,1
7208,3633,1,422,16,2114,1
7209,3633,1,110,19,503,1
7210,3633,1,378,13,2497,1
7211,345,5,297,44,280,1
7212,1621,5,208,22,2523,1
7213,2154,5,297,44,1310,1
7214,3725,5,168,30,1666,1
7215,1482,5,256,22,413,1
7216,2435,5,456,64,452,1
7217,2435,5,267,37,129,1
7218,18,5,178,20,532,1
7219,18,5,242,13,2257,1
7220,37,5,208,44,939,1
7221,18,5,408,1,532,1
7222,2085,5,343,22,1012,1
7223,1736,5,10,64,169,1
7224,428,5,10,54,2366,1
7225,3895,5,92,54,2761,1
7226,1381,5,6,30,1468,1
7227,1381,5,401,44,532,1
7228,1084,5,548,54,2435,1
7229,2573,4,424,37,2400,1
7230,2486,4,440,13,2803,1
7231,3177,4,116,19,1760,1
7232,3269,4,209,22,2131,1
7233,3613,4,477,1,1740,1
7234,3613,4,408,1,1740,1
7235,3613,4,422,26,1740,1
7236,1352,4,200,22,2258,1
7237,1137,4,498,29,2259,1
7238,1010,6,6,54,2688,1
7239,801,4,458,13,1760,1
7240,2113,1,503,33,586,1
7241,346,1,254,10,1594,1
7242,2200,1,437,19,1165,1
7243,3483,4,432,29,1451,1
7244,1117,1,423,44,2334,1
7245,2667,1,246,44,472,1
7246,3345,4,503,10,2804,1
7247,2667,1,168,19,334,1
7248,825,1,11,29,250,1
7249,1538,1,81,54,899,1
7250,1180,1,208,20,601,1
7251,1538,1,498,22,2573,1
7252,1481,1,401,44,2711,1
7253,2155,1,493,13,489,1
7254,3307,4,503,29,1377,1
7255,2995,1,401,44,2260,1
7256,158,1,178,19,1927,1
7257,1562,1,397,26,2090,1
7258,2155,1,343,19,1928,1
7259,1968,1,408,16,1524,1
7260,4051,1,584,44,1805,1
7261,982,1,297,58,490,1
7262,626,4,477,20,1740,1
7263,1063,1,16,58,1983,1
7264,2827,1,423,22,1488,1
7265,945,1,424,12,2090,1
7266,945,1,425,22,2090,1
7267,982,1,440,16,2240,1
7268,1968,1,503,27,1452,1
7269,2436,1,452,22,2043,1
7270,3223,4,200,44,2474,1
7271,4103,4,30,22,1971,1
7272,562,1,534,19,403,1
7273,1927,1,422,13,130,1
7274,1927,1,178,43,2294,1
7275,3843,1,408,19,2460,1
7276,1064,1,498,22,2804,1
7277,2156,1,481,19,1166,1
7278,2156,1,481,19,1874,1
7279,1622,1,408,43,2668,1
7280,891,4,297,44,1179,1
7281,1064,4,401,43,634,1
7282,243,1,178,54,997,1
7283,1640,1,515,12,715,1
7284,1336,1,425,43,756,1
7285,1910,1,8,64,435,1
7286,3269,4,209,22,419,1
7287,914,1,496,19,2774,1
7288,3841,1,208,27,923,1
7289,2643,1,327,19,2828,1
7290,605,1,252,54,2345,1
7291,3613,4,477,1,569,1
7292,3613,4,401,20,795,1
7293,2086,1,178,54,869,1
7294,1011,1,477,47,1057,1
7295,583,1,341,22,2115,1
7296,872,4,275,44,1488,1
7297,1623,4,401,19,1223,1
7298,2506,1,498,22,2553,1
7299,654,4,505,12,1402,1
7300,2290,1,502,12,97,1
7301,2686,1,503,29,2132,1
7302,2926,1,498,39,2388,1
7303,583,1,341,19,517,1
7304,3842,4,107,54,1073,1
7305,2468,1,74,43,570,1
7306,1353,1,388,19,997,1
7307,3724,5,341,43,2400,1
7308,2521,1,459,20,2072,1
7309,2521,1,178,26,1806,1
7310,1780,1,503,10,1277,1
7311,1780,1,74,54,2633,1
7312,3972,1,498,44,2218,1
7313,1083,4,498,27,1856,1
7314,2468,1,456,16,267,1
7315,3532,1,47,22,1678,1
7316,3972,1,76,22,491,1
7317,3700,1,168,16,403,1
7318,1624,1,388,37,924,1
7319,38,4,408,16,2511,1
7320,3896,1,208,44,1247,1
7321,1138,1,202,44,56,1
7322,1337,1,170,10,518,1
7323,1337,1,178,26,2241,1
7324,1928,1,401,10,1258,1
7325,198,1,78,12,614,1
7326,220,4,140,5,883,1
7327,1757,1,215,64,222,1
7328,1312,1,266,5,957,1
7329,159,1,27,22,841,1
7330,159,1,27,22,841,1
7331,3984,1,297,22,1741,1
7332,3655,1,372,44,2346,1
7333,1969,1,477,22,2400,1
7334,18,1,246,10,158,1
7335,2895,1,74,16,1434,1
7336,37,1,208,22,1515,1
7337,3568,1,424,37,615,1
7338,3783,1,72,29,2761,1
7339,3783,1,408,29,1571,1
7340,3568,1,187,44,298,1
7341,3897,4,401,19,884,1
7342,221,4,231,22,1259,1
7343,221,4,297,22,1224,1
7344,3897,1,92,58,403,1
7345,873,1,208,22,2746,1
7346,1483,1,479,44,1902,1
7347,1287,1,200,22,671,1
7348,3569,1,276,43,2436,1
7349,1599,1,140,54,1724,1
7350,2507,1,208,27,2179,1
7351,306,4,422,54,1665,1
7352,3178,4,27,39,453,1
7353,1204,1,40,54,1914,1
7354,2052,1,296,19,1147,1
7355,828,1,378,43,1387,1
7356,828,1,504,58,1387,1
7357,4004,1,401,16,1387,1
7358,2052,1,461,47,454,1
7359,2052,1,74,29,1667,1
7360,737,6,256,22,810,1
7361,1380,6,534,19,268,1
7362,1010,6,241,30,1057,1
7363,3510,6,408,58,2401,1
7364,3459,6,496,19,2240,1
7365,1927,6,200,22,1058,1
7366,519,6,275,44,2699,1
7367,56,6,415,44,2762,1
7368,1085,6,432,22,1642,1
7369,1139,6,271,37,1502,1
7370,2927,6,448,48,236,1
7371,3308,6,343,27,1626,1
7372,2154,6,503,22,909,1
7373,2154,6,422,54,2653,1
7374,2112,6,178,58,1024,1
7375,3407,6,124,44,41,1
7376,1736,6,414,8,958,1
7377,927,6,302,54,853,1
7378,1425,6,208,10,335,1
7379,3570,6,341,5,1595,1
7380,244,3,208,44,1844,1
7381,1447,3,47,44,2654,1
7382,1447,3,275,10,2163,1
7383,244,3,17,44,2461,1
7384,3843,3,184,33,1789,1
7385,1949,3,561,44,1225,1
7386,1118,3,267,12,940,1
7387,3699,3,588,29,2805,1
7388,1425,3,458,29,959,1
7389,1365,3,425,43,1875,1
7390,1758,3,256,44,1260,1
7391,1758,3,256,44,1025,1
7392,477,1,178,30,2028,1
7393,1315,1,27,22,2642,1
7394,2521,1,343,22,923,1
7395,1538,4,6,47,1489,1
7396,1779,6,116,29,796,1
7397,478,2,459,19,1026,1
7398,478,2,378,16,1776,1
7399,801,2,378,13,2420,1
7400,2644,2,94,30,998,1
7401,777,2,459,16,773,1
7402,478,2,178,5,2689,1
7403,478,2,503,44,199,1
7404,2067,2,343,44,2437,1
7405,2067,2,178,29,2689,1
7406,1824,2,178,5,1027,1
7407,802,2,422,5,2333,1
7408,1315,2,477,19,2686,1
7409,803,2,493,5,2438,1
7410,2574,2,397,5,2806,1
7411,2828,2,493,19,2044,1
7412,1063,2,208,44,504,1
7413,3101,2,504,5,1388,1
7414,2156,2,502,54,97,1
7415,1205,2,179,8,1903,1
7416,1622,2,235,5,131,1
7417,19,2,498,22,1626,1
7418,3935,2,27,22,1121,1
7419,2573,2,267,16,2335,1
7420,244,2,503,22,436,1
7421,2032,2,416,8,1248,1
7422,3634,2,422,12,1845,1
7423,3408,2,440,16,2333,1
7424,3177,2,178,16,2133,1
7425,2032,2,477,19,602,1
7426,1640,2,416,12,2073,1
7427,520,2,422,29,344,1
7428,823,2,423,44,2134,1
7429,3344,2,343,22,900,1
7430,2437,2,432,9,2164,1
7431,2213,2,341,16,827,1
7432,654,2,433,19,553,1
7433,3511,2,378,19,2240,1
7434,2926,2,503,44,885,1
7435,1539,2,6,16,2180,1
7436,2619,2,343,9,986,1
7437,222,2,275,22,1211,1
7438,323,2,423,44,1829,1
7439,498,2,246,44,811,1
7440,2620,2,6,13,170,1
7441,69,2,393,54,2073,1
7442,69,2,481,19,571,1
7443,69,2,317,30,1606,1
7444,2704,2,24,16,812,1
7445,1702,2,503,44,2586,1
7446,1702,2,477,10,1245,1
7447,1537,2,169,54,2073,1
7448,3915,2,477,1,2240,1
7449,3915,2,408,1,2240,1
7450,4052,2,209,44,42,1
7451,4052,2,209,44,42,1
7452,671,2,128,12,57,1
7453,3024,2,503,10,504,1
7454,672,2,422,16,1469,1
7455,543,2,498,44,1278,1
7456,3655,2,362,29,1944,1
7457,928,2,397,5,2240,1
7458,3102,2,178,47,2774,1
7459,2260,2,100,22,2839,1
7460,1846,2,232,29,2813,1
7461,3550,2,197,5,1361,1
7462,3655,2,452,9,1376,1
7463,2087,2,398,22,223,1
7464,2895,2,76,20,8,1
7465,3784,2,401,58,2114,1
7466,2506,2,277,29,2484,1
7467,1086,2,275,10,2113,1
7468,2534,2,388,19,1901,1
7469,2331,2,551,22,2686,1
7470,1065,2,168,13,344,1
7471,3783,2,493,29,471,1
7472,915,2,432,10,1679,1
7473,2174,2,503,22,2747,1
7474,1204,2,405,58,2180,1
7475,2507,2,208,22,1278,1
7476,1204,2,401,10,1470,1
7477,4004,2,422,58,1196,1
7478,1204,2,503,44,2074,1
7479,2589,2,186,5,1547,1
7480,874,2,416,12,1028,1
7481,3179,2,184,22,1742,1
7482,1599,2,497,22,1815,1
7483,1204,2,215,33,1261,1
7484,874,2,401,1,2869,1
7485,499,2,6,19,1901,1
7486,2315,2,252,16,2813,1
7487,3950,2,182,5,2813,1
7488,2734,2,401,19,626,1
7489,2734,2,178,43,2261,1
7490,157,2,472,44,1616,1
7491,1929,2,441,58,1665,1
7492,2332,7,365,44,882,1
7493,2798,7,276,58,1027,1
7494,2827,7,72,22,1668,1
7495,1117,7,378,59,2587,1
7496,2354,7,224,30,2523,1
7497,1181,7,201,10,113,1
7498,1137,7,256,22,224,1
7499,223,7,423,1,321,1
7500,3656,7,6,64,2091,1
7501,3656,7,401,13,2219,1
7502,2644,7,422,64,635,1
7503,3951,7,6,29,635,1
7504,2734,7,209,22,1012,1
7505,2734,7,503,44,224,1
7506,3951,7,437,44,2135,1
7507,3656,7,503,13,2277,1
7508,1380,7,422,54,2367,1
7509,4005,7,196,12,185,1
7510,3952,7,200,44,1626,1
7511,777,7,246,22,1135,1
7512,3823,7,169,58,587,1
7513,3370,7,178,44,2278,1
7514,1181,7,437,59,1627,1
7515,778,7,224,10,1135,1
7516,825,7,275,44,1012,1
7517,848,7,6,16,2400,1
7518,1047,7,141,65,554,1
7519,2666,7,208,27,1626,1
7520,1484,7,65,58,2667,1
7521,2487,7,378,19,1468,1
7522,1484,7,440,16,854,1
7523,1315,7,401,44,2400,1
7524,2354,7,338,44,636,1
7525,1949,7,449,53,299,1
7526,2155,7,178,10,237,1
7527,2155,7,408,44,647,1
7528,4051,7,6,12,1108,1
7529,848,7,493,54,2400,1
7530,3551,7,76,44,2075,1
7531,544,7,156,12,2002,1
7532,2853,7,501,13,200,1
7533,625,7,503,44,420,1
7534,1600,7,401,44,2181,1
7535,2735,7,401,47,716,1
7536,2735,7,425,47,2347,1
7537,428,7,422,29,2814,1
7538,1119,7,178,16,2076,1
7539,288,7,208,44,159,1
7540,2155,7,297,44,2787,1
7541,289,7,509,12,656,1
7542,70,7,509,54,114,1
7543,3408,7,401,19,2400,1
7544,19,7,432,10,885,1
7545,158,7,170,22,1135,1
7546,1737,7,208,44,2523,1
7547,3050,7,208,65,213,1
7548,243,7,422,43,24,1
7549,1205,7,498,39,2523,1
7550,1970,7,81,26,1654,1
7551,3657,7,423,43,1972,1
7552,1485,7,200,44,2523,1
7553,2573,7,334,5,757,1
7554,520,7,200,22,885,1
7555,2032,7,382,44,1012,1
7556,4103,7,497,44,1626,1
7557,3103,7,343,44,1389,1
7558,914,7,432,44,2538,1
7559,3613,7,208,22,1012,1
7560,180,7,182,64,2614,1
7561,4031,7,178,5,1502,1
7562,2395,7,384,54,2614,1
7563,3177,7,275,44,2523,1
7564,180,7,7,19,2400,1
7565,3614,7,378,22,382,1
7566,564,7,343,30,420,1
7567,564,7,440,30,2686,1
7568,3177,7,292,47,1857,1
7569,2912,7,382,22,2554,1
7570,2928,7,271,29,1502,1
7571,2928,7,246,44,960,1
7572,2645,7,256,22,1012,1
7573,2645,7,76,22,2523,1
7574,3239,7,297,22,2523,1
7575,4031,7,401,44,2181,1
7576,1577,7,422,19,2400,1
7577,3270,7,241,47,1973,1
7578,2775,7,422,16,1212,1
7579,823,7,422,12,299,1
7580,2775,7,178,16,1027,1
7581,2486,7,186,43,2689,1
7582,2928,7,47,39,2829,1
7583,347,7,208,10,2787,1
7584,347,7,437,10,1830,1
7585,3724,7,588,19,382,1
7586,3051,7,534,29,1085,1
7587,1930,7,178,54,1468,1
7588,3104,7,178,47,2686,1
7589,3985,7,200,22,885,1
7590,3051,7,256,44,1012,1
7591,199,7,47,22,1626,1
7592,2984,7,297,44,2554,1
7593,654,7,283,37,201,1
7594,2646,7,509,54,2073,1
7595,605,7,297,44,1626,1
7596,3724,7,200,44,2554,1
7597,3724,7,423,44,437,1
7598,2603,7,548,12,656,1
7599,872,7,588,19,687,1
7600,2603,7,277,10,300,1
7601,3985,7,47,65,438,1
7602,1353,7,178,16,1108,1
7603,914,7,423,22,1626,1
7604,1206,7,422,19,901,1
7605,2355,7,168,44,2180,1
7606,2619,7,208,44,224,1
7607,2355,7,477,30,2180,1
7608,738,7,408,43,672,1
7609,1625,7,178,19,1502,1
7610,2355,7,515,48,1330,1
7611,3698,7,503,22,813,1
7612,583,7,493,19,1572,1
7613,1623,7,276,12,473,1
7614,1623,7,401,30,2400,1
7615,3844,7,362,29,1743,1
7616,1206,7,503,44,2523,1
7617,1930,7,378,19,2400,1
7618,1624,7,496,5,2686,1
7619,135,7,378,19,716,1
7620,412,7,378,19,382,1
7621,2984,7,509,54,1607,1
7622,2621,7,200,22,2448,1
7623,2621,7,503,22,2448,1
7624,135,7,225,29,1059,1
7625,498,7,401,44,25,1
7626,1563,7,437,19,1502,1
7627,498,7,534,12,2667,1
7628,3512,7,256,22,2554,1
7629,3176,7,74,19,1945,1
7630,4053,7,6,29,160,1
7631,3894,7,401,13,2667,1
7632,1623,7,128,12,656,1
7633,2033,7,6,29,2686,1
7634,3049,7,502,1,1606,1
7635,3049,7,496,26,571,1
7636,2521,7,503,29,1389,1
7637,3049,7,208,44,2523,1
7638,3049,7,503,22,1012,1
7639,3532,7,397,29,2667,1
7640,3409,7,149,5,2690,1
7641,412,7,416,54,2017,1
7642,671,7,27,10,213,1
7643,3460,7,503,13,813,1
7644,3677,7,200,22,1533,1
7645,461,7,10,29,656,1
7646,671,7,423,22,2018,1
7647,429,7,416,5,828,1
7648,1641,7,178,16,758,1
7649,3571,7,422,30,161,1
7650,2604,7,509,48,656,1
7651,2996,7,446,22,842,1
7652,776,7,382,44,2727,1
7653,2621,7,246,27,2074,1
7654,1337,7,432,30,2830,1
7655,1337,7,502,58,1696,1
7656,1337,7,116,29,1136,1
7657,305,7,493,19,672,1
7658,1641,7,503,44,900,1
7659,4054,7,302,54,587,1
7660,2647,7,18,10,2113,1
7661,640,7,401,44,1502,1
7662,1366,7,87,44,2485,1
7663,1366,7,178,54,1790,1
7664,1884,7,168,47,1027,1
7665,582,7,498,22,1012,1
7666,159,7,341,19,43,1
7667,4006,7,502,44,1858,1
7668,2375,7,422,12,2774,1
7669,2488,7,422,19,1606,1
7670,565,7,208,44,2074,1
7671,712,7,378,65,2588,1
7672,1969,7,74,29,1029,1
7673,71,7,256,58,1626,1
7674,1379,7,92,54,1122,1
7675,1846,7,461,43,1929,1
7676,3461,7,208,44,1626,1
7677,983,7,27,22,1012,1
7678,1140,7,208,22,1012,1
7679,1989,7,169,29,369,1
7680,713,7,378,19,2400,1
7681,290,7,496,64,882,1
7682,71,7,401,58,1791,1
7683,71,7,422,37,1180,1
7684,779,7,401,58,1181,1
7685,1313,7,94,12,2539,1
7686,1969,7,588,13,1547,1
7687,1758,7,401,58,1680,1
7688,779,7,200,9,2802,1
7689,1713,7,168,58,1167,1
7690,1515,7,449,13,281,1
7691,1313,7,408,44,2689,1
7692,18,7,382,22,1626,1
7693,290,7,426,29,1606,1
7694,3551,7,401,19,282,1
7695,2087,7,208,27,1012,1
7696,1948,7,432,10,673,1
7697,1948,7,422,29,1502,1
7698,1948,7,401,29,382,1
7699,1989,7,246,39,1697,1
7700,2589,7,202,16,2242,1
7701,3009,7,502,44,382,1
7702,673,7,404,54,656,1
7703,2243,7,66,30,439,1
7704,1540,7,149,54,656,1
7705,3699,7,493,54,882,1
7706,2331,7,297,44,1012,1
7707,2488,7,208,22,1626,1
7708,1578,7,362,54,200,1
7709,1601,7,493,26,2279,1
7710,3845,7,422,59,421,1
7711,2871,7,503,22,1012,1
7712,3615,7,493,64,1027,1
7713,3615,7,6,13,1680,1
7714,3407,7,388,9,1680,1
7715,2895,7,503,22,1626,1
7716,2589,7,422,16,2240,1
7717,3953,7,401,44,2240,1
7718,1425,7,196,65,2615,1
7719,1483,7,252,29,1617,1
7720,2871,7,178,54,2774,1
7721,1425,7,408,27,185,1
7722,2799,7,297,44,2485,1
7723,1086,7,416,64,1030,1
7724,627,7,503,22,224,1
7725,2985,7,422,13,1180,1
7726,348,7,208,44,357,1
7727,1273,7,178,13,2667,1
7728,3568,7,537,54,2220,1
7729,1642,7,423,44,2787,1
7730,3309,7,178,22,1502,1
7731,3986,7,441,30,25,1
7732,2084,7,46,12,1059,1
7733,430,7,156,26,132,1
7734,4032,7,477,44,2181,1
7735,3238,7,422,19,2689,1
7736,3726,7,496,37,2181,1
7737,3309,7,343,44,312,1
7738,2330,7,256,22,1012,1
7739,1599,7,275,22,2131,1
7740,499,7,241,29,1182,1
7741,2331,7,178,54,2831,1
7742,1012,7,252,64,1183,1
7743,1579,7,113,54,1596,1
7744,2085,7,498,44,1626,1
7745,2687,7,297,44,885,1
7746,2687,7,452,44,283,1
7747,2396,7,422,64,58,1
7748,2705,7,208,44,2134,1
7749,2829,7,391,54,814,1
7750,2034,7,178,29,382,1
7751,2622,7,343,44,2131,1
7752,92,7,178,29,2524,1
7753,2962,7,271,16,1668,1
7754,1204,7,343,22,1012,1
7755,2332,7,404,54,853,1
7756,324,7,334,30,238,1
7757,1381,7,283,65,313,1
7758,3952,7,408,19,2348,1
7759,3178,7,178,29,2181,1
7760,2332,7,246,44,224,1
7761,2332,7,422,29,987,1
7762,1537,7,297,44,1626,1
7763,3597,7,498,22,1777,1
7764,2535,7,388,30,345,1
7765,2535,7,554,19,345,1
7766,2157,7,408,19,1597,1
7767,3952,7,43,30,1180,1
7768,2734,7,440,29,825,1
7769,2622,7,422,1,755,1
7770,3898,7,452,10,1626,1
7771,2315,7,498,10,2802,1
7772,2536,7,208,44,1389,1
7773,3914,7,334,29,757,1
7774,2536,7,588,29,571,1
7775,1537,1,498,22,1626,1
7776,4074,4,503,33,2540,1
7777,3656,7,208,22,1761,1
7778,2332,5,388,44,1403,1
7779,499,6,6,64,186,1
