Factor Desencadenante de la Agresión,Escenario del Hecho,Zona del Hecho,Sexo de la victima,Sexo del Agresor,Ciclo Vital,Municipio del hecho DANE,Cluster
"Intolerancia, machismo",Vivienda,Cabecera municipal,Hombre,Mujer,(00 a 05) Primera Infancia,Soacha,Cluster 1
"Intolerancia, machismo",Sin información,Cabecera municipal,Hombre,Mujer,(00 a 05) Primera Infancia,Soacha,Cluster 1
"Intolerancia, machismo",Vivienda,Cabecera municipal,Mujer,Hombre,(29 a 59) Adultez,Soacha,Cluster 1
"Intolerancia, machismo",Vivienda,Cabecera municipal,Mujer,Hombre,(18 a 28) Juventud,Soacha,Cluster 1
Alcoholismo / drogadicción,Vía Pública,Cabecera municipal,Mujer,Hombre,(18 a 28) Juventud,Pacho,Cluster 1
"Intolerancia, machismo",Vivienda,Cabecera municipal,Mujer,Hombre,(29 a 59) Adultez,Cota,Cluster 1
Alcoholismo / drogadicción,Vivienda,Cabecera municipal,Mujer,Hombre,(29 a 59) Adultez,Soacha,Cluster 1
"Intolerancia, machismo",Vivienda,Cabecera municipal,Mujer,Hombre,(06 a 11) Infancia,Soacha,Cluster 1
"Intolerancia, machismo",Vivienda,Cabecera municipal,Mujer,Hombre,(18 a 28) Juventud,Soacha,Cluster 1
"Intolerancia, machismo",Vivienda,Cabecera municipal,Hombre,Hombre,(29 a 59) Adultez,Soacha,Cluster 1
"Intolerancia, machismo",Vía Pública,Cabecera municipal,Hombre,Hombre,(29 a 59) Adultez,Soacha,Cluster 1
"Intolerancia, machismo","Calle (Autopista,Avenida,Dentro de La Ciudad)",Cabecera municipal,Mujer,Hombre,(29 a 59) Adultez,Soacha,Cluster 2
"Intolerancia, machismo",Estaciones de Servicio (Bombas de Gasolina),Cabecera municipal,Mujer,Hombre,(18 a 28) Juventud,Soacha,Cluster 3
"Intolerancia, machismo",Vivienda,Cabecera municipal,Mujer,Hombre,(12 a 17) Adolescencia,Soacha,Cluster 1
"Intolerancia, machismo",Vivienda,Cabecera municipal,Mujer,Mujer,(29 a 59) Adultez,Soacha,Cluster 1
"Intolerancia, machismo",Vivienda,Cabecera municipal,Mujer,Hombre,(Más de 60) Adulto Mayor,Soacha,Cluster 1
"Intolerancia, machismo",Vivienda,Cabecera municipal,Mujer,Hombre,(29 a 59) Adultez,Soacha,Cluster 1
"Intolerancia, machismo",Vía Pública,Cabecera municipal,Mujer,Hombre,(29 a 59) Adultez,Soacha,Cluster 1
"Intolerancia, machismo",Vivienda,Cabecera municipal,Mujer,Hombre,(18 a 28) Juventud,Pacho,Cluster 1
"Intolerancia, machismo",Vía Pública,Cabecera municipal,Mujer,Hombre,(Más de 60) Adulto Mayor,Soacha,Cluster 1
"Intolerancia, machismo",Vivienda,Cabecera municipal,Mujer,Hombre,(12 a 17) Adolescencia,Soacha,Cluster 1
"Intolerancia, machismo",Vivienda,Cabecera municipal,Mujer,Mujer,(Más de 60) Adulto Mayor,Soacha,Cluster 1
"Intolerancia, machismo",Vivienda,Cabecera municipal,Mujer,Hombre,(18 a 28) Juventud,Soacha,Cluster 1
"Intolerancia, machismo",Vivienda,Cabecera municipal,Mujer,Mujer,(Más de 60) Adulto Mayor,Soacha,Cluster 1
"Intolerancia, machismo",Vivienda,Cabecera municipal,Mujer,Mujer,(29 a 59) Adultez,Soacha,Cluster 1
"Intolerancia, machismo",Vivienda,Cabecera municipal,Mujer,Mujer,(Más de 60) Adulto Mayor,Soacha,Cluster 1
"Intolerancia, machismo",Vivienda,Cabecera municipal,Mujer,Hombre,(29 a 59) Adultez,Soacha,Cluster 1
"Intolerancia, machismo",Vivienda,Cabecera municipal,Mujer,Mujer,(29 a 59) Adultez,Soacha,Cluster 1
"Intolerancia, machismo",Vivienda,Cabecera municipal,Hombre,Mujer,(00 a 05) Primera Infancia,Soacha,Cluster 1
"Intolerancia, machismo",Vía Pública,Cabecera municipal,Hombre,Hombre,(12 a 17) Adolescencia,Soacha,Cluster 1
"Intolerancia, machismo",Vivienda,Cabecera municipal,Mujer,Hombre,(29 a 59) Adultez,Soacha,Cluster 1
"Intolerancia, machismo",Vivienda,Cabecera municipal,Mujer,Hombre,(12 a 17) Adolescencia,Soacha,Cluster 1
"Intolerancia, machismo",Vivienda,Cabecera municipal,Mujer,Hombre,(29 a 59) Adultez,Soacha,Cluster 1
"Intolerancia, machismo",Vivienda,Cabecera municipal,Mujer,Hombre,(18 a 28) Juventud,Soacha,Cluster 1
"Intolerancia, machismo",Vivienda,Cabecera municipal,Mujer,Hombre,(12 a 17) Adolescencia,Soacha,Cluster 1
"Intolerancia, machismo",Vivienda,Cabecera municipal,Mujer,Mujer,(18 a 28) Juventud,Soacha,Cluster 1
"Intolerancia, machismo",Vivienda,Cabecera municipal,Hombre,Hombre,(18 a 28) Juventud,Soacha,Cluster 1
"Intolerancia, machismo",Vivienda,Cabecera municipal,Hombre,Hombre,(06 a 11) Infancia,Soacha,Cluster 1
"Intolerancia, machismo",Vivienda,Cabecera municipal,Hombre,Hombre,(06 a 11) Infancia,Soacha,Cluster 1
"Intolerancia, machismo",Vivienda,Cabecera municipal,Hombre,Mujer,(06 a 11) Infancia,Girardot,Cluster 1
"Intolerancia, machismo",Vivienda,Cabecera municipal,Hombre,Mujer,(00 a 05) Primera Infancia,Soacha,Cluster 1
Sin información,Vivienda,Cabecera municipal,Hombre,Hombre,(12 a 17) Adolescencia,Chía,Cluster 1
"Intolerancia, machismo",Vivienda,Cabecera municipal,Mujer,Mujer,(06 a 11) Infancia,Girardot,Cluster 1
"Intolerancia, machismo",Vivienda,Cabecera municipal,Hombre,Hombre,(00 a 05) Primera Infancia,Soacha,Cluster 1
"Intolerancia, machismo",Vivienda,Cabecera municipal,Hombre,Hombre,(06 a 11) Infancia,Soacha,Cluster 1
"Intolerancia, machismo",Vía Pública,Cabecera municipal,Hombre,Mujer,(18 a 28) Juventud,Soacha,Cluster 1
"Intolerancia, machismo",Vivienda,Cabecera municipal,Hombre,Mujer,(00 a 05) Primera Infancia,Soacha,Cluster 1
"Intolerancia, machismo",Vía Pública,Cabecera municipal,Mujer,Hombre,(18 a 28) Juventud,Soacha,Cluster 1
"Intolerancia, machismo",Vivienda,Sin información,Mujer,Mujer,(18 a 28) Juventud,Chía,Cluster 1
"Intolerancia, machismo","Calle (Autopista,Avenida,Dentro de La Ciudad)",Cabecera municipal,Mujer,Mujer,(29 a 59) Adultez,Girardot,Cluster 2
"Intolerancia, machismo",Vía Pública,Cabecera municipal,Mujer,Mujer,(18 a 28) Juventud,Soacha,Cluster 1
"Intolerancia, machismo",Vivienda,Cabecera municipal,Mujer,Hombre,(12 a 17) Adolescencia,Cajicá,Cluster 1
"Intolerancia, machismo",Vivienda,Cabecera municipal,Mujer,Hombre,(12 a 17) Adolescencia,Soacha,Cluster 1
"Intolerancia, machismo",Vivienda,Cabecera municipal,Mujer,Hombre,(12 a 17) Adolescencia,Soacha,Cluster 1
"Intolerancia, machismo",Vivienda,Cabecera municipal,Mujer,Hombre,(12 a 17) Adolescencia,Soacha,Cluster 1
"Intolerancia, machismo",Vivienda,Cabecera municipal,Mujer,Hombre,(12 a 17) Adolescencia,Soacha,Cluster 1
"Intolerancia, machismo",Vivienda,Cabecera municipal,Mujer,Hombre,(06 a 11) Infancia,Soacha,Cluster 1
"Intolerancia, machismo",Vivienda,Cabecera municipal,Mujer,Mujer,(18 a 28) Juventud,Soacha,Cluster 1
"Intolerancia, machismo",Vivienda,Cabecera municipal,Mujer,Mujer,(12 a 17) Adolescencia,Soacha,Cluster 1
Alcoholismo / drogadicción,Vivienda,Cabecera municipal,Mujer,Mujer,(18 a 28) Juventud,Soacha,Cluster 1
"Intolerancia, machismo",Vivienda,Cabecera municipal,Mujer,Hombre,(12 a 17) Adolescencia,Soacha,Cluster 1
"Intolerancia, machismo",Vivienda,Cabecera municipal,Mujer,Hombre,(18 a 28) Juventud,Soacha,Cluster 1
"Intolerancia, machismo",Vivienda,Cabecera municipal,Mujer,Hombre,(18 a 28) Juventud,Soacha,Cluster 1
Alcoholismo / drogadicción,Vivienda,Cabecera municipal,Mujer,Hombre,(12 a 17) Adolescencia,Soacha,Cluster 1
"Intolerancia, machismo",Vivienda,Cabecera municipal,Mujer,Mujer,(12 a 17) Adolescencia,Soacha,Cluster 1
"Intolerancia, machismo",Vivienda,Cabecera municipal,Hombre,Hombre,(Más de 60) Adulto Mayor,Girardot,Cluster 1
"Intolerancia, machismo",Vivienda,Cabecera municipal,Hombre,Hombre,(18 a 28) Juventud,Soacha,Cluster 1
"Intolerancia, machismo",Vivienda,Cabecera municipal,Mujer,Mujer,(Más de 60) Adulto Mayor,Soacha,Cluster 1
"Intolerancia, machismo",Vivienda,Cabecera municipal,Mujer,Hombre,(18 a 28) Juventud,Soacha,Cluster 1
"Intolerancia, machismo",Vivienda,Cabecera municipal,Hombre,Hombre,(29 a 59) Adultez,Soacha,Cluster 1
"Intolerancia, machismo","Establecimiento Comercial (Tienda,Centro Comercial,Almacén,Plaza de Mercado)",Sin información,Hombre,Hombre,(12 a 17) Adolescencia,Pacho,Cluster 2
Alcoholismo / drogadicción,Vivienda,Cabecera municipal,Mujer,Hombre,(12 a 17) Adolescencia,Soacha,Cluster 1
Sin información,Vivienda,Parte rural (vereda y campo),Mujer,Mujer,(12 a 17) Adolescencia,Chía,Cluster 1
"Intolerancia, machismo",Vía Pública,Cabecera municipal,Hombre,Hombre,(12 a 17) Adolescencia,Soacha,Cluster 1
"Intolerancia, machismo",Vivienda,Cabecera municipal,Hombre,Hombre,(18 a 28) Juventud,Soacha,Cluster 1
"Intolerancia, machismo","Calle (Autopista,Avenida,Dentro de La Ciudad)",Cabecera municipal,Mujer,Hombre,(12 a 17) Adolescencia,Soacha,Cluster 2
"Intolerancia, machismo",Vivienda,Cabecera municipal,Mujer,Mujer,(29 a 59) Adultez,Soacha,Cluster 1
Alcoholismo / drogadicción,Vivienda,Cabecera municipal,Hombre,Hombre,(29 a 59) Adultez,Soacha,Cluster 1
"Intolerancia, machismo",Vivienda,Cabecera municipal,Mujer,Mujer,(29 a 59) Adultez,Soacha,Cluster 1
"Intolerancia, machismo",Vivienda,Cabecera municipal,Mujer,Hombre,(29 a 59) Adultez,Soacha,Cluster 1
Alcoholismo / drogadicción,Vivienda,Cabecera municipal,Mujer,Hombre,(18 a 28) Juventud,Pacho,Cluster 1
"Intolerancia, machismo",Vivienda,Cabecera municipal,Mujer,Hombre,(Más de 60) Adulto Mayor,Soacha,Cluster 1
"Intolerancia, machismo",Vivienda,Cabecera municipal,Mujer,Hombre,(12 a 17) Adolescencia,Soacha,Cluster 1
Sin información,"Centro de Atención Médica (Hospital,Clínica,Consultorio,Etc)",Cabecera municipal,Hombre,Mujer,(00 a 05) Primera Infancia,Soacha,Cluster 2
"Intolerancia, machismo",Vivienda,Cabecera municipal,Hombre,Mujer,(06 a 11) Infancia,Soacha,Cluster 1
"Intolerancia, machismo",Vivienda,Cabecera municipal,Hombre,Mujer,(06 a 11) Infancia,Girardot,Cluster 1
"Intolerancia, machismo",Vivienda,Cabecera municipal,Hombre,Mujer,(06 a 11) Infancia,Soacha,Cluster 1
"Intolerancia, machismo",Vía Pública,Cabecera municipal,Hombre,Hombre,(18 a 28) Juventud,Soacha,Cluster 1
"Intolerancia, machismo","Calle (Autopista,Avenida,Dentro de La Ciudad)",Cabecera municipal,Hombre,Hombre,(12 a 17) Adolescencia,Girardot,Cluster 2
Sin información,Vivienda,Cabecera municipal,Hombre,Hombre,(12 a 17) Adolescencia,Chía,Cluster 1
"Intolerancia, machismo",Vivienda,Cabecera municipal,Hombre,Hombre,(12 a 17) Adolescencia,Soacha,Cluster 1
"Intolerancia, machismo",Vivienda,Cabecera municipal,Hombre,Hombre,(12 a 17) Adolescencia,Soacha,Cluster 1
"Intolerancia, machismo",Vivienda,Cabecera municipal,Hombre,Hombre,(18 a 28) Juventud,Soacha,Cluster 1
Alcoholismo / drogadicción,Vivienda,Cabecera municipal,Mujer,Hombre,(00 a 05) Primera Infancia,Cajicá,Cluster 1
Sin información,Vivienda,Cabecera municipal,Mujer,Hombre,(00 a 05) Primera Infancia,Cajicá,Cluster 1
Sin información,Vivienda,Cabecera municipal,Mujer,Hombre,(12 a 17) Adolescencia,Chía,Cluster 1
"Intolerancia, machismo",Vivienda,Cabecera municipal,Mujer,Hombre,(18 a 28) Juventud,Soacha,Cluster 1
"Intolerancia, machismo",Vivienda,Cabecera municipal,Mujer,Mujer,(12 a 17) Adolescencia,Soacha,Cluster 1
"Intolerancia, machismo",Vivienda,Cabecera municipal,Hombre,Hombre,(29 a 59) Adultez,Soacha,Cluster 1
"Intolerancia, machismo",Vivienda,Cabecera municipal,Mujer,Hombre,(12 a 17) Adolescencia,Soacha,Cluster 1
"Intolerancia, machismo",Vivienda,Cabecera municipal,Hombre,Mujer,(00 a 05) Primera Infancia,Soacha,Cluster 1
"Intolerancia, machismo",Vivienda,Cabecera municipal,Hombre,Mujer,(06 a 11) Infancia,Soacha,Cluster 1
"Intolerancia, machismo",Vivienda,Cabecera municipal,Hombre,Hombre,(12 a 17) Adolescencia,Soacha,Cluster 1
"Intolerancia, machismo",Vivienda,Cabecera municipal,Hombre,Hombre,(Más de 60) Adulto Mayor,Soacha,Cluster 1
"Celos, desconfianza, infidelidad",Vivienda,Cabecera municipal,Hombre,Mujer,(18 a 28) Juventud,Soacha,Cluster 1
"Intolerancia, machismo",Vivienda,Cabecera municipal,Hombre,Hombre,(00 a 05) Primera Infancia,Soacha,Cluster 1
Alcoholismo / drogadicción,Vivienda,Cabecera municipal,Mujer,Hombre,(29 a 59) Adultez,Soacha,Cluster 1
"Intolerancia, machismo",Vivienda,Cabecera municipal,Mujer,Hombre,(29 a 59) Adultez,Soacha,Cluster 1
"Intolerancia, machismo",Vivienda,Cabecera municipal,Mujer,Hombre,(12 a 17) Adolescencia,Soacha,Cluster 1
"Intolerancia, machismo",Vivienda,Cabecera municipal,Mujer,Mujer,(12 a 17) Adolescencia,Girardot,Cluster 1
Alcoholismo / drogadicción,Vivienda,Cabecera municipal,Mujer,Hombre,(06 a 11) Infancia,Soacha,Cluster 1
Alcoholismo / drogadicción,"Establecimiento Comercial (Tienda,Centro Comercial,Almacén,Plaza de Mercado)",Cabecera municipal,Mujer,Mujer,(18 a 28) Juventud,Soacha,Cluster 2
"Intolerancia, machismo",Vivienda,Cabecera municipal,Mujer,Hombre,(18 a 28) Juventud,Soacha,Cluster 1
"Intolerancia, machismo",Vivienda,Cabecera municipal,Mujer,Hombre,(18 a 28) Juventud,Soacha,Cluster 1
"Intolerancia, machismo",Vivienda,Cabecera municipal,Mujer,Hombre,(18 a 28) Juventud,Soacha,Cluster 1
"Intolerancia, machismo",Vía Pública,Cabecera municipal,Hombre,Hombre,(18 a 28) Juventud,Soacha,Cluster 1
"Intolerancia, machismo","Calle (Autopista,Avenida,Dentro de La Ciudad)",Cabecera municipal,Mujer,Hombre,(18 a 28) Juventud,Girardot,Cluster 2
"Intolerancia, machismo",Vivienda,Cabecera municipal,Hombre,Hombre,(29 a 59) Adultez,Soacha,Cluster 1
Alcoholismo / drogadicción,Vivienda,Cabecera municipal,Mujer,Hombre,(29 a 59) Adultez,Soacha,Cluster 1
"Intolerancia, machismo",Vivienda,Cabecera municipal,Mujer,Mujer,(29 a 59) Adultez,Soacha,Cluster 1
"Intolerancia, machismo",Vivienda,Cabecera municipal,Mujer,Hombre,(12 a 17) Adolescencia,Soacha,Cluster 1
"Intolerancia, machismo",Vivienda,Cabecera municipal,Mujer,Hombre,(Más de 60) Adulto Mayor,Soacha,Cluster 1
"Intolerancia, machismo",Vivienda,Cabecera municipal,Mujer,Mujer,(29 a 59) Adultez,Soacha,Cluster 1
"Intolerancia, machismo",Vivienda,Cabecera municipal,Mujer,Hombre,(29 a 59) Adultez,Soacha,Cluster 1
"Intolerancia, machismo",Vivienda,Cabecera municipal,Hombre,Hombre,(12 a 17) Adolescencia,Soacha,Cluster 1
"Intolerancia, machismo",Vivienda,Cabecera municipal,Hombre,Hombre,(12 a 17) Adolescencia,Soacha,Cluster 1
"Intolerancia, machismo",Vivienda,Cabecera municipal,Hombre,Hombre,(06 a 11) Infancia,Soacha,Cluster 1
"Intolerancia, machismo",Vivienda,Cabecera municipal,Hombre,Hombre,(06 a 11) Infancia,Soacha,Cluster 1
"Intolerancia, machismo","Calle (Autopista,Avenida,Dentro de La Ciudad)",Cabecera municipal,Hombre,Hombre,(06 a 11) Infancia,Girardot,Cluster 2
"Intolerancia, machismo",Vivienda,Cabecera municipal,Hombre,Hombre,(00 a 05) Primera Infancia,Girardot,Cluster 1
"Intolerancia, machismo",Vía Pública,Cabecera municipal,Mujer,Hombre,(00 a 05) Primera Infancia,Soacha,Cluster 1
"Intolerancia, machismo",Vivienda,Cabecera municipal,Mujer,Hombre,(06 a 11) Infancia,Soacha,Cluster 1
"Intolerancia, machismo",Vivienda,Cabecera municipal,Mujer,Hombre,(12 a 17) Adolescencia,Soacha,Cluster 1
"Intolerancia, machismo",Vivienda,Cabecera municipal,Hombre,Mujer,(06 a 11) Infancia,Soacha,Cluster 1
"Intolerancia, machismo",Vivienda,Cabecera municipal,Hombre,Hombre,(00 a 05) Primera Infancia,Soacha,Cluster 1
"Intolerancia, machismo",Vía Pública,Cabecera municipal,Hombre,Hombre,(29 a 59) Adultez,Soacha,Cluster 1
"Intolerancia, machismo","Calle (Autopista,Avenida,Dentro de La Ciudad)",Cabecera municipal,Mujer,Hombre,(18 a 28) Juventud,Girardot,Cluster 2
"Intolerancia, machismo",Vivienda,Cabecera municipal,Mujer,Mujer,(12 a 17) Adolescencia,Soacha,Cluster 1
Alcoholismo / drogadicción,"Calle (Autopista,Avenida,Dentro de La Ciudad)",Parte rural (vereda y campo),Mujer,Hombre,(06 a 11) Infancia,Pacho,Cluster 2
"Celos, desconfianza, infidelidad",Vivienda,Cabecera municipal,Mujer,Hombre,(12 a 17) Adolescencia,Girardot,Cluster 1
"Intolerancia, machismo",Vivienda,Cabecera municipal,Hombre,Mujer,(12 a 17) Adolescencia,Soacha,Cluster 1
"Intolerancia, machismo",Vivienda,Cabecera municipal,Mujer,Hombre,(06 a 11) Infancia,Soacha,Cluster 1
"Intolerancia, machismo",Sin información,Cabecera municipal,Mujer,Hombre,(06 a 11) Infancia,Soacha,Cluster 1
"Intolerancia, machismo",Vía Pública,Cabecera municipal,Mujer,Mujer,(06 a 11) Infancia,Soacha,Cluster 1
"Intolerancia, machismo",Vivienda,Cabecera municipal,Mujer,Hombre,(12 a 17) Adolescencia,Soacha,Cluster 1
"Intolerancia, machismo",Vía Pública,Cabecera municipal,Mujer,Hombre,(29 a 59) Adultez,Soacha,Cluster 1
"Celos, desconfianza, infidelidad","Calle (Autopista,Avenida,Dentro de La Ciudad)",Cabecera municipal,Hombre,Mujer,(12 a 17) Adolescencia,Girardot,Cluster 2
"Intolerancia, machismo",Vía Pública,Cabecera municipal,Hombre,Mujer,(00 a 05) Primera Infancia,Soacha,Cluster 1
"Intolerancia, machismo",Vivienda,Cabecera municipal,Hombre,Hombre,(18 a 28) Juventud,Soacha,Cluster 1
"Intolerancia, machismo",Vivienda,Cabecera municipal,Mujer,Mujer,(00 a 05) Primera Infancia,Soacha,Cluster 1
"Intolerancia, machismo",Vivienda,Cabecera municipal,Hombre,Hombre,(06 a 11) Infancia,Soacha,Cluster 1
"Intolerancia, machismo",Vivienda,Cabecera municipal,Hombre,Mujer,(06 a 11) Infancia,Soacha,Cluster 1
"Intolerancia, machismo",Vivienda,Cabecera municipal,Mujer,Hombre,(12 a 17) Adolescencia,Soacha,Cluster 1
"Intolerancia, machismo",Vivienda,Cabecera municipal,Mujer,Hombre,(12 a 17) Adolescencia,Soacha,Cluster 1
Sin información,"Lugares de Cuidado de Personas (Hospicios,Orfelinatos,Hogares Geriatricos,Etc)",Cabecera municipal,Mujer,Mujer,(00 a 05) Primera Infancia,Pacho,Cluster 3
"Intolerancia, machismo",Vivienda,Cabecera municipal,Mujer,Hombre,(18 a 28) Juventud,Soacha,Cluster 1
"Intolerancia, machismo",Vivienda,Cabecera municipal,Mujer,Mujer,(29 a 59) Adultez,Soacha,Cluster 1
"Intolerancia, machismo",Vivienda,Cabecera municipal,Hombre,Hombre,(18 a 28) Juventud,Soacha,Cluster 1
Alcoholismo / drogadicción,Vía Pública,Cabecera municipal,Mujer,Hombre,(29 a 59) Adultez,Soacha,Cluster 1
"Intolerancia, machismo",Vivienda,Cabecera municipal,Mujer,Hombre,(29 a 59) Adultez,Soacha,Cluster 1
Alcoholismo / drogadicción,Vivienda,Cabecera municipal,Mujer,Hombre,(18 a 28) Juventud,Soacha,Cluster 1
"Intolerancia, machismo",Vivienda,Cabecera municipal,Mujer,Hombre,(29 a 59) Adultez,Soacha,Cluster 1
"Intolerancia, machismo",Vivienda,Cabecera municipal,Mujer,Hombre,(29 a 59) Adultez,Soacha,Cluster 1
"Intolerancia, machismo",Vivienda,Cabecera municipal,Mujer,Hombre,(29 a 59) Adultez,Soacha,Cluster 1
"Intolerancia, machismo",Vivienda,Cabecera municipal,Mujer,Hombre,(Más de 60) Adulto Mayor,Girardot,Cluster 1
"Intolerancia, machismo",Vivienda,Cabecera municipal,Mujer,Mujer,(12 a 17) Adolescencia,Soacha,Cluster 1
"Intolerancia, machismo",Vivienda,Cabecera municipal,Mujer,Mujer,(29 a 59) Adultez,Girardot,Cluster 1
"Intolerancia, machismo",Vivienda,Cabecera municipal,Mujer,Mujer,(18 a 28) Juventud,Soacha,Cluster 1
Alcoholismo / drogadicción,Vivienda,Cabecera municipal,Mujer,Hombre,(18 a 28) Juventud,Soacha,Cluster 1
"Intolerancia, machismo",Vivienda,Cabecera municipal,Mujer,Mujer,(06 a 11) Infancia,Soacha,Cluster 1
"Intolerancia, machismo",Vivienda,Cabecera municipal,Hombre,Hombre,(06 a 11) Infancia,Soacha,Cluster 1
"Intolerancia, machismo",Vivienda,Cabecera municipal,Mujer,Mujer,(12 a 17) Adolescencia,Soacha,Cluster 1
"Intolerancia, machismo","Calle (Autopista,Avenida,Dentro de La Ciudad)",Cabecera municipal,Mujer,Hombre,(29 a 59) Adultez,Girardot,Cluster 2
"Intolerancia, machismo",Vivienda,Cabecera municipal,Mujer,Hombre,(18 a 28) Juventud,Soacha,Cluster 1
"Intolerancia, machismo",Vivienda,Cabecera municipal,Mujer,Hombre,(12 a 17) Adolescencia,Soacha,Cluster 1
"Intolerancia, machismo",Vivienda,Cabecera municipal,Mujer,Hombre,(18 a 28) Juventud,Soacha,Cluster 1
"Celos, desconfianza, infidelidad",Vivienda,Cabecera municipal,Mujer,Mujer,(29 a 59) Adultez,Soacha,Cluster 1
Alcoholismo / drogadicción,Vía Pública,Cabecera municipal,Mujer,Hombre,(18 a 28) Juventud,Soacha,Cluster 1
"Intolerancia, machismo",Vivienda,Cabecera municipal,Mujer,Hombre,(29 a 59) Adultez,Soacha,Cluster 1
"Intolerancia, machismo",Vivienda,Cabecera municipal,Mujer,Mujer,(29 a 59) Adultez,Soacha,Cluster 1
"Intolerancia, machismo",Vivienda,Cabecera municipal,Hombre,Hombre,(06 a 11) Infancia,Soacha,Cluster 1
"Intolerancia, machismo",Vivienda,Sin información,Hombre,Mujer,(00 a 05) Primera Infancia,Soacha,Cluster 1
Sin información,Sin información,Cabecera municipal,Hombre,Mujer,(00 a 05) Primera Infancia,Soacha,Cluster 1
Alcoholismo / drogadicción,Vivienda,Cabecera municipal,Hombre,Hombre,(12 a 17) Adolescencia,Soacha,Cluster 1
"Intolerancia, machismo",Vía Pública,Cabecera municipal,Mujer,Mujer,(29 a 59) Adultez,Soacha,Cluster 1
"Intolerancia, machismo",Vivienda,Cabecera municipal,Mujer,Mujer,(29 a 59) Adultez,Soacha,Cluster 1
Alcoholismo / drogadicción,"Calle (Autopista,Avenida,Dentro de La Ciudad)",Parte rural (vereda y campo),Hombre,Hombre,(12 a 17) Adolescencia,Pacho,Cluster 2
"Intolerancia, machismo",Vivienda,Cabecera municipal,Mujer,Mujer,(18 a 28) Juventud,Soacha,Cluster 1
"Intolerancia, machismo",Vía Pública,Cabecera municipal,Hombre,Mujer,(00 a 05) Primera Infancia,Soacha,Cluster 1
"Intolerancia, machismo",Vivienda,Cabecera municipal,Hombre,Hombre,(12 a 17) Adolescencia,Soacha,Cluster 1
"Intolerancia, machismo",Vivienda,Cabecera municipal,Mujer,Hombre,(29 a 59) Adultez,Soacha,Cluster 1
"Intolerancia, machismo",Vía Pública,Cabecera municipal,Mujer,Hombre,(29 a 59) Adultez,Soacha,Cluster 1
"Intolerancia, machismo",Vivienda,Cabecera municipal,Hombre,Hombre,(29 a 59) Adultez,Soacha,Cluster 1
"Intolerancia, machismo",Vía Pública,Cabecera municipal,Hombre,Mujer,(12 a 17) Adolescencia,Soacha,Cluster 1
"Intolerancia, machismo",Vivienda,Cabecera municipal,Hombre,Mujer,(06 a 11) Infancia,Soacha,Cluster 1
"Intolerancia, machismo",Vivienda,Cabecera municipal,Hombre,Mujer,(06 a 11) Infancia,Soacha,Cluster 1
Alcoholismo / drogadicción,Vivienda,Cabecera municipal,Hombre,Hombre,(18 a 28) Juventud,Soacha,Cluster 1
"Intolerancia, machismo",Vivienda,Cabecera municipal,Hombre,Hombre,(18 a 28) Juventud,Soacha,Cluster 1
"Intolerancia, machismo",Vía Pública,Cabecera municipal,Hombre,Hombre,(06 a 11) Infancia,Soacha,Cluster 1
Sin información,Vivienda,Cabecera municipal,Hombre,Mujer,(00 a 05) Primera Infancia,Soacha,Cluster 1
"Intolerancia, machismo",Vivienda,Cabecera municipal,Hombre,Mujer,(29 a 59) Adultez,Soacha,Cluster 1
"Intolerancia, machismo",Vivienda,Cabecera municipal,Mujer,Hombre,(00 a 05) Primera Infancia,Soacha,Cluster 1
Alcoholismo / drogadicción,Vivienda,Cabecera municipal,Mujer,Hombre,(00 a 05) Primera Infancia,Soacha,Cluster 1
"Intolerancia, machismo",Vivienda,Cabecera municipal,Mujer,Hombre,(18 a 28) Juventud,Soacha,Cluster 1
"Intolerancia, machismo",Vivienda,Cabecera municipal,Mujer,Hombre,(12 a 17) Adolescencia,Soacha,Cluster 1
"Intolerancia, machismo",Vivienda,Cabecera municipal,Mujer,Hombre,(29 a 59) Adultez,Soacha,Cluster 1
"Intolerancia, machismo",Vivienda,Cabecera municipal,Hombre,Hombre,(12 a 17) Adolescencia,Soacha,Cluster 1
"Intolerancia, machismo",Vivienda,Cabecera municipal,Hombre,Hombre,(06 a 11) Infancia,Soacha,Cluster 1
"Intolerancia, machismo",Vivienda,Cabecera municipal,Hombre,Hombre,(06 a 11) Infancia,Soacha,Cluster 1
"Intolerancia, machismo",Vivienda,Cabecera municipal,Hombre,Hombre,(18 a 28) Juventud,Soacha,Cluster 1
Sin información,Vivienda,Parte rural (vereda y campo),Hombre,Hombre,(00 a 05) Primera Infancia,Chía,Cluster 1
"Intolerancia, machismo",Vivienda,Cabecera municipal,Mujer,Mujer,(00 a 05) Primera Infancia,Soacha,Cluster 1
Alcoholismo / drogadicción,Vivienda,Cabecera municipal,Mujer,Hombre,(Más de 60) Adulto Mayor,Soacha,Cluster 1
"Celos, desconfianza, infidelidad",Vivienda,Cabecera municipal,Mujer,Hombre,(29 a 59) Adultez,Girardot,Cluster 1
"Intolerancia, machismo",Vivienda,Cabecera municipal,Hombre,Mujer,(00 a 05) Primera Infancia,Soacha,Cluster 1
"Intolerancia, machismo",Vivienda,Cabecera municipal,Hombre,Mujer,(00 a 05) Primera Infancia,Soacha,Cluster 1
"Intolerancia, machismo",Vivienda,Cabecera municipal,Mujer,Hombre,(18 a 28) Juventud,Soacha,Cluster 1
Alcoholismo / drogadicción,Vivienda,Cabecera municipal,Mujer,Hombre,(12 a 17) Adolescencia,Soacha,Cluster 1
"Intolerancia, machismo",Vivienda,Cabecera municipal,Mujer,Hombre,(18 a 28) Juventud,Soacha,Cluster 1
"Intolerancia, machismo",Vivienda,Cabecera municipal,Mujer,Mujer,(06 a 11) Infancia,Soacha,Cluster 1
"Intolerancia, machismo","Calle (Autopista,Avenida,Dentro de La Ciudad)",Cabecera municipal,Mujer,Hombre,(18 a 28) Juventud,Soacha,Cluster 2
"Intolerancia, machismo",Vivienda,Cabecera municipal,Mujer,Hombre,(12 a 17) Adolescencia,Soacha,Cluster 1
"Intolerancia, machismo",Vivienda,Cabecera municipal,Mujer,Hombre,(Más de 60) Adulto Mayor,Soacha,Cluster 1
"Intolerancia, machismo",Vivienda,Cabecera municipal,Mujer,Hombre,(12 a 17) Adolescencia,Soacha,Cluster 1
"Intolerancia, machismo",Vivienda,Cabecera municipal,Hombre,Hombre,(12 a 17) Adolescencia,Soacha,Cluster 1
"Intolerancia, machismo",Vivienda,Cabecera municipal,Hombre,Hombre,(12 a 17) Adolescencia,Girardot,Cluster 1
"Intolerancia, machismo",Vivienda,Cabecera municipal,Hombre,Hombre,(29 a 59) Adultez,Soacha,Cluster 1
"Intolerancia, machismo",Vivienda,Cabecera municipal,Mujer,Hombre,(29 a 59) Adultez,Soacha,Cluster 1
"Intolerancia, machismo",Vivienda,Cabecera municipal,Mujer,Hombre,(29 a 59) Adultez,Soacha,Cluster 1
"Intolerancia, machismo",Vivienda,Cabecera municipal,Mujer,Mujer,(29 a 59) Adultez,Soacha,Cluster 1
"Intolerancia, machismo",Vivienda,Cabecera municipal,Hombre,Mujer,(29 a 59) Adultez,Soacha,Cluster 1
"Intolerancia, machismo",Vivienda,Cabecera municipal,Hombre,Hombre,(29 a 59) Adultez,Soacha,Cluster 1
"Intolerancia, machismo",Vivienda,Cabecera municipal,Mujer,Hombre,(Más de 60) Adulto Mayor,Girardot,Cluster 1
"Intolerancia, machismo",Vivienda,Cabecera municipal,Mujer,Mujer,(18 a 28) Juventud,Soacha,Cluster 1
"Intolerancia, machismo",Vivienda,Cabecera municipal,Mujer,Hombre,(18 a 28) Juventud,Soacha,Cluster 1
"Intolerancia, machismo",Vivienda,Cabecera municipal,Hombre,Hombre,(12 a 17) Adolescencia,Soacha,Cluster 1
"Intolerancia, machismo",Vivienda,Cabecera municipal,Hombre,Hombre,(12 a 17) Adolescencia,Soacha,Cluster 1
"Intolerancia, machismo",Vivienda,Cabecera municipal,Hombre,Hombre,(18 a 28) Juventud,Soacha,Cluster 1
"Intolerancia, machismo",Vía Pública,Cabecera municipal,Mujer,Mujer,(29 a 59) Adultez,Soacha,Cluster 1
"Intolerancia, machismo",Vivienda,Cabecera municipal,Mujer,Mujer,(Más de 60) Adulto Mayor,Soacha,Cluster 1
"Intolerancia, machismo",Vivienda,Cabecera municipal,Mujer,Mujer,(18 a 28) Juventud,Girardot,Cluster 1
"Intolerancia, machismo",Vivienda,Cabecera municipal,Mujer,Hombre,(00 a 05) Primera Infancia,Soacha,Cluster 1
"Intolerancia, machismo",Vivienda,Cabecera municipal,Mujer,Hombre,(29 a 59) Adultez,Soacha,Cluster 1
"Intolerancia, machismo",Vivienda,Cabecera municipal,Hombre,Hombre,(Más de 60) Adulto Mayor,Soacha,Cluster 1
"Intolerancia, machismo","Calle (Autopista,Avenida,Dentro de La Ciudad)",Cabecera municipal,Hombre,Mujer,(29 a 59) Adultez,Soacha,Cluster 2
"Intolerancia, machismo",Vivienda,Cabecera municipal,Mujer,Hombre,(12 a 17) Adolescencia,Soacha,Cluster 1
"Celos, desconfianza, infidelidad",Vía Pública,Cabecera municipal,Hombre,Hombre,(00 a 05) Primera Infancia,Soacha,Cluster 1
"Intolerancia, machismo",Vivienda,Cabecera municipal,Mujer,Hombre,(18 a 28) Juventud,Soacha,Cluster 1
"Intolerancia, machismo",Vivienda,Cabecera municipal,Mujer,Mujer,(29 a 59) Adultez,Soacha,Cluster 1
"Intolerancia, machismo",Vivienda,Cabecera municipal,Mujer,Hombre,(29 a 59) Adultez,Soacha,Cluster 1
Alcoholismo / drogadicción,Vivienda,Cabecera municipal,Mujer,Mujer,(18 a 28) Juventud,Cajicá,Cluster 1
"Intolerancia, machismo",Vivienda,Cabecera municipal,Mujer,Hombre,(12 a 17) Adolescencia,Soacha,Cluster 1
"Intolerancia, machismo",Vivienda,Cabecera municipal,Mujer,Mujer,(29 a 59) Adultez,Soacha,Cluster 1
"Intolerancia, machismo",Vía Pública,Cabecera municipal,Mujer,Mujer,(18 a 28) Juventud,Soacha,Cluster 1
"Intolerancia, machismo",Vivienda,Sin información,Mujer,Mujer,(29 a 59) Adultez,Soacha,Cluster 1
"Intolerancia, machismo",Vivienda,Cabecera municipal,Mujer,Mujer,(29 a 59) Adultez,Soacha,Cluster 1
"Celos, desconfianza, infidelidad",Otros,Cabecera municipal,Hombre,Hombre,(29 a 59) Adultez,Girardot,Cluster 3
"Intolerancia, machismo","Calle (Autopista,Avenida,Dentro de La Ciudad)",Cabecera municipal,Hombre,Hombre,(29 a 59) Adultez,Guaduas,Cluster 2
Sin información,"Calle (Autopista,Avenida,Dentro de La Ciudad)",Cabecera municipal,Hombre,Hombre,(Más de 60) Adulto Mayor,Pacho,Cluster 2
"Intolerancia, machismo",Vivienda,Cabecera municipal,Mujer,Hombre,(18 a 28) Juventud,Soacha,Cluster 1
"Intolerancia, machismo",Sin información,Cabecera municipal,Hombre,Hombre,(06 a 11) Infancia,Soacha,Cluster 1
"Intolerancia, machismo",Vivienda,Cabecera municipal,Hombre,Hombre,(29 a 59) Adultez,Soacha,Cluster 1
"Intolerancia, machismo",Vía Pública,Cabecera municipal,Hombre,Hombre,(29 a 59) Adultez,Soacha,Cluster 1
"Intolerancia, machismo",Vivienda,Cabecera municipal,Mujer,Hombre,(12 a 17) Adolescencia,Soacha,Cluster 1
"Intolerancia, machismo",Vía Pública,Cabecera municipal,Mujer,Mujer,(18 a 28) Juventud,Soacha,Cluster 1
Alcoholismo / drogadicción,"Establecimiento Comercial (Tienda,Centro Comercial,Almacén,Plaza de Mercado)",Cabecera municipal,Mujer,Mujer,(18 a 28) Juventud,Soacha,Cluster 2
"Intolerancia, machismo",Vivienda,Cabecera municipal,Mujer,Hombre,(18 a 28) Juventud,Soacha,Cluster 1
"Intolerancia, machismo",Vivienda,Parte rural (vereda y campo),Mujer,Mujer,(00 a 05) Primera Infancia,Pacho,Cluster 1
"Intolerancia, machismo",Vivienda,Cabecera municipal,Hombre,Mujer,(00 a 05) Primera Infancia,Soacha,Cluster 1
Sin información,Vivienda,Sin información,Hombre,Hombre,(29 a 59) Adultez,Chía,Cluster 1
"Intolerancia, machismo","Establecimiento Comercial (Tienda,Centro Comercial,Almacén,Plaza de Mercado)",Cabecera municipal,Hombre,Hombre,(29 a 59) Adultez,Soacha,Cluster 2
"Intolerancia, machismo","Calle (Autopista,Avenida,Dentro de La Ciudad)",Cabecera municipal,Hombre,Hombre,(18 a 28) Juventud,Soacha,Cluster 2
"Intolerancia, machismo","Calle (Autopista,Avenida,Dentro de La Ciudad)",Cabecera municipal,Hombre,Hombre,(18 a 28) Juventud,Soacha,Cluster 2
Alcoholismo / drogadicción,Vivienda,Cabecera municipal,Mujer,Hombre,(29 a 59) Adultez,Soacha,Cluster 1
"Intolerancia, machismo","Lugares de Cuidado de Personas (Hospicios,Orfelinatos,Hogares Geriatricos,Etc)",Cabecera municipal,Hombre,Mujer,(00 a 05) Primera Infancia,Soacha,Cluster 3
"Intolerancia, machismo",Sin información,Cabecera municipal,Mujer,Hombre,(18 a 28) Juventud,Soacha,Cluster 1
"Intolerancia, machismo",Vivienda,Cabecera municipal,Mujer,Mujer,(29 a 59) Adultez,Soacha,Cluster 1
"Intolerancia, machismo",Vivienda,Cabecera municipal,Hombre,Hombre,(29 a 59) Adultez,Soacha,Cluster 1
"Intolerancia, machismo",Vivienda,Cabecera municipal,Mujer,Hombre,(18 a 28) Juventud,Soacha,Cluster 1
Sin información,Sin información,Cabecera municipal,Mujer,Mujer,(00 a 05) Primera Infancia,Soacha,Cluster 1
"Intolerancia, machismo",Vivienda,Cabecera municipal,Mujer,Hombre,(12 a 17) Adolescencia,Soacha,Cluster 1
"Intolerancia, machismo",Vivienda,Cabecera municipal,Mujer,Hombre,(29 a 59) Adultez,Soacha,Cluster 1
"Intolerancia, machismo",Vía Pública,Cabecera municipal,Mujer,Mujer,(18 a 28) Juventud,Soacha,Cluster 1
"Intolerancia, machismo",Vía Pública,Cabecera municipal,Mujer,Hombre,(Más de 60) Adulto Mayor,Soacha,Cluster 1
"Intolerancia, machismo",Vivienda,Cabecera municipal,Mujer,Hombre,(18 a 28) Juventud,Soacha,Cluster 1
"Intolerancia, machismo",Vivienda,Cabecera municipal,Hombre,Hombre,(29 a 59) Adultez,Soacha,Cluster 1
Alcoholismo / drogadicción,Vivienda,Cabecera municipal,Hombre,Hombre,(Más de 60) Adulto Mayor,Soacha,Cluster 1
"Intolerancia, machismo",Vía Pública,Cabecera municipal,Mujer,Hombre,(29 a 59) Adultez,Soacha,Cluster 1
Sin información,Vivienda,Cabecera municipal,Mujer,Mujer,(00 a 05) Primera Infancia,Soacha,Cluster 1
"Intolerancia, machismo",Vivienda,Cabecera municipal,Mujer,Mujer,(12 a 17) Adolescencia,Soacha,Cluster 1
"Intolerancia, machismo",Vivienda,Cabecera municipal,Hombre,Hombre,(18 a 28) Juventud,Soacha,Cluster 1
"Intolerancia, machismo",Vivienda,Cabecera municipal,Hombre,Mujer,(Más de 60) Adulto Mayor,Soacha,Cluster 1
"Intolerancia, machismo",Vía Pública,Cabecera municipal,Hombre,Hombre,(00 a 05) Primera Infancia,Soacha,Cluster 1
"Intolerancia, machismo",Vivienda,Cabecera municipal,Hombre,Hombre,(12 a 17) Adolescencia,Soacha,Cluster 1
"Intolerancia, machismo",Vía Pública,Cabecera municipal,Hombre,Hombre,(18 a 28) Juventud,Soacha,Cluster 1
"Intolerancia, machismo",Vivienda,Cabecera municipal,Mujer,Mujer,(12 a 17) Adolescencia,Soacha,Cluster 1
Alcoholismo / drogadicción,Vivienda,Cabecera municipal,Hombre,Mujer,(00 a 05) Primera Infancia,Soacha,Cluster 1
"Intolerancia, machismo",Vivienda,Cabecera municipal,Hombre,Hombre,(12 a 17) Adolescencia,Soacha,Cluster 1
"Intolerancia, machismo",Vivienda,Cabecera municipal,Mujer,Hombre,(18 a 28) Juventud,Girardot,Cluster 1
Alcoholismo / drogadicción,Vía Pública,Cabecera municipal,Hombre,Mujer,(29 a 59) Adultez,Soacha,Cluster 1
Alcoholismo / drogadicción,Vivienda,Cabecera municipal,Hombre,Hombre,(12 a 17) Adolescencia,Soacha,Cluster 1
"Celos, desconfianza, infidelidad",Vivienda,Cabecera municipal,Mujer,Hombre,(18 a 28) Juventud,Girardot,Cluster 1
"Intolerancia, machismo",Vivienda,Cabecera municipal,Mujer,Hombre,(18 a 28) Juventud,Soacha,Cluster 1
"Intolerancia, machismo",Vivienda,Cabecera municipal,Mujer,Hombre,(18 a 28) Juventud,Soacha,Cluster 1
Alcoholismo / drogadicción,Vivienda,Cabecera municipal,Mujer,Hombre,(00 a 05) Primera Infancia,Soacha,Cluster 1
"Intolerancia, machismo",Vivienda,Cabecera municipal,Mujer,Hombre,(12 a 17) Adolescencia,Soacha,Cluster 1
"Intolerancia, machismo",Vivienda,Cabecera municipal,Mujer,Hombre,(12 a 17) Adolescencia,Soacha,Cluster 1
"Intolerancia, machismo",Vivienda,Cabecera municipal,Mujer,Mujer,(29 a 59) Adultez,Girardot,Cluster 1
"Intolerancia, machismo",Vía Pública,Cabecera municipal,Mujer,Hombre,(18 a 28) Juventud,Soacha,Cluster 1
Alcoholismo / drogadicción,Vivienda,Cabecera municipal,Mujer,Hombre,(18 a 28) Juventud,Soacha,Cluster 1
"Intolerancia, machismo",Vivienda,Cabecera municipal,Mujer,Mujer,(00 a 05) Primera Infancia,Girardot,Cluster 1
Sin información,Centros Educativos,Cabecera municipal,Hombre,Mujer,(00 a 05) Primera Infancia,Chía,Cluster 2
"Intolerancia, machismo",Vivienda,Cabecera municipal,Mujer,Hombre,(18 a 28) Juventud,Soacha,Cluster 1
"Intolerancia, machismo",Vivienda,Cabecera municipal,Mujer,Mujer,(18 a 28) Juventud,Soacha,Cluster 1
"Celos, desconfianza, infidelidad",Vivienda,Cabecera municipal,Mujer,Mujer,(06 a 11) Infancia,Soacha,Cluster 1
"Intolerancia, machismo",Vía Pública,Cabecera municipal,Hombre,Hombre,(18 a 28) Juventud,Soacha,Cluster 1
"Intolerancia, machismo",Vivienda,Cabecera municipal,Hombre,Hombre,(06 a 11) Infancia,Girardot,Cluster 1
"Intolerancia, machismo",Vivienda,Cabecera municipal,Mujer,Mujer,(18 a 28) Juventud,Soacha,Cluster 1
"Intolerancia, machismo",Vivienda,Cabecera municipal,Hombre,Mujer,(06 a 11) Infancia,Girardot,Cluster 1
"Intolerancia, machismo",Vivienda,Cabecera municipal,Hombre,Hombre,(29 a 59) Adultez,Soacha,Cluster 1
"Intolerancia, machismo",Vivienda,Cabecera municipal,Hombre,Mujer,(12 a 17) Adolescencia,Soacha,Cluster 1
"Intolerancia, machismo",Vivienda,Cabecera municipal,Hombre,Hombre,(06 a 11) Infancia,Soacha,Cluster 1
"Intolerancia, machismo",Vía Pública,Cabecera municipal,Hombre,Hombre,(18 a 28) Juventud,Soacha,Cluster 1
"Intolerancia, machismo",Vivienda,Cabecera municipal,Hombre,Mujer,(00 a 05) Primera Infancia,Soacha,Cluster 1
Alcoholismo / drogadicción,"Calle (Autopista,Avenida,Dentro de La Ciudad)",Cabecera municipal,Hombre,Hombre,(18 a 28) Juventud,Soacha,Cluster 2
"Intolerancia, machismo",Vía Pública,Cabecera municipal,Hombre,Hombre,(12 a 17) Adolescencia,Soacha,Cluster 1
"Intolerancia, machismo",Vivienda,Cabecera municipal,Hombre,Hombre,(12 a 17) Adolescencia,Soacha,Cluster 1
"Intolerancia, machismo",Vivienda,Cabecera municipal,Hombre,Hombre,(06 a 11) Infancia,Soacha,Cluster 1
"Intolerancia, machismo",Vivienda,Cabecera municipal,Hombre,Hombre,(12 a 17) Adolescencia,Soacha,Cluster 1
"Intolerancia, machismo",Vía Pública,Cabecera municipal,Hombre,Mujer,(06 a 11) Infancia,Soacha,Cluster 1
"Intolerancia, machismo",Vivienda,Cabecera municipal,Mujer,Hombre,(12 a 17) Adolescencia,Soacha,Cluster 1
Alcoholismo / drogadicción,"Calle (Autopista,Avenida,Dentro de La Ciudad)",Cabecera municipal,Hombre,Hombre,(00 a 05) Primera Infancia,Pacho,Cluster 2
"Intolerancia, machismo",Vivienda,Cabecera municipal,Hombre,Hombre,(12 a 17) Adolescencia,Chía,Cluster 1
"Intolerancia, machismo",Sin información,Cabecera municipal,Hombre,Mujer,(06 a 11) Infancia,Soacha,Cluster 1
"Intolerancia, machismo",Vivienda,Cabecera municipal,Hombre,Mujer,(06 a 11) Infancia,Soacha,Cluster 1
"Intolerancia, machismo",Vivienda,Cabecera municipal,Hombre,Hombre,(06 a 11) Infancia,Soacha,Cluster 1
"Intolerancia, machismo",Vivienda,Cabecera municipal,Hombre,Hombre,(06 a 11) Infancia,Soacha,Cluster 1
"Intolerancia, machismo",Vivienda,Cabecera municipal,Hombre,Hombre,(06 a 11) Infancia,Soacha,Cluster 1
"Intolerancia, machismo",Vivienda,Cabecera municipal,Hombre,Hombre,(00 a 05) Primera Infancia,Soacha,Cluster 1
"Intolerancia, machismo",Vivienda,Cabecera municipal,Hombre,Hombre,(06 a 11) Infancia,Soacha,Cluster 1
"Intolerancia, machismo",Vivienda,Cabecera municipal,Mujer,Mujer,(29 a 59) Adultez,Soacha,Cluster 1
"Intolerancia, machismo",Centros Educativos,Cabecera municipal,Hombre,Hombre,(12 a 17) Adolescencia,Pacho,Cluster 2
"Intolerancia, machismo",Vivienda,Cabecera municipal,Hombre,Mujer,(29 a 59) Adultez,Soacha,Cluster 1
"Intolerancia, machismo",Vivienda,Cabecera municipal,Mujer,Hombre,(18 a 28) Juventud,Soacha,Cluster 1
Alcoholismo / drogadicción,Vía Pública,Cabecera municipal,Hombre,Hombre,(29 a 59) Adultez,Soacha,Cluster 1
"Intolerancia, machismo","Establecimiento Comercial (Tienda,Centro Comercial,Almacén,Plaza de Mercado)",Cabecera municipal,Hombre,Mujer,(18 a 28) Juventud,Soacha,Cluster 2
"Intolerancia, machismo",Vía Pública,Cabecera municipal,Hombre,Hombre,(18 a 28) Juventud,Soacha,Cluster 1
"Intolerancia, machismo",Vivienda,Cabecera municipal,Hombre,Hombre,(12 a 17) Adolescencia,Soacha,Cluster 1
"Intolerancia, machismo",Vía Pública,Cabecera municipal,Hombre,Hombre,(18 a 28) Juventud,Soacha,Cluster 1
"Intolerancia, machismo","Calle (Autopista,Avenida,Dentro de La Ciudad)",Cabecera municipal,Hombre,Hombre,(Más de 60) Adulto Mayor,Soacha,Cluster 2
"Intolerancia, machismo",Vivienda,Cabecera municipal,Hombre,Hombre,(29 a 59) Adultez,Soacha,Cluster 1
"Intolerancia, machismo","Calle (Autopista,Avenida,Dentro de La Ciudad)",Cabecera municipal,Hombre,Hombre,(18 a 28) Juventud,Girardot,Cluster 2
"Celos, desconfianza, infidelidad","Calle (Autopista,Avenida,Dentro de La Ciudad)",Cabecera municipal,Hombre,Hombre,(Más de 60) Adulto Mayor,Girardot,Cluster 2
"Intolerancia, machismo",Vía Pública,Cabecera municipal,Hombre,Hombre,(29 a 59) Adultez,Soacha,Cluster 1
"Intolerancia, machismo",Vivienda,Parte rural (vereda y campo),Hombre,Hombre,(29 a 59) Adultez,Girardot,Cluster 1
"Intolerancia, machismo",Vivienda,Cabecera municipal,Hombre,Hombre,(Más de 60) Adulto Mayor,Soacha,Cluster 1
"Intolerancia, machismo",Vivienda,Cabecera municipal,Hombre,Mujer,(29 a 59) Adultez,Soacha,Cluster 1
"Intolerancia, machismo",Vivienda,Cabecera municipal,Hombre,Mujer,(29 a 59) Adultez,Soacha,Cluster 1
"Intolerancia, machismo","Calle (Autopista,Avenida,Dentro de La Ciudad)",Cabecera municipal,Hombre,Hombre,(29 a 59) Adultez,Soacha,Cluster 2
"Intolerancia, machismo",Vivienda,Cabecera municipal,Hombre,Mujer,(Más de 60) Adulto Mayor,Soacha,Cluster 1
"Intolerancia, machismo",Vivienda,Cabecera municipal,Hombre,Hombre,(Más de 60) Adulto Mayor,Soacha,Cluster 1
"Intolerancia, machismo",Vivienda,Cabecera municipal,Hombre,Hombre,(29 a 59) Adultez,Soacha,Cluster 1
"Intolerancia, machismo",Vivienda,Cabecera municipal,Mujer,Mujer,(Más de 60) Adulto Mayor,Soacha,Cluster 1
"Intolerancia, machismo",Vivienda,Cabecera municipal,Hombre,Mujer,(06 a 11) Infancia,Girardot,Cluster 1
"Intolerancia, machismo",Vivienda,Cabecera municipal,Hombre,Hombre,(12 a 17) Adolescencia,Soacha,Cluster 1
"Intolerancia, machismo",Vivienda,Cabecera municipal,Hombre,Mujer,(29 a 59) Adultez,Soacha,Cluster 1
"Celos, desconfianza, infidelidad",Vivienda,Cabecera municipal,Hombre,Hombre,(Más de 60) Adulto Mayor,Girardot,Cluster 1
"Intolerancia, machismo",Vivienda,Cabecera municipal,Hombre,Hombre,(29 a 59) Adultez,Soacha,Cluster 1
"Intolerancia, machismo",Vía Pública,Cabecera municipal,Mujer,Mujer,(29 a 59) Adultez,Soacha,Cluster 1
"Intolerancia, machismo",Vivienda,Cabecera municipal,Mujer,Mujer,(00 a 05) Primera Infancia,Soacha,Cluster 1
"Intolerancia, machismo",Vía Pública,Cabecera municipal,Hombre,Mujer,(12 a 17) Adolescencia,Soacha,Cluster 1
"Intolerancia, machismo",Vía Pública,Cabecera municipal,Mujer,Hombre,(06 a 11) Infancia,Soacha,Cluster 1
Sin información,Vivienda,Parte rural (vereda y campo),Hombre,Hombre,(29 a 59) Adultez,Soacha,Cluster 1
"Intolerancia, machismo",Vivienda,Parte rural (vereda y campo),Mujer,Hombre,(18 a 28) Juventud,Soacha,Cluster 1
"Celos, desconfianza, infidelidad",Vivienda,Cabecera municipal,Hombre,Hombre,(29 a 59) Adultez,Girardot,Cluster 1
Económicas,Vivienda,Cabecera municipal,Hombre,Mujer,(18 a 28) Juventud,Pacho,Cluster 1
Alcoholismo / drogadicción,Vivienda,Cabecera municipal,Hombre,Hombre,(06 a 11) Infancia,Girardot,Cluster 1
"Intolerancia, machismo",Vivienda,Cabecera municipal,Hombre,Hombre,(06 a 11) Infancia,Soacha,Cluster 1
"Intolerancia, machismo",Vivienda,Cabecera municipal,Hombre,Mujer,(06 a 11) Infancia,Soacha,Cluster 1
"Intolerancia, machismo",Vía Pública,Cabecera municipal,Hombre,Hombre,(18 a 28) Juventud,Soacha,Cluster 1
"Intolerancia, machismo",Vivienda,Cabecera municipal,Hombre,Hombre,(12 a 17) Adolescencia,Soacha,Cluster 1
Alcoholismo / drogadicción,Vivienda,Cabecera municipal,Hombre,Hombre,(12 a 17) Adolescencia,Soacha,Cluster 1
"Intolerancia, machismo",Vivienda,Cabecera municipal,Hombre,Hombre,(29 a 59) Adultez,Soacha,Cluster 1
"Intolerancia, machismo",Vivienda,Cabecera municipal,Hombre,Mujer,(12 a 17) Adolescencia,Girardot,Cluster 1
"Intolerancia, machismo",Vivienda,Cabecera municipal,Hombre,Hombre,(12 a 17) Adolescencia,Soacha,Cluster 1
"Intolerancia, machismo",Vivienda,Cabecera municipal,Hombre,Hombre,(00 a 05) Primera Infancia,Soacha,Cluster 1
"Intolerancia, machismo",Vía Pública,Cabecera municipal,Mujer,Mujer,(06 a 11) Infancia,Soacha,Cluster 1
"Intolerancia, machismo",Vivienda,Cabecera municipal,Mujer,Hombre,(12 a 17) Adolescencia,Soacha,Cluster 1
"Intolerancia, machismo",Vivienda,Cabecera municipal,Hombre,Hombre,(29 a 59) Adultez,Soacha,Cluster 1
"Intolerancia, machismo",Vivienda,Cabecera municipal,Hombre,Mujer,(12 a 17) Adolescencia,Soacha,Cluster 1
"Intolerancia, machismo",Vivienda,Cabecera municipal,Hombre,Hombre,(12 a 17) Adolescencia,Chía,Cluster 1
Alcoholismo / drogadicción,Vivienda,Cabecera municipal,Mujer,Hombre,(12 a 17) Adolescencia,Soacha,Cluster 1
"Intolerancia, machismo",Vivienda,Cabecera municipal,Mujer,Hombre,(12 a 17) Adolescencia,Soacha,Cluster 1
"Intolerancia, machismo",Vivienda,Cabecera municipal,Mujer,Hombre,(00 a 05) Primera Infancia,Cajicá,Cluster 1
"Intolerancia, machismo",Vía Pública,Cabecera municipal,Hombre,Hombre,(Más de 60) Adulto Mayor,Soacha,Cluster 1
"Intolerancia, machismo",Vivienda,Cabecera municipal,Hombre,Hombre,(29 a 59) Adultez,Soacha,Cluster 1
"Intolerancia, machismo",Vivienda,Cabecera municipal,Hombre,Mujer,(18 a 28) Juventud,Soacha,Cluster 1
"Intolerancia, machismo",Vía Pública,Cabecera municipal,Hombre,Hombre,(Más de 60) Adulto Mayor,Soacha,Cluster 1
Alcoholismo / drogadicción,Vivienda,Cabecera municipal,Hombre,Hombre,(29 a 59) Adultez,Soacha,Cluster 1
"Intolerancia, machismo",Vivienda,Cabecera municipal,Mujer,Hombre,(29 a 59) Adultez,Chía,Cluster 1
"Intolerancia, machismo",Vivienda,Cabecera municipal,Hombre,Hombre,(12 a 17) Adolescencia,Soacha,Cluster 1
"Intolerancia, machismo",Vivienda,Cabecera municipal,Hombre,Mujer,(00 a 05) Primera Infancia,Soacha,Cluster 1
"Intolerancia, machismo",Vivienda,Cabecera municipal,Mujer,Mujer,(12 a 17) Adolescencia,Soacha,Cluster 1
"Intolerancia, machismo","Lugares de Hospedaje (Hoteles,Campamentos Y Otros Tipos de Hospedaje No Permanente,Moteles,Etc)",Cabecera municipal,Mujer,Hombre,(12 a 17) Adolescencia,Soacha,Cluster 3
"Intolerancia, machismo",Vivienda,Cabecera municipal,Mujer,Mujer,(06 a 11) Infancia,Girardot,Cluster 1
"Intolerancia, machismo",Vivienda,Cabecera municipal,Mujer,Hombre,(12 a 17) Adolescencia,Soacha,Cluster 1
"Intolerancia, machismo",Vivienda,Cabecera municipal,Mujer,Mujer,(06 a 11) Infancia,Soacha,Cluster 1
"Intolerancia, machismo",Vivienda,Sin información,Mujer,Hombre,(06 a 11) Infancia,Soacha,Cluster 1
"Celos, desconfianza, infidelidad",Vivienda,Cabecera municipal,Mujer,Hombre,(12 a 17) Adolescencia,Girardot,Cluster 1
"Intolerancia, machismo",Vivienda,Cabecera municipal,Mujer,Mujer,(00 a 05) Primera Infancia,Soacha,Cluster 1
Alcoholismo / drogadicción,Vivienda,Cabecera municipal,Mujer,Hombre,(12 a 17) Adolescencia,Soacha,Cluster 1
"Intolerancia, machismo",Vivienda,Cabecera municipal,Mujer,Hombre,(18 a 28) Juventud,Girardot,Cluster 1
"Intolerancia, machismo",Vivienda,Cabecera municipal,Mujer,Mujer,(18 a 28) Juventud,Soacha,Cluster 1
"Celos, desconfianza, infidelidad",Vivienda,Cabecera municipal,Mujer,Mujer,(18 a 28) Juventud,Girardot,Cluster 1
"Intolerancia, machismo",Vivienda,Cabecera municipal,Mujer,Hombre,(06 a 11) Infancia,Soacha,Cluster 1
"Intolerancia, machismo",Vivienda,Cabecera municipal,Hombre,Mujer,(12 a 17) Adolescencia,Soacha,Cluster 1
"Intolerancia, machismo",Vivienda,Cabecera municipal,Mujer,Hombre,(00 a 05) Primera Infancia,Soacha,Cluster 1
Sin información,"Calle (Autopista,Avenida,Dentro de La Ciudad)",Cabecera municipal,Hombre,Hombre,(06 a 11) Infancia,Cajicá,Cluster 2
"Intolerancia, machismo",Vivienda,Cabecera municipal,Hombre,Hombre,(06 a 11) Infancia,Soacha,Cluster 1
"Intolerancia, machismo",Vivienda,Cabecera municipal,Hombre,Mujer,(12 a 17) Adolescencia,Soacha,Cluster 1
Alcoholismo / drogadicción,Vivienda,Cabecera municipal,Hombre,Mujer,(12 a 17) Adolescencia,Soacha,Cluster 1
"Intolerancia, machismo",Vivienda,Cabecera municipal,Hombre,Mujer,(06 a 11) Infancia,Soacha,Cluster 1
"Intolerancia, machismo",Vivienda,Cabecera municipal,Mujer,Mujer,(29 a 59) Adultez,Soacha,Cluster 1
"Intolerancia, machismo",Vivienda,Cabecera municipal,Mujer,Hombre,(06 a 11) Infancia,Soacha,Cluster 1
"Intolerancia, machismo",Vía Pública,Cabecera municipal,Mujer,Hombre,(18 a 28) Juventud,Soacha,Cluster 1
"Intolerancia, machismo",Vía Pública,Cabecera municipal,Hombre,Mujer,(18 a 28) Juventud,Soacha,Cluster 1
"Intolerancia, machismo",Vivienda,Cabecera municipal,Hombre,Mujer,(Más de 60) Adulto Mayor,Soacha,Cluster 1
"Intolerancia, machismo",Vivienda,Cabecera municipal,Mujer,Hombre,(29 a 59) Adultez,Soacha,Cluster 1
"Intolerancia, machismo",Vivienda,Cabecera municipal,Mujer,Hombre,(18 a 28) Juventud,Soacha,Cluster 1
"Intolerancia, machismo",Vivienda,Cabecera municipal,Mujer,Hombre,(29 a 59) Adultez,Soacha,Cluster 1
"Intolerancia, machismo",Vivienda,Cabecera municipal,Mujer,Hombre,(18 a 28) Juventud,Soacha,Cluster 1
"Intolerancia, machismo",Vivienda,Cabecera municipal,Mujer,Mujer,(18 a 28) Juventud,Soacha,Cluster 1
"Intolerancia, machismo",Vivienda,Cabecera municipal,Mujer,Hombre,(18 a 28) Juventud,Soacha,Cluster 1
"Intolerancia, machismo",Vivienda,Cabecera municipal,Mujer,Mujer,(12 a 17) Adolescencia,Soacha,Cluster 1
"Intolerancia, machismo",Vivienda,Cabecera municipal,Mujer,Hombre,(12 a 17) Adolescencia,Soacha,Cluster 1
Sin información,Vivienda,Parte rural (vereda y campo),Mujer,Hombre,(12 a 17) Adolescencia,Chía,Cluster 1
"Intolerancia, machismo",Vivienda,Cabecera municipal,Mujer,Hombre,(06 a 11) Infancia,Soacha,Cluster 1
"Intolerancia, machismo",Vivienda,Cabecera municipal,Mujer,Hombre,(Más de 60) Adulto Mayor,Soacha,Cluster 1
Sin información,Vivienda,Cabecera municipal,Mujer,Hombre,(06 a 11) Infancia,Girardot,Cluster 1
"Intolerancia, machismo",Vivienda,Cabecera municipal,Mujer,Mujer,(12 a 17) Adolescencia,Soacha,Cluster 1
"Intolerancia, machismo",Vivienda,Cabecera municipal,Mujer,Hombre,(12 a 17) Adolescencia,Soacha,Cluster 1
"Intolerancia, machismo",Vivienda,Cabecera municipal,Mujer,Hombre,(18 a 28) Juventud,Soacha,Cluster 1
"Intolerancia, machismo",Vivienda,Cabecera municipal,Mujer,Hombre,(12 a 17) Adolescencia,Soacha,Cluster 1
"Intolerancia, machismo",Sin información,Cabecera municipal,Mujer,Hombre,(00 a 05) Primera Infancia,Soacha,Cluster 1
"Intolerancia, machismo",Vivienda,Cabecera municipal,Mujer,Hombre,(18 a 28) Juventud,Soacha,Cluster 1
"Intolerancia, machismo",Vivienda,Cabecera municipal,Mujer,Hombre,(12 a 17) Adolescencia,Soacha,Cluster 1
"Intolerancia, machismo",Vivienda,Cabecera municipal,Mujer,Mujer,(12 a 17) Adolescencia,Soacha,Cluster 1
"Intolerancia, machismo",Vivienda,Cabecera municipal,Mujer,Mujer,(18 a 28) Juventud,Soacha,Cluster 1
"Intolerancia, machismo",Vivienda,Cabecera municipal,Mujer,Hombre,(06 a 11) Infancia,Soacha,Cluster 1
Alcoholismo / drogadicción,Vivienda,Cabecera municipal,Mujer,Hombre,(12 a 17) Adolescencia,Soacha,Cluster 1
"Intolerancia, machismo",Vivienda,Cabecera municipal,Mujer,Hombre,(18 a 28) Juventud,Soacha,Cluster 1
"Intolerancia, machismo",Vivienda,Cabecera municipal,Hombre,Mujer,(12 a 17) Adolescencia,Soacha,Cluster 1
"Intolerancia, machismo",Vivienda,Cabecera municipal,Mujer,Hombre,(12 a 17) Adolescencia,Soacha,Cluster 1
"Intolerancia, machismo",Vivienda,Cabecera municipal,Mujer,Mujer,(Más de 60) Adulto Mayor,Soacha,Cluster 1
"Intolerancia, machismo",Vivienda,Cabecera municipal,Mujer,Hombre,(29 a 59) Adultez,Soacha,Cluster 1
"Intolerancia, machismo",Vivienda,Cabecera municipal,Mujer,Hombre,(29 a 59) Adultez,Soacha,Cluster 1
"Intolerancia, machismo",Vivienda,Cabecera municipal,Mujer,Mujer,(29 a 59) Adultez,Soacha,Cluster 1
"Celos, desconfianza, infidelidad",Vivienda,Cabecera municipal,Mujer,Hombre,(12 a 17) Adolescencia,Girardot,Cluster 1
Alcoholismo / drogadicción,Vía Pública,Cabecera municipal,Mujer,Hombre,(18 a 28) Juventud,Soacha,Cluster 1
"Intolerancia, machismo",Vía Pública,Cabecera municipal,Mujer,Hombre,(06 a 11) Infancia,Soacha,Cluster 1
"Intolerancia, machismo",Vivienda,Cabecera municipal,Mujer,Mujer,(00 a 05) Primera Infancia,Soacha,Cluster 1
"Intolerancia, machismo",Vivienda,Cabecera municipal,Mujer,Mujer,(06 a 11) Infancia,Soacha,Cluster 1
"Intolerancia, machismo","Calle (Autopista,Avenida,Dentro de La Ciudad)",Cabecera municipal,Mujer,Mujer,(06 a 11) Infancia,Girardot,Cluster 2
"Intolerancia, machismo","Calle (Autopista,Avenida,Dentro de La Ciudad)",Cabecera municipal,Mujer,Mujer,(18 a 28) Juventud,Soacha,Cluster 2
"Intolerancia, machismo",Vivienda,Cabecera municipal,Mujer,Hombre,(18 a 28) Juventud,Soacha,Cluster 1
"Intolerancia, machismo",Vivienda,Cabecera municipal,Mujer,Hombre,(06 a 11) Infancia,Soacha,Cluster 1
"Intolerancia, machismo","Establecimiento Comercial (Tienda,Centro Comercial,Almacén,Plaza de Mercado)",Cabecera municipal,Mujer,Hombre,(06 a 11) Infancia,Soacha,Cluster 2
"Intolerancia, machismo",Vía Pública,Cabecera municipal,Mujer,Hombre,(18 a 28) Juventud,Soacha,Cluster 1
"Intolerancia, machismo",Vivienda,Cabecera municipal,Hombre,Mujer,(00 a 05) Primera Infancia,Soacha,Cluster 1
"Intolerancia, machismo",Vivienda,Cabecera municipal,Mujer,Mujer,(18 a 28) Juventud,Soacha,Cluster 1
"Intolerancia, machismo",Vivienda,Cabecera municipal,Hombre,Hombre,(12 a 17) Adolescencia,Soacha,Cluster 1
Alcoholismo / drogadicción,Vivienda,Cabecera municipal,Hombre,Mujer,(00 a 05) Primera Infancia,Soacha,Cluster 1
"Intolerancia, machismo",Vivienda,Cabecera municipal,Hombre,Hombre,(29 a 59) Adultez,Soacha,Cluster 1
"Intolerancia, machismo",Vivienda,Cabecera municipal,Hombre,Hombre,(29 a 59) Adultez,Soacha,Cluster 1
Alcoholismo / drogadicción,"Calle (Autopista,Avenida,Dentro de La Ciudad)",Cabecera municipal,Hombre,Hombre,(Más de 60) Adulto Mayor,Chía,Cluster 2
"Intolerancia, machismo",Vivienda,Cabecera municipal,Hombre,Hombre,(18 a 28) Juventud,Soacha,Cluster 1
"Intolerancia, machismo",Vía Pública,Cabecera municipal,Hombre,Hombre,(18 a 28) Juventud,Soacha,Cluster 1
Alcoholismo / drogadicción,Vivienda,Cabecera municipal,Hombre,Hombre,(29 a 59) Adultez,Soacha,Cluster 1
"Intolerancia, machismo",Vivienda,Cabecera municipal,Hombre,Hombre,(12 a 17) Adolescencia,Soacha,Cluster 1
Económicas,Vivienda,Parte rural (vereda y campo),Hombre,Hombre,(29 a 59) Adultez,Chía,Cluster 1
"Celos, desconfianza, infidelidad",Vivienda,Cabecera municipal,Hombre,Hombre,(06 a 11) Infancia,Soacha,Cluster 1
"Intolerancia, machismo",Vivienda,Cabecera municipal,Hombre,Mujer,(18 a 28) Juventud,Soacha,Cluster 1
"Intolerancia, machismo",Vivienda,Cabecera municipal,Mujer,Mujer,(12 a 17) Adolescencia,Pacho,Cluster 1
"Intolerancia, machismo",Vía Pública,Cabecera municipal,Mujer,Mujer,(06 a 11) Infancia,Soacha,Cluster 1
"Intolerancia, machismo",Vivienda,Cabecera municipal,Mujer,Mujer,(12 a 17) Adolescencia,Pacho,Cluster 1
"Intolerancia, machismo",Vivienda,Cabecera municipal,Mujer,Mujer,(00 a 05) Primera Infancia,Soacha,Cluster 1
"Intolerancia, machismo",Vivienda,Cabecera municipal,Hombre,Hombre,(18 a 28) Juventud,Soacha,Cluster 1
"Intolerancia, machismo",Vivienda,Cabecera municipal,Mujer,Hombre,(12 a 17) Adolescencia,Soacha,Cluster 1
Sin información,Vivienda,Sin información,Mujer,Hombre,(06 a 11) Infancia,Pacho,Cluster 1
"Intolerancia, machismo",Vía Pública,Cabecera municipal,Mujer,Hombre,(18 a 28) Juventud,Soacha,Cluster 1
"Intolerancia, machismo",Vivienda,Cabecera municipal,Mujer,Mujer,(12 a 17) Adolescencia,Soacha,Cluster 1
"Intolerancia, machismo",Vivienda,Cabecera municipal,Mujer,Mujer,(06 a 11) Infancia,Soacha,Cluster 1
Alcoholismo / drogadicción,Vivienda,Cabecera municipal,Mujer,Hombre,(29 a 59) Adultez,Soacha,Cluster 1
"Celos, desconfianza, infidelidad",Vivienda,Cabecera municipal,Mujer,Mujer,(29 a 59) Adultez,Girardot,Cluster 1
"Intolerancia, machismo",Vivienda,Cabecera municipal,Mujer,Hombre,(29 a 59) Adultez,Soacha,Cluster 1
"Intolerancia, machismo",Vivienda,Cabecera municipal,Mujer,Mujer,(18 a 28) Juventud,Soacha,Cluster 1
"Intolerancia, machismo",Vivienda,Cabecera municipal,Mujer,Mujer,(29 a 59) Adultez,Soacha,Cluster 1
Sin información,Vivienda,Cabecera municipal,Mujer,Hombre,(29 a 59) Adultez,Guaduas,Cluster 1
"Intolerancia, machismo",Vivienda,Cabecera municipal,Mujer,Hombre,(Más de 60) Adulto Mayor,Soacha,Cluster 1
"Intolerancia, machismo",Vivienda,Cabecera municipal,Mujer,Mujer,(18 a 28) Juventud,Soacha,Cluster 1
"Intolerancia, machismo",Vivienda,Cabecera municipal,Mujer,Mujer,(29 a 59) Adultez,Soacha,Cluster 1
"Intolerancia, machismo",Vía Pública,Cabecera municipal,Mujer,Hombre,(12 a 17) Adolescencia,Soacha,Cluster 1
Alcoholismo / drogadicción,Vía Pública,Cabecera municipal,Mujer,Hombre,(29 a 59) Adultez,Soacha,Cluster 1
"Intolerancia, machismo",Vivienda,Cabecera municipal,Mujer,Hombre,(29 a 59) Adultez,Soacha,Cluster 1
"Intolerancia, machismo",Vivienda,Cabecera municipal,Mujer,Hombre,(29 a 59) Adultez,Girardot,Cluster 1
Alcoholismo / drogadicción,Vivienda,Cabecera municipal,Mujer,Hombre,(18 a 28) Juventud,Soacha,Cluster 1
"Intolerancia, machismo",Vivienda,Cabecera municipal,Mujer,Hombre,(Más de 60) Adulto Mayor,Soacha,Cluster 1
"Celos, desconfianza, infidelidad",Vivienda,Cabecera municipal,Mujer,Hombre,(29 a 59) Adultez,Girardot,Cluster 1
"Intolerancia, machismo",Vía Pública,Cabecera municipal,Mujer,Mujer,(29 a 59) Adultez,Soacha,Cluster 1
"Intolerancia, machismo",Vía Pública,Cabecera municipal,Hombre,Mujer,(00 a 05) Primera Infancia,Soacha,Cluster 1
Alcoholismo / drogadicción,Vivienda,Cabecera municipal,Hombre,Hombre,(06 a 11) Infancia,Soacha,Cluster 1
"Intolerancia, machismo",Vivienda,Cabecera municipal,Mujer,Hombre,(29 a 59) Adultez,Soacha,Cluster 1
"Intolerancia, machismo",Vivienda,Cabecera municipal,Hombre,Mujer,(00 a 05) Primera Infancia,Soacha,Cluster 1
Sin información,Vivienda,Cabecera municipal,Hombre,Mujer,(00 a 05) Primera Infancia,Soacha,Cluster 1
Alcoholismo / drogadicción,"Calle (Autopista,Avenida,Dentro de La Ciudad)",Cabecera municipal,Hombre,Hombre,(12 a 17) Adolescencia,Pacho,Cluster 2
"Celos, desconfianza, infidelidad",Vivienda,Cabecera municipal,Hombre,Hombre,(Más de 60) Adulto Mayor,Girardot,Cluster 1
"Intolerancia, machismo",Vivienda,Cabecera municipal,Hombre,Hombre,(Más de 60) Adulto Mayor,Girardot,Cluster 1
"Intolerancia, machismo",Vivienda,Cabecera municipal,Hombre,Hombre,(29 a 59) Adultez,Soacha,Cluster 1
"Celos, desconfianza, infidelidad",Vivienda,Cabecera municipal,Hombre,Hombre,(Más de 60) Adulto Mayor,Girardot,Cluster 1
"Intolerancia, machismo",Vivienda,Cabecera municipal,Mujer,Mujer,(06 a 11) Infancia,Soacha,Cluster 1
"Intolerancia, machismo",Vivienda,Cabecera municipal,Mujer,Hombre,(29 a 59) Adultez,Soacha,Cluster 1
"Intolerancia, machismo",Vía Pública,Cabecera municipal,Mujer,Mujer,(29 a 59) Adultez,Soacha,Cluster 1
Alcoholismo / drogadicción,"Establecimiento Comercial (Tienda,Centro Comercial,Almacén,Plaza de Mercado)",Cabecera municipal,Mujer,Hombre,(29 a 59) Adultez,Guaduas,Cluster 2
"Intolerancia, machismo",Vivienda,Cabecera municipal,Mujer,Hombre,(Más de 60) Adulto Mayor,Soacha,Cluster 1
"Intolerancia, machismo",Vivienda,Cabecera municipal,Mujer,Hombre,(29 a 59) Adultez,Soacha,Cluster 1
"Intolerancia, machismo",Vivienda,Cabecera municipal,Mujer,Hombre,(29 a 59) Adultez,Soacha,Cluster 1
"Intolerancia, machismo",Vivienda,Cabecera municipal,Mujer,Hombre,(18 a 28) Juventud,Soacha,Cluster 1
"Intolerancia, machismo",Vivienda,Cabecera municipal,Mujer,Hombre,(29 a 59) Adultez,Soacha,Cluster 1
"Intolerancia, machismo",Vivienda,Cabecera municipal,Mujer,Hombre,(29 a 59) Adultez,Soacha,Cluster 1
"Intolerancia, machismo",Vivienda,Cabecera municipal,Mujer,Hombre,(29 a 59) Adultez,Girardot,Cluster 1
"Intolerancia, machismo",Vivienda,Cabecera municipal,Mujer,Hombre,(29 a 59) Adultez,Soacha,Cluster 1
Alcoholismo / drogadicción,Vivienda,Cabecera municipal,Mujer,Mujer,(29 a 59) Adultez,Soacha,Cluster 1
"Intolerancia, machismo",Vivienda,Cabecera municipal,Mujer,Hombre,(Más de 60) Adulto Mayor,Soacha,Cluster 1
"Intolerancia, machismo",Vivienda,Cabecera municipal,Mujer,Hombre,(29 a 59) Adultez,Girardot,Cluster 1
"Intolerancia, machismo",Vivienda,Cabecera municipal,Mujer,Hombre,(Más de 60) Adulto Mayor,Soacha,Cluster 1
"Intolerancia, machismo",Vivienda,Cabecera municipal,Mujer,Hombre,(12 a 17) Adolescencia,Soacha,Cluster 1
"Intolerancia, machismo",Vía Pública,Cabecera municipal,Mujer,Hombre,(12 a 17) Adolescencia,Soacha,Cluster 1
"Intolerancia, machismo",Centros Educativos,Cabecera municipal,Mujer,Mujer,(00 a 05) Primera Infancia,Soacha,Cluster 2
"Intolerancia, machismo",Vivienda,Cabecera municipal,Mujer,Hombre,(12 a 17) Adolescencia,Soacha,Cluster 1
"Intolerancia, machismo",Vivienda,Cabecera municipal,Mujer,Mujer,(12 a 17) Adolescencia,Soacha,Cluster 1
"Intolerancia, machismo",Vivienda,Cabecera municipal,Mujer,Hombre,(18 a 28) Juventud,Soacha,Cluster 1
"Intolerancia, machismo",Vivienda,Cabecera municipal,Mujer,Hombre,(29 a 59) Adultez,Girardot,Cluster 1
"Intolerancia, machismo",Vivienda,Cabecera municipal,Mujer,Hombre,(29 a 59) Adultez,Soacha,Cluster 1
"Intolerancia, machismo",Vivienda,Cabecera municipal,Mujer,Hombre,(06 a 11) Infancia,Soacha,Cluster 1
"Intolerancia, machismo",Vivienda,Cabecera municipal,Mujer,Mujer,(18 a 28) Juventud,Soacha,Cluster 1
"Intolerancia, machismo",Vivienda,Cabecera municipal,Mujer,Mujer,(00 a 05) Primera Infancia,Cajicá,Cluster 1
Sin información,Vivienda,Sin información,Mujer,Hombre,(00 a 05) Primera Infancia,Chía,Cluster 1
"Celos, desconfianza, infidelidad",Vivienda,Cabecera municipal,Mujer,Mujer,(Más de 60) Adulto Mayor,Girardot,Cluster 1
"Intolerancia, machismo",Vivienda,Cabecera municipal,Mujer,Hombre,(Más de 60) Adulto Mayor,Soacha,Cluster 1
Alcoholismo / drogadicción,Vivienda,Cabecera municipal,Mujer,Hombre,(29 a 59) Adultez,Soacha,Cluster 1
Sin información,Vivienda,Parte rural (vereda y campo),Mujer,Hombre,(06 a 11) Infancia,Pacho,Cluster 1
"Intolerancia, machismo",Vivienda,Cabecera municipal,Mujer,Hombre,(18 a 28) Juventud,Soacha,Cluster 1
"Intolerancia, machismo",Vivienda,Cabecera municipal,Mujer,Hombre,(Más de 60) Adulto Mayor,Guaduas,Cluster 1
"Intolerancia, machismo",Vivienda,Cabecera municipal,Mujer,Mujer,(Más de 60) Adulto Mayor,Girardot,Cluster 1
Sin información,Vivienda,Sin información,Mujer,Mujer,(29 a 59) Adultez,Chía,Cluster 1
"Intolerancia, machismo",Vivienda,Cabecera municipal,Mujer,Mujer,(29 a 59) Adultez,Soacha,Cluster 1
Sin información,Vivienda,Sin información,Mujer,Mujer,(Más de 60) Adulto Mayor,Chía,Cluster 1
"Intolerancia, machismo",Vivienda,Cabecera municipal,Mujer,Hombre,(18 a 28) Juventud,Soacha,Cluster 1
"Intolerancia, machismo",Vivienda,Cabecera municipal,Mujer,Mujer,(12 a 17) Adolescencia,Soacha,Cluster 1
"Intolerancia, machismo",Vivienda,Cabecera municipal,Mujer,Hombre,(00 a 05) Primera Infancia,Soacha,Cluster 1
"Intolerancia, machismo",Vivienda,Cabecera municipal,Mujer,Mujer,(06 a 11) Infancia,Soacha,Cluster 1
"Intolerancia, machismo",Vivienda,Cabecera municipal,Mujer,Hombre,(29 a 59) Adultez,Soacha,Cluster 1
"Intolerancia, machismo",Vivienda,Cabecera municipal,Mujer,Mujer,(18 a 28) Juventud,Soacha,Cluster 1
"Intolerancia, machismo",Vivienda,Cabecera municipal,Mujer,Hombre,(29 a 59) Adultez,Soacha,Cluster 1
"Celos, desconfianza, infidelidad",Vivienda,Cabecera municipal,Hombre,Mujer,(29 a 59) Adultez,Girardot,Cluster 1
"Intolerancia, machismo",Vía Pública,Cabecera municipal,Mujer,Mujer,(29 a 59) Adultez,Soacha,Cluster 1
"Intolerancia, machismo",Vivienda,Cabecera municipal,Hombre,Mujer,(06 a 11) Infancia,Soacha,Cluster 1
"Intolerancia, machismo","Establecimiento Comercial (Tienda,Centro Comercial,Almacén,Plaza de Mercado)",Cabecera municipal,Mujer,Mujer,(29 a 59) Adultez,Soacha,Cluster 2
"Intolerancia, machismo",Vivienda,Parte rural (vereda y campo),Mujer,Mujer,(18 a 28) Juventud,Girardot,Cluster 1
"Intolerancia, machismo",Vía Pública,Cabecera municipal,Mujer,Mujer,(29 a 59) Adultez,Soacha,Cluster 1
"Intolerancia, machismo",Vivienda,Sin información,Mujer,Mujer,(29 a 59) Adultez,Soacha,Cluster 1
"Intolerancia, machismo",Vía Pública,Cabecera municipal,Mujer,Mujer,(29 a 59) Adultez,Soacha,Cluster 1
"Intolerancia, machismo",Vivienda,Cabecera municipal,Mujer,Mujer,(29 a 59) Adultez,Soacha,Cluster 1
"Intolerancia, machismo",Vivienda,Cabecera municipal,Mujer,Hombre,(29 a 59) Adultez,Soacha,Cluster 1
"Intolerancia, machismo","Establecimiento Comercial (Tienda,Centro Comercial,Almacén,Plaza de Mercado)",Cabecera municipal,Mujer,Mujer,(29 a 59) Adultez,Soacha,Cluster 2
"Celos, desconfianza, infidelidad",Vivienda,Cabecera municipal,Hombre,Hombre,(Más de 60) Adulto Mayor,Girardot,Cluster 1
"Intolerancia, machismo",Vivienda,Cabecera municipal,Hombre,Mujer,(00 a 05) Primera Infancia,Soacha,Cluster 1
Alcoholismo / drogadicción,Vivienda,Cabecera municipal,Hombre,Hombre,(29 a 59) Adultez,Cajicá,Cluster 1
"Intolerancia, machismo",Sin información,Cabecera municipal,Hombre,Hombre,(29 a 59) Adultez,Soacha,Cluster 1
"Intolerancia, machismo",Vivienda,Cabecera municipal,Hombre,Hombre,(00 a 05) Primera Infancia,Soacha,Cluster 1
Alcoholismo / drogadicción,Vivienda,Cabecera municipal,Hombre,Hombre,(29 a 59) Adultez,Soacha,Cluster 1
"Intolerancia, machismo",Vivienda,Cabecera municipal,Mujer,Mujer,(12 a 17) Adolescencia,Soacha,Cluster 1
"Intolerancia, machismo",Vivienda,Cabecera municipal,Mujer,Mujer,(12 a 17) Adolescencia,Soacha,Cluster 1
"Intolerancia, machismo",Vivienda,Cabecera municipal,Mujer,Hombre,(Más de 60) Adulto Mayor,Soacha,Cluster 1
"Intolerancia, machismo","Calle (Autopista,Avenida,Dentro de La Ciudad)",Cabecera municipal,Mujer,Mujer,(06 a 11) Infancia,Girardot,Cluster 2
"Intolerancia, machismo",Vía Pública,Cabecera municipal,Mujer,Mujer,(06 a 11) Infancia,Soacha,Cluster 1
"Intolerancia, machismo",Vivienda,Cabecera municipal,Mujer,Hombre,(18 a 28) Juventud,Soacha,Cluster 1
Sin información,Vivienda,Cabecera municipal,Mujer,Mujer,(06 a 11) Infancia,Soacha,Cluster 1
"Intolerancia, machismo",Vivienda,Cabecera municipal,Hombre,Hombre,(12 a 17) Adolescencia,Soacha,Cluster 1
"Intolerancia, machismo",Vía Pública,Cabecera municipal,Hombre,Hombre,(29 a 59) Adultez,Soacha,Cluster 1
"Intolerancia, machismo",Vivienda,Cabecera municipal,Hombre,Hombre,(18 a 28) Juventud,Soacha,Cluster 1
"Intolerancia, machismo",Vivienda,Sin información,Hombre,Hombre,(12 a 17) Adolescencia,Chía,Cluster 1
"Intolerancia, machismo",Vivienda,Cabecera municipal,Hombre,Mujer,(06 a 11) Infancia,Soacha,Cluster 1
"Intolerancia, machismo",Vivienda,Cabecera municipal,Hombre,Hombre,(12 a 17) Adolescencia,Soacha,Cluster 1
"Intolerancia, machismo",Vivienda,Cabecera municipal,Hombre,Hombre,(18 a 28) Juventud,Soacha,Cluster 1
"Intolerancia, machismo",Vía Pública,Cabecera municipal,Hombre,Hombre,(29 a 59) Adultez,Soacha,Cluster 1
"Intolerancia, machismo",Vivienda,Cabecera municipal,Hombre,Hombre,(00 a 05) Primera Infancia,Soacha,Cluster 1
"Intolerancia, machismo",Vivienda,Cabecera municipal,Mujer,Hombre,(06 a 11) Infancia,Soacha,Cluster 1
"Intolerancia, machismo",Vivienda,Cabecera municipal,Mujer,Hombre,(29 a 59) Adultez,Soacha,Cluster 1
"Intolerancia, machismo",Vivienda,Cabecera municipal,Hombre,Hombre,(29 a 59) Adultez,Soacha,Cluster 1
"Intolerancia, machismo",Vivienda,Cabecera municipal,Mujer,Hombre,(18 a 28) Juventud,Pacho,Cluster 1
"Intolerancia, machismo",Vivienda,Cabecera municipal,Mujer,Mujer,(12 a 17) Adolescencia,Soacha,Cluster 1
"Intolerancia, machismo",Vivienda,Cabecera municipal,Mujer,Mujer,(29 a 59) Adultez,Soacha,Cluster 1
Sin información,Vivienda,Cabecera municipal,Mujer,Mujer,(12 a 17) Adolescencia,Guaduas,Cluster 1
"Intolerancia, machismo",Vivienda,Cabecera municipal,Mujer,Mujer,(29 a 59) Adultez,Soacha,Cluster 1
"Intolerancia, machismo",Vía Pública,Cabecera municipal,Mujer,Mujer,(29 a 59) Adultez,Soacha,Cluster 1
"Intolerancia, machismo",Vivienda,Cabecera municipal,Mujer,Mujer,(12 a 17) Adolescencia,Soacha,Cluster 1
"Intolerancia, machismo",Vivienda,Cabecera municipal,Mujer,Hombre,(12 a 17) Adolescencia,Soacha,Cluster 1
"Intolerancia, machismo",Vivienda,Sin información,Mujer,Hombre,(12 a 17) Adolescencia,Guaduas,Cluster 1
"Intolerancia, machismo",Vía Pública,Cabecera municipal,Mujer,Mujer,(00 a 05) Primera Infancia,Soacha,Cluster 1
"Intolerancia, machismo",Vivienda,Cabecera municipal,Mujer,Mujer,(29 a 59) Adultez,Soacha,Cluster 1
"Celos, desconfianza, infidelidad",Vivienda,Cabecera municipal,Mujer,Hombre,(29 a 59) Adultez,Girardot,Cluster 1
"Intolerancia, machismo",Vivienda,Cabecera municipal,Mujer,Hombre,(00 a 05) Primera Infancia,Soacha,Cluster 1
"Intolerancia, machismo",Vivienda,Cabecera municipal,Mujer,Mujer,(06 a 11) Infancia,Soacha,Cluster 1
"Intolerancia, machismo",Vivienda,Cabecera municipal,Hombre,Hombre,(29 a 59) Adultez,Soacha,Cluster 1
"Intolerancia, machismo",Vía Pública,Cabecera municipal,Mujer,Mujer,(18 a 28) Juventud,Soacha,Cluster 1
"Intolerancia, machismo",Vivienda,Cabecera municipal,Mujer,Hombre,(12 a 17) Adolescencia,Soacha,Cluster 1
"Intolerancia, machismo",Vivienda,Cabecera municipal,Mujer,Mujer,(12 a 17) Adolescencia,Soacha,Cluster 1
"Intolerancia, machismo",Vivienda,Cabecera municipal,Mujer,Hombre,(06 a 11) Infancia,Soacha,Cluster 1
Sin información,Centros Educativos,Cabecera municipal,Mujer,Hombre,(00 a 05) Primera Infancia,Soacha,Cluster 2
"Intolerancia, machismo",Vivienda,Cabecera municipal,Hombre,Hombre,(12 a 17) Adolescencia,Soacha,Cluster 1
"Intolerancia, machismo",Vivienda,Cabecera municipal,Hombre,Hombre,(00 a 05) Primera Infancia,Soacha,Cluster 1
"Intolerancia, machismo",Vivienda,Cabecera municipal,Mujer,Hombre,(00 a 05) Primera Infancia,Soacha,Cluster 1
Alcoholismo / drogadicción,Vivienda,"Centro poblado(corregimiento, inspección de policía y caserío)",Hombre,Hombre,(12 a 17) Adolescencia,Chía,Cluster 1
"Intolerancia, machismo",Sin información,Cabecera municipal,Hombre,Hombre,(00 a 05) Primera Infancia,Soacha,Cluster 1
Sin información,Vivienda,Cabecera municipal,Hombre,Hombre,(06 a 11) Infancia,Chía,Cluster 1
"Intolerancia, machismo",Vivienda,Cabecera municipal,Mujer,Hombre,(12 a 17) Adolescencia,Soacha,Cluster 1
"Intolerancia, machismo",Vivienda,Cabecera municipal,Mujer,Mujer,(12 a 17) Adolescencia,Soacha,Cluster 1
"Intolerancia, machismo",Vivienda,Cabecera municipal,Mujer,Mujer,(18 a 28) Juventud,Soacha,Cluster 1
"Intolerancia, machismo",Vivienda,Cabecera municipal,Mujer,Mujer,(29 a 59) Adultez,Soacha,Cluster 1
"Intolerancia, machismo",Vivienda,Cabecera municipal,Mujer,Mujer,(29 a 59) Adultez,Soacha,Cluster 1
"Intolerancia, machismo",Vivienda,Cabecera municipal,Mujer,Hombre,(06 a 11) Infancia,Guaduas,Cluster 1
"Intolerancia, machismo",Vivienda,Cabecera municipal,Mujer,Hombre,(29 a 59) Adultez,Soacha,Cluster 1
Alcoholismo / drogadicción,Vivienda,Cabecera municipal,Mujer,Mujer,(29 a 59) Adultez,Chía,Cluster 1
"Intolerancia, machismo",Vivienda,Cabecera municipal,Mujer,Mujer,(Más de 60) Adulto Mayor,Soacha,Cluster 1
"Intolerancia, machismo",Vía Pública,Cabecera municipal,Mujer,Hombre,(29 a 59) Adultez,Soacha,Cluster 1
"Intolerancia, machismo",Vivienda,Cabecera municipal,Mujer,Mujer,(18 a 28) Juventud,Soacha,Cluster 1
Alcoholismo / drogadicción,Vivienda,Cabecera municipal,Mujer,Mujer,(18 a 28) Juventud,Soacha,Cluster 1
"Intolerancia, machismo",Vivienda,Cabecera municipal,Mujer,Hombre,(00 a 05) Primera Infancia,Soacha,Cluster 1
"Intolerancia, machismo",Vivienda,Cabecera municipal,Mujer,Hombre,(29 a 59) Adultez,Soacha,Cluster 1
"Intolerancia, machismo",Vivienda,Cabecera municipal,Mujer,Hombre,(29 a 59) Adultez,Girardot,Cluster 1
Alcoholismo / drogadicción,Vivienda,Cabecera municipal,Hombre,Hombre,(18 a 28) Juventud,Soacha,Cluster 1
Alcoholismo / drogadicción,Vía Pública,Cabecera municipal,Hombre,Hombre,(29 a 59) Adultez,Soacha,Cluster 1
"Intolerancia, machismo",Vivienda,Cabecera municipal,Hombre,Hombre,(18 a 28) Juventud,Soacha,Cluster 1
"Intolerancia, machismo",Vivienda,Cabecera municipal,Hombre,Mujer,(12 a 17) Adolescencia,Soacha,Cluster 1
"Intolerancia, machismo",Vivienda,Cabecera municipal,Hombre,Hombre,(12 a 17) Adolescencia,Soacha,Cluster 1
"Intolerancia, machismo",Vivienda,Cabecera municipal,Hombre,Hombre,(18 a 28) Juventud,Soacha,Cluster 1
"Intolerancia, machismo",Vivienda,Cabecera municipal,Hombre,Hombre,(Más de 60) Adulto Mayor,Soacha,Cluster 1
"Intolerancia, machismo",Vivienda,Cabecera municipal,Hombre,Hombre,(Más de 60) Adulto Mayor,Soacha,Cluster 1
"Intolerancia, machismo",Vivienda,Cabecera municipal,Mujer,Hombre,(18 a 28) Juventud,Soacha,Cluster 1
"Intolerancia, machismo",Vivienda,Cabecera municipal,Mujer,Hombre,(29 a 59) Adultez,Soacha,Cluster 1
Alcoholismo / drogadicción,Vivienda,Cabecera municipal,Mujer,Hombre,(29 a 59) Adultez,Soacha,Cluster 1
"Intolerancia, machismo",Vivienda,Cabecera municipal,Mujer,Hombre,(Más de 60) Adulto Mayor,Soacha,Cluster 1
"Intolerancia, machismo",Vía Pública,Cabecera municipal,Hombre,Mujer,(29 a 59) Adultez,Soacha,Cluster 1
"Intolerancia, machismo",Vivienda,Cabecera municipal,Mujer,Mujer,(18 a 28) Juventud,Soacha,Cluster 1
"Intolerancia, machismo",Vivienda,Cabecera municipal,Mujer,Mujer,(12 a 17) Adolescencia,Soacha,Cluster 1
Sin información,Vivienda,Sin información,Mujer,Mujer,(00 a 05) Primera Infancia,Chía,Cluster 1
"Intolerancia, machismo",Vivienda,Cabecera municipal,Mujer,Hombre,(12 a 17) Adolescencia,Soacha,Cluster 1
"Intolerancia, machismo",Vivienda,Cabecera municipal,Hombre,Hombre,(06 a 11) Infancia,Soacha,Cluster 1
Sin información,"Establecimiento Comercial (Tienda,Centro Comercial,Almacén,Plaza de Mercado)",Cabecera municipal,Mujer,Hombre,(06 a 11) Infancia,Pacho,Cluster 2
"Intolerancia, machismo",Vivienda,Cabecera municipal,Hombre,Mujer,(29 a 59) Adultez,Soacha,Cluster 1
"Intolerancia, machismo",Vivienda,Cabecera municipal,Mujer,Hombre,(29 a 59) Adultez,Soacha,Cluster 1
"Intolerancia, machismo",Vivienda,Cabecera municipal,Hombre,Mujer,(29 a 59) Adultez,Soacha,Cluster 1
"Intolerancia, machismo",Vivienda,Cabecera municipal,Hombre,Hombre,(06 a 11) Infancia,Girardot,Cluster 1
"Intolerancia, machismo","Establecimiento Comercial (Tienda,Centro Comercial,Almacén,Plaza de Mercado)",Cabecera municipal,Mujer,Hombre,(29 a 59) Adultez,Soacha,Cluster 2
"Intolerancia, machismo",Centros Educativos,Cabecera municipal,Hombre,Hombre,(12 a 17) Adolescencia,Pacho,Cluster 2
Sin información,"Calle (Autopista,Avenida,Dentro de La Ciudad)",Cabecera municipal,Mujer,Mujer,(29 a 59) Adultez,Cota,Cluster 2
"Intolerancia, machismo",Vivienda,Cabecera municipal,Mujer,Mujer,(Más de 60) Adulto Mayor,Soacha,Cluster 1
"Intolerancia, machismo",Vivienda,Cabecera municipal,Mujer,Mujer,(29 a 59) Adultez,Soacha,Cluster 1
"Intolerancia, machismo",Vivienda,Cabecera municipal,Hombre,Hombre,(06 a 11) Infancia,Soacha,Cluster 1
"Intolerancia, machismo",Vía Pública,Cabecera municipal,Mujer,Mujer,(29 a 59) Adultez,Soacha,Cluster 1
"Intolerancia, machismo",Vivienda,Cabecera municipal,Mujer,Mujer,(29 a 59) Adultez,Soacha,Cluster 1
"Intolerancia, machismo",Vivienda,Cabecera municipal,Hombre,Mujer,(06 a 11) Infancia,Soacha,Cluster 1
"Intolerancia, machismo",Vivienda,Cabecera municipal,Hombre,Hombre,(00 a 05) Primera Infancia,Soacha,Cluster 1
"Intolerancia, machismo",Vivienda,Cabecera municipal,Hombre,Hombre,(00 a 05) Primera Infancia,Soacha,Cluster 1
"Intolerancia, machismo",Vía Pública,Cabecera municipal,Hombre,Hombre,(00 a 05) Primera Infancia,Soacha,Cluster 1
"Intolerancia, machismo",Vivienda,Cabecera municipal,Mujer,Hombre,(29 a 59) Adultez,Soacha,Cluster 1
"Intolerancia, machismo",Vivienda,Cabecera municipal,Mujer,Hombre,(12 a 17) Adolescencia,Soacha,Cluster 1
"Intolerancia, machismo",Vivienda,Cabecera municipal,Mujer,Mujer,(29 a 59) Adultez,Girardot,Cluster 1
"Intolerancia, machismo",Vivienda,Cabecera municipal,Mujer,Hombre,(12 a 17) Adolescencia,Soacha,Cluster 1
"Intolerancia, machismo",Vivienda,Cabecera municipal,Mujer,Mujer,(12 a 17) Adolescencia,Soacha,Cluster 1
"Intolerancia, machismo",Vivienda,Cabecera municipal,Mujer,Hombre,(29 a 59) Adultez,Soacha,Cluster 1
"Intolerancia, machismo",Vía Pública,Cabecera municipal,Mujer,Mujer,(29 a 59) Adultez,Soacha,Cluster 1
"Intolerancia, machismo",Vía Pública,Cabecera municipal,Mujer,Mujer,(18 a 28) Juventud,Soacha,Cluster 1
"Intolerancia, machismo",Vía Pública,Cabecera municipal,Mujer,Hombre,(29 a 59) Adultez,Soacha,Cluster 1
"Intolerancia, machismo",Vivienda,Cabecera municipal,Hombre,Hombre,(12 a 17) Adolescencia,Soacha,Cluster 1
"Intolerancia, machismo",Vía Pública,Cabecera municipal,Hombre,Hombre,(12 a 17) Adolescencia,Soacha,Cluster 1
Sin información,Vivienda,Cabecera municipal,Hombre,Mujer,(06 a 11) Infancia,Soacha,Cluster 1
"Intolerancia, machismo",Vivienda,Cabecera municipal,Hombre,Hombre,(06 a 11) Infancia,Soacha,Cluster 1
"Intolerancia, machismo",Vía Pública,Cabecera municipal,Hombre,Mujer,(06 a 11) Infancia,Soacha,Cluster 1
"Intolerancia, machismo",Vía Pública,Cabecera municipal,Mujer,Mujer,(06 a 11) Infancia,Soacha,Cluster 1
"Intolerancia, machismo",Vía Pública,Cabecera municipal,Mujer,Hombre,(00 a 05) Primera Infancia,Soacha,Cluster 1
"Intolerancia, machismo",Vivienda,Cabecera municipal,Hombre,Hombre,(29 a 59) Adultez,Soacha,Cluster 1
"Intolerancia, machismo",Vivienda,Cabecera municipal,Hombre,Mujer,(06 a 11) Infancia,Soacha,Cluster 1
"Intolerancia, machismo",Vivienda,Cabecera municipal,Hombre,Mujer,(06 a 11) Infancia,Soacha,Cluster 1
"Intolerancia, machismo",Vivienda,Cabecera municipal,Hombre,Mujer,(06 a 11) Infancia,Girardot,Cluster 1
"Intolerancia, machismo",Vía Pública,Cabecera municipal,Hombre,Hombre,(00 a 05) Primera Infancia,Soacha,Cluster 1
"Intolerancia, machismo",Vivienda,Cabecera municipal,Mujer,Hombre,(00 a 05) Primera Infancia,Soacha,Cluster 1
"Intolerancia, machismo",Vivienda,Cabecera municipal,Mujer,Mujer,(06 a 11) Infancia,Soacha,Cluster 1
"Intolerancia, machismo",Vivienda,Cabecera municipal,Mujer,Mujer,(Más de 60) Adulto Mayor,Soacha,Cluster 1
Sin información,Vivienda,Cabecera municipal,Hombre,Mujer,(06 a 11) Infancia,Girardot,Cluster 1
"Intolerancia, machismo",Vivienda,Cabecera municipal,Mujer,Hombre,(00 a 05) Primera Infancia,Soacha,Cluster 1
"Intolerancia, machismo",Centros Educativos,Cabecera municipal,Mujer,Mujer,(00 a 05) Primera Infancia,Soacha,Cluster 2
"Intolerancia, machismo",Vivienda,Cabecera municipal,Mujer,Hombre,(29 a 59) Adultez,Soacha,Cluster 1
"Intolerancia, machismo",Vivienda,Cabecera municipal,Mujer,Mujer,(29 a 59) Adultez,Pacho,Cluster 1
"Intolerancia, machismo",Vivienda,Cabecera municipal,Mujer,Hombre,(18 a 28) Juventud,Soacha,Cluster 1
"Intolerancia, machismo",Vivienda,Cabecera municipal,Mujer,Hombre,(29 a 59) Adultez,Soacha,Cluster 1
"Intolerancia, machismo",Vía Pública,Cabecera municipal,Mujer,Mujer,(06 a 11) Infancia,Soacha,Cluster 1
"Intolerancia, machismo",Vivienda,Cabecera municipal,Hombre,Mujer,(12 a 17) Adolescencia,Soacha,Cluster 1
"Intolerancia, machismo",Vivienda,Cabecera municipal,Hombre,Hombre,(18 a 28) Juventud,Soacha,Cluster 1
"Intolerancia, machismo",Vivienda,Cabecera municipal,Mujer,Mujer,(29 a 59) Adultez,Soacha,Cluster 1
"Intolerancia, machismo",Vía Pública,Cabecera municipal,Mujer,Hombre,(18 a 28) Juventud,Soacha,Cluster 1
"Celos, desconfianza, infidelidad",Vivienda,Cabecera municipal,Mujer,Hombre,(18 a 28) Juventud,Girardot,Cluster 1
"Intolerancia, machismo",Vivienda,Cabecera municipal,Mujer,Hombre,(29 a 59) Adultez,Guaduas,Cluster 1
"Intolerancia, machismo",Vivienda,Cabecera municipal,Mujer,Mujer,(Más de 60) Adulto Mayor,Soacha,Cluster 1
"Intolerancia, machismo",Vía Pública,Cabecera municipal,Hombre,Mujer,(18 a 28) Juventud,Soacha,Cluster 1
"Intolerancia, machismo",Vía Pública,Cabecera municipal,Mujer,Hombre,(29 a 59) Adultez,Soacha,Cluster 1
"Intolerancia, machismo",Vivienda,Cabecera municipal,Hombre,Hombre,(18 a 28) Juventud,Soacha,Cluster 1
"Intolerancia, machismo",Vivienda,Cabecera municipal,Hombre,Mujer,(06 a 11) Infancia,Soacha,Cluster 1
"Intolerancia, machismo",Vivienda,Cabecera municipal,Mujer,Hombre,(06 a 11) Infancia,Soacha,Cluster 1
"Intolerancia, machismo",Vivienda,Cabecera municipal,Mujer,Mujer,(06 a 11) Infancia,Soacha,Cluster 1
"Intolerancia, machismo",Vivienda,Cabecera municipal,Mujer,Hombre,(12 a 17) Adolescencia,Soacha,Cluster 1
"Intolerancia, machismo",Vivienda,Cabecera municipal,Mujer,Mujer,(06 a 11) Infancia,Soacha,Cluster 1
"Intolerancia, machismo",Vivienda,Cabecera municipal,Mujer,Hombre,(18 a 28) Juventud,Soacha,Cluster 1
"Intolerancia, machismo",Vivienda,Cabecera municipal,Mujer,Hombre,(00 a 05) Primera Infancia,Soacha,Cluster 1
"Intolerancia, machismo",Vivienda,Cabecera municipal,Mujer,Mujer,(00 a 05) Primera Infancia,Soacha,Cluster 1
"Intolerancia, machismo",Vivienda,Cabecera municipal,Mujer,Hombre,(18 a 28) Juventud,Soacha,Cluster 1
Alcoholismo / drogadicción,Vivienda,Parte rural (vereda y campo),Hombre,Hombre,(29 a 59) Adultez,Soacha,Cluster 1
"Intolerancia, machismo",Vivienda,Cabecera municipal,Mujer,Mujer,(18 a 28) Juventud,Soacha,Cluster 1
"Intolerancia, machismo",Vivienda,Cabecera municipal,Mujer,Mujer,(18 a 28) Juventud,Soacha,Cluster 1
"Intolerancia, machismo",Vivienda,Cabecera municipal,Mujer,Hombre,(12 a 17) Adolescencia,Soacha,Cluster 1
"Intolerancia, machismo",Vía Pública,Cabecera municipal,Hombre,Hombre,(18 a 28) Juventud,Soacha,Cluster 1
Alcoholismo / drogadicción,Vivienda,Cabecera municipal,Hombre,Hombre,(06 a 11) Infancia,Soacha,Cluster 1
"Intolerancia, machismo",Vivienda,Cabecera municipal,Hombre,Mujer,(12 a 17) Adolescencia,Soacha,Cluster 1
"Intolerancia, machismo",Vivienda,Cabecera municipal,Hombre,Mujer,(00 a 05) Primera Infancia,Soacha,Cluster 1
"Intolerancia, machismo",Vivienda,Cabecera municipal,Mujer,Hombre,(29 a 59) Adultez,Soacha,Cluster 1
Alcoholismo / drogadicción,Vivienda,Cabecera municipal,Mujer,Hombre,(29 a 59) Adultez,Soacha,Cluster 1
"Intolerancia, machismo",Vivienda,Cabecera municipal,Mujer,Hombre,(12 a 17) Adolescencia,Soacha,Cluster 1
"Intolerancia, machismo",Vivienda,Cabecera municipal,Mujer,Mujer,(18 a 28) Juventud,Soacha,Cluster 1
"Intolerancia, machismo",Vivienda,Cabecera municipal,Mujer,Mujer,(18 a 28) Juventud,Soacha,Cluster 1
Sin información,Vivienda,Parte rural (vereda y campo),Mujer,Hombre,(29 a 59) Adultez,Pacho,Cluster 1
"Intolerancia, machismo",Vía Pública,Cabecera municipal,Mujer,Hombre,(18 a 28) Juventud,Soacha,Cluster 1
Alcoholismo / drogadicción,Vivienda,Parte rural (vereda y campo),Mujer,Hombre,(18 a 28) Juventud,Pacho,Cluster 1
"Intolerancia, machismo",Vivienda,Cabecera municipal,Hombre,Hombre,(06 a 11) Infancia,Soacha,Cluster 1
"Intolerancia, machismo",Vivienda,Cabecera municipal,Hombre,Hombre,(18 a 28) Juventud,Soacha,Cluster 1
"Intolerancia, machismo",Vivienda,Cabecera municipal,Mujer,Mujer,(06 a 11) Infancia,Soacha,Cluster 1
"Intolerancia, machismo",Vía Pública,Cabecera municipal,Mujer,Mujer,(29 a 59) Adultez,Soacha,Cluster 1
"Celos, desconfianza, infidelidad",Vivienda,Cabecera municipal,Mujer,Hombre,(29 a 59) Adultez,Girardot,Cluster 1
"Intolerancia, machismo",Vivienda,Cabecera municipal,Mujer,Hombre,(00 a 05) Primera Infancia,Soacha,Cluster 1
"Intolerancia, machismo",Vivienda,Cabecera municipal,Mujer,Hombre,(12 a 17) Adolescencia,Soacha,Cluster 1
Alcoholismo / drogadicción,Vía Pública,Cabecera municipal,Mujer,Hombre,(18 a 28) Juventud,Soacha,Cluster 1
"Intolerancia, machismo",Vivienda,Cabecera municipal,Mujer,Hombre,(12 a 17) Adolescencia,Soacha,Cluster 1
"Intolerancia, machismo",Vivienda,Cabecera municipal,Mujer,Mujer,(18 a 28) Juventud,Soacha,Cluster 1
"Intolerancia, machismo",Centros Educativos,Cabecera municipal,Hombre,Hombre,(06 a 11) Infancia,Soacha,Cluster 2
"Intolerancia, machismo",Vivienda,Cabecera municipal,Mujer,Hombre,(29 a 59) Adultez,Soacha,Cluster 1
"Intolerancia, machismo",Vivienda,Cabecera municipal,Mujer,Hombre,(29 a 59) Adultez,Soacha,Cluster 1
"Intolerancia, machismo",Vivienda,Cabecera municipal,Mujer,Hombre,(29 a 59) Adultez,Soacha,Cluster 1
"Intolerancia, machismo",Vivienda,Cabecera municipal,Mujer,Mujer,(18 a 28) Juventud,Soacha,Cluster 1
"Intolerancia, machismo",Vivienda,Cabecera municipal,Mujer,Hombre,(06 a 11) Infancia,Soacha,Cluster 1
"Intolerancia, machismo",Vivienda,Cabecera municipal,Mujer,Hombre,(12 a 17) Adolescencia,Soacha,Cluster 1
"Intolerancia, machismo",Vivienda,Cabecera municipal,Hombre,Hombre,(29 a 59) Adultez,Soacha,Cluster 1
"Intolerancia, machismo",Vivienda,Cabecera municipal,Mujer,Mujer,(12 a 17) Adolescencia,Soacha,Cluster 1
"Intolerancia, machismo",Vivienda,Cabecera municipal,Mujer,Hombre,(18 a 28) Juventud,Soacha,Cluster 1
"Intolerancia, machismo",Vivienda,Cabecera municipal,Hombre,Mujer,(12 a 17) Adolescencia,Soacha,Cluster 1
"Intolerancia, machismo",Vivienda,Cabecera municipal,Hombre,Hombre,(12 a 17) Adolescencia,Soacha,Cluster 1
"Intolerancia, machismo",Vivienda,Cabecera municipal,Mujer,Hombre,(29 a 59) Adultez,Soacha,Cluster 1
"Intolerancia, machismo",Vivienda,Cabecera municipal,Mujer,Hombre,(18 a 28) Juventud,Soacha,Cluster 1
"Intolerancia, machismo",Vivienda,Cabecera municipal,Mujer,Hombre,(18 a 28) Juventud,Soacha,Cluster 1
"Intolerancia, machismo",Vivienda,Cabecera municipal,Mujer,Hombre,(18 a 28) Juventud,Soacha,Cluster 1
Alcoholismo / drogadicción,Vivienda,Cabecera municipal,Mujer,Hombre,(12 a 17) Adolescencia,Soacha,Cluster 1
"Intolerancia, machismo",Vivienda,Cabecera municipal,Mujer,Hombre,(29 a 59) Adultez,Soacha,Cluster 1
"Intolerancia, machismo",Vivienda,Cabecera municipal,Mujer,Mujer,(12 a 17) Adolescencia,Soacha,Cluster 1
"Intolerancia, machismo",Vía Pública,Cabecera municipal,Mujer,Mujer,(06 a 11) Infancia,Soacha,Cluster 1
"Intolerancia, machismo",Vivienda,Cabecera municipal,Mujer,Hombre,(06 a 11) Infancia,Soacha,Cluster 1
"Intolerancia, machismo",Vía Pública,Cabecera municipal,Mujer,Hombre,(06 a 11) Infancia,Soacha,Cluster 1
"Intolerancia, machismo",Vivienda,Cabecera municipal,Mujer,Mujer,(29 a 59) Adultez,Soacha,Cluster 1
"Intolerancia, machismo",Vivienda,Cabecera municipal,Mujer,Hombre,(18 a 28) Juventud,Soacha,Cluster 1
"Intolerancia, machismo",Vivienda,Cabecera municipal,Mujer,Hombre,(12 a 17) Adolescencia,Soacha,Cluster 1
Sin información,Sin información,Cabecera municipal,Hombre,Sin información,(06 a 11) Infancia,Chía,Cluster 3
Sin información,Sin información,Cabecera municipal,Mujer,Sin información,(18 a 28) Juventud,Chía,Cluster 3
Sin información,Sin información,Cabecera municipal,Mujer,Sin información,(12 a 17) Adolescencia,Guaduas,Cluster 3
Sin información,Centros Educativos,Cabecera municipal,Hombre,Mujer,(12 a 17) Adolescencia,Soacha,Cluster 2
"Intolerancia, machismo",Vía Pública,Cabecera municipal,Mujer,Mujer,(Más de 60) Adulto Mayor,Soacha,Cluster 1
"Intolerancia, machismo",Vivienda,Cabecera municipal,Mujer,Hombre,(29 a 59) Adultez,Soacha,Cluster 1
"Intolerancia, machismo",Vía Pública,Cabecera municipal,Mujer,Mujer,(29 a 59) Adultez,Soacha,Cluster 1
"Intolerancia, machismo",Vía Pública,Cabecera municipal,Mujer,Mujer,(00 a 05) Primera Infancia,Soacha,Cluster 1
Alcoholismo / drogadicción,Vivienda,Sin información,Mujer,Hombre,(29 a 59) Adultez,Cajicá,Cluster 1
"Intolerancia, machismo",Vivienda,Cabecera municipal,Mujer,Mujer,(12 a 17) Adolescencia,Soacha,Cluster 1
"Intolerancia, machismo",Vía Pública,Cabecera municipal,Hombre,Hombre,(00 a 05) Primera Infancia,Soacha,Cluster 1
"Intolerancia, machismo",Vivienda,Cabecera municipal,Hombre,Hombre,(29 a 59) Adultez,Girardot,Cluster 1
Alcoholismo / drogadicción,Vivienda,Cabecera municipal,Hombre,Hombre,(29 a 59) Adultez,Girardot,Cluster 1
"Intolerancia, machismo",Vivienda,Cabecera municipal,Hombre,Hombre,(29 a 59) Adultez,Soacha,Cluster 1
"Intolerancia, machismo",Vía Pública,Cabecera municipal,Mujer,Hombre,(18 a 28) Juventud,Soacha,Cluster 1
"Intolerancia, machismo",Vivienda,Cabecera municipal,Mujer,Hombre,(00 a 05) Primera Infancia,Soacha,Cluster 1
"Intolerancia, machismo",Vía Pública,Cabecera municipal,Hombre,Hombre,(Más de 60) Adulto Mayor,Soacha,Cluster 1
"Intolerancia, machismo",Vivienda,Cabecera municipal,Hombre,Hombre,(29 a 59) Adultez,Soacha,Cluster 1
"Intolerancia, machismo",Vivienda,Cabecera municipal,Mujer,Hombre,(29 a 59) Adultez,Soacha,Cluster 1
"Intolerancia, machismo",Vivienda,Cabecera municipal,Mujer,Mujer,(29 a 59) Adultez,Cajicá,Cluster 1
"Intolerancia, machismo",Vía Pública,Cabecera municipal,Hombre,Hombre,(00 a 05) Primera Infancia,Soacha,Cluster 1
"Intolerancia, machismo",Vivienda,Cabecera municipal,Mujer,Hombre,(Más de 60) Adulto Mayor,Soacha,Cluster 1
"Intolerancia, machismo",Vivienda,Cabecera municipal,Mujer,Hombre,(Más de 60) Adulto Mayor,Soacha,Cluster 1
"Celos, desconfianza, infidelidad",Vivienda,Cabecera municipal,Mujer,Hombre,(Más de 60) Adulto Mayor,Girardot,Cluster 1
"Intolerancia, machismo",Vivienda,Cabecera municipal,Mujer,Mujer,(29 a 59) Adultez,Soacha,Cluster 1
"Intolerancia, machismo",Vivienda,Cabecera municipal,Mujer,Hombre,(Más de 60) Adulto Mayor,Soacha,Cluster 1
"Intolerancia, machismo",Vivienda,Cabecera municipal,Mujer,Hombre,(29 a 59) Adultez,Soacha,Cluster 1
"Intolerancia, machismo",Vivienda,Parte rural (vereda y campo),Mujer,Hombre,(Más de 60) Adulto Mayor,Cajicá,Cluster 1
"Intolerancia, machismo",Vía Pública,Cabecera municipal,Mujer,Hombre,(12 a 17) Adolescencia,Soacha,Cluster 1
"Intolerancia, machismo",Vivienda,Cabecera municipal,Mujer,Mujer,(29 a 59) Adultez,Soacha,Cluster 1
"Intolerancia, machismo",Vía Pública,Cabecera municipal,Mujer,Hombre,(29 a 59) Adultez,Soacha,Cluster 1
"Intolerancia, machismo",Vivienda,Cabecera municipal,Hombre,Mujer,(12 a 17) Adolescencia,Soacha,Cluster 1
"Intolerancia, machismo",Centros Educativos,Cabecera municipal,Hombre,Hombre,(06 a 11) Infancia,Soacha,Cluster 2
"Intolerancia, machismo","Calle (Autopista,Avenida,Dentro de La Ciudad)",Cabecera municipal,Mujer,Hombre,(29 a 59) Adultez,Girardot,Cluster 2
Alcoholismo / drogadicción,Vivienda,Sin información,Mujer,Hombre,(29 a 59) Adultez,Cajicá,Cluster 1
"Intolerancia, machismo",Vivienda,Cabecera municipal,Mujer,Mujer,(29 a 59) Adultez,Cajicá,Cluster 1
"Intolerancia, machismo",Vivienda,Cabecera municipal,Mujer,Hombre,(18 a 28) Juventud,Soacha,Cluster 1
"Intolerancia, machismo",Vivienda,Cabecera municipal,Hombre,Hombre,(18 a 28) Juventud,Soacha,Cluster 1
"Intolerancia, machismo",Vía Pública,Cabecera municipal,Hombre,Mujer,(06 a 11) Infancia,Soacha,Cluster 1
"Intolerancia, machismo",Vivienda,Cabecera municipal,Hombre,Hombre,(12 a 17) Adolescencia,Soacha,Cluster 1
"Intolerancia, machismo",Vivienda,Cabecera municipal,Hombre,Hombre,(18 a 28) Juventud,Soacha,Cluster 1
"Intolerancia, machismo",Vía Pública,Cabecera municipal,Hombre,Mujer,(06 a 11) Infancia,Soacha,Cluster 1
"Intolerancia, machismo","Calle (Autopista,Avenida,Dentro de La Ciudad)",Cabecera municipal,Hombre,Hombre,(18 a 28) Juventud,Girardot,Cluster 2
"Intolerancia, machismo",Vivienda,Cabecera municipal,Hombre,Hombre,(00 a 05) Primera Infancia,Soacha,Cluster 1
"Intolerancia, machismo",Vivienda,Cabecera municipal,Hombre,Hombre,(12 a 17) Adolescencia,Soacha,Cluster 1
"Intolerancia, machismo",Vivienda,Cabecera municipal,Mujer,Hombre,(29 a 59) Adultez,Soacha,Cluster 1
"Intolerancia, machismo",Vivienda,Parte rural (vereda y campo),Mujer,Mujer,(18 a 28) Juventud,Cajicá,Cluster 1
Sin información,Vivienda,Cabecera municipal,Hombre,Mujer,(00 a 05) Primera Infancia,Soacha,Cluster 1
"Intolerancia, machismo",Vivienda,Cabecera municipal,Mujer,Hombre,(29 a 59) Adultez,Soacha,Cluster 1
"Intolerancia, machismo",Vivienda,Cabecera municipal,Mujer,Mujer,(12 a 17) Adolescencia,Soacha,Cluster 1
"Intolerancia, machismo",Vivienda,Cabecera municipal,Mujer,Hombre,(29 a 59) Adultez,Soacha,Cluster 1
"Intolerancia, machismo",Vivienda,Cabecera municipal,Mujer,Mujer,(29 a 59) Adultez,Soacha,Cluster 1
"Intolerancia, machismo",Vivienda,Cabecera municipal,Mujer,Hombre,(18 a 28) Juventud,Soacha,Cluster 1
"Intolerancia, machismo",Vivienda,Cabecera municipal,Mujer,Mujer,(12 a 17) Adolescencia,Girardot,Cluster 1
"Intolerancia, machismo",Vía Pública,Cabecera municipal,Mujer,Mujer,(06 a 11) Infancia,Soacha,Cluster 1
Alcoholismo / drogadicción,Vivienda,"Centro poblado(corregimiento, inspección de policía y caserío)",Mujer,Hombre,(12 a 17) Adolescencia,Cajicá,Cluster 1
"Intolerancia, machismo",Vivienda,Parte rural (vereda y campo),Mujer,Hombre,(18 a 28) Juventud,Cajicá,Cluster 1
Otras,"Calle (Autopista,Avenida,Dentro de La Ciudad)",Cabecera municipal,Mujer,Mujer,(12 a 17) Adolescencia,Guaduas,Cluster 2
"Intolerancia, machismo",Vivienda,Cabecera municipal,Mujer,Hombre,(18 a 28) Juventud,Soacha,Cluster 1
"Intolerancia, machismo",Vivienda,Cabecera municipal,Mujer,Hombre,(12 a 17) Adolescencia,Soacha,Cluster 1
"Intolerancia, machismo",Vivienda,Sin información,Mujer,Hombre,(18 a 28) Juventud,Cajicá,Cluster 1
"Intolerancia, machismo",Oficinas y/o Edificios de Oficinas,Cabecera municipal,Mujer,Mujer,(12 a 17) Adolescencia,Cajicá,Cluster 3
Sin información,Sin Información,Sin información,Mujer,Mujer,(00 a 05) Primera Infancia,Soacha,Cluster 3
"Intolerancia, machismo",Vivienda,"Centro poblado(corregimiento, inspección de policía y caserío)",Mujer,Hombre,(12 a 17) Adolescencia,Girardot,Cluster 1
"Intolerancia, machismo",Vivienda,Cabecera municipal,Mujer,Hombre,(18 a 28) Juventud,Soacha,Cluster 1
"Intolerancia, machismo",Sin Información,Cabecera municipal,Mujer,Hombre,(12 a 17) Adolescencia,Soacha,Cluster 3
"Intolerancia, machismo",Vivienda,Cabecera municipal,Mujer,Hombre,(12 a 17) Adolescencia,Soacha,Cluster 1
"Intolerancia, machismo",Vivienda,Cabecera municipal,Mujer,Hombre,(29 a 59) Adultez,Soacha,Cluster 1
"Intolerancia, machismo","Calle (Autopista,Avenida,Dentro de La Ciudad)",Cabecera municipal,Hombre,Mujer,(18 a 28) Juventud,Soacha,Cluster 2
"Intolerancia, machismo",Vivienda,Cabecera municipal,Mujer,Hombre,(12 a 17) Adolescencia,Soacha,Cluster 1
"Intolerancia, machismo",Vivienda,"Centro poblado(corregimiento, inspección de policía y caserío)",Hombre,Hombre,(12 a 17) Adolescencia,Girardot,Cluster 1
"Intolerancia, machismo",Vivienda,Cabecera municipal,Mujer,Hombre,(29 a 59) Adultez,Soacha,Cluster 1
"Intolerancia, machismo",Vivienda,Cabecera municipal,Hombre,Hombre,(12 a 17) Adolescencia,Girardot,Cluster 1
"Intolerancia, machismo",Sin Información,Cabecera municipal,Mujer,Hombre,(06 a 11) Infancia,Soacha,Cluster 3
"Intolerancia, machismo",Vivienda,Cabecera municipal,Mujer,Hombre,(18 a 28) Juventud,Soacha,Cluster 1
Alcoholismo / drogadicción,Vivienda,Cabecera municipal,Mujer,Hombre,(29 a 59) Adultez,Soacha,Cluster 1
"Intolerancia, machismo",Vivienda,Cabecera municipal,Mujer,Mujer,(29 a 59) Adultez,Soacha,Cluster 1
"Intolerancia, machismo",Vivienda,Cabecera municipal,Mujer,Hombre,(12 a 17) Adolescencia,Soacha,Cluster 1
"Celos, desconfianza, infidelidad",Vivienda,Cabecera municipal,Hombre,Hombre,(29 a 59) Adultez,Girardot,Cluster 1
"Intolerancia, machismo",Vivienda,Cabecera municipal,Mujer,Hombre,(29 a 59) Adultez,Girardot,Cluster 1
Alcoholismo / drogadicción,Vivienda,Cabecera municipal,Mujer,Hombre,(29 a 59) Adultez,Soacha,Cluster 1
"Intolerancia, machismo",Vía Pública,Cabecera municipal,Mujer,Hombre,(29 a 59) Adultez,Soacha,Cluster 1
Alcoholismo / drogadicción,Vivienda,Cabecera municipal,Mujer,Hombre,(29 a 59) Adultez,Girardot,Cluster 1
"Intolerancia, machismo",Vivienda,Cabecera municipal,Mujer,Mujer,(29 a 59) Adultez,Soacha,Cluster 1
"Intolerancia, machismo",Vivienda,Cabecera municipal,Mujer,Hombre,(12 a 17) Adolescencia,Girardot,Cluster 1
"Intolerancia, machismo",Vivienda,Cabecera municipal,Mujer,Mujer,(Más de 60) Adulto Mayor,Girardot,Cluster 1
Económicas,Vivienda,Cabecera municipal,Mujer,Hombre,(29 a 59) Adultez,Cajicá,Cluster 1
"Intolerancia, machismo",Vivienda,Cabecera municipal,Hombre,Hombre,(00 a 05) Primera Infancia,Soacha,Cluster 1
"Intolerancia, machismo",Vivienda,Cabecera municipal,Hombre,Hombre,(06 a 11) Infancia,Soacha,Cluster 1
"Intolerancia, machismo",Vía Pública,Cabecera municipal,Hombre,Mujer,(06 a 11) Infancia,Soacha,Cluster 1
"Intolerancia, machismo",Sin Información,Cabecera municipal,Hombre,Hombre,(12 a 17) Adolescencia,Soacha,Cluster 3
"Intolerancia, machismo",Vivienda,Cabecera municipal,Hombre,Hombre,(12 a 17) Adolescencia,Soacha,Cluster 1
"Intolerancia, machismo",Vivienda,Cabecera municipal,Hombre,Hombre,(12 a 17) Adolescencia,Soacha,Cluster 1
"Intolerancia, machismo",Vivienda,Cabecera municipal,Hombre,Mujer,(12 a 17) Adolescencia,Girardot,Cluster 1
"Intolerancia, machismo",Vivienda,Cabecera municipal,Mujer,Mujer,(12 a 17) Adolescencia,Soacha,Cluster 1
"Intolerancia, machismo",Vivienda,Cabecera municipal,Mujer,Hombre,(12 a 17) Adolescencia,Soacha,Cluster 1
"Intolerancia, machismo",Vivienda,Cabecera municipal,Mujer,Hombre,(12 a 17) Adolescencia,Soacha,Cluster 1
"Intolerancia, machismo",Vivienda,Cabecera municipal,Hombre,Hombre,(12 a 17) Adolescencia,Soacha,Cluster 1
"Intolerancia, machismo",Vivienda,Cabecera municipal,Hombre,Hombre,(12 a 17) Adolescencia,Soacha,Cluster 1
Alcoholismo / drogadicción,Vivienda,Cabecera municipal,Hombre,Hombre,(29 a 59) Adultez,Pacho,Cluster 1
Alcoholismo / drogadicción,Vivienda,Cabecera municipal,Hombre,Hombre,(29 a 59) Adultez,Soacha,Cluster 1
"Intolerancia, machismo",Vivienda,Cabecera municipal,Hombre,Mujer,(29 a 59) Adultez,Soacha,Cluster 1
"Intolerancia, machismo",Vivienda,Cabecera municipal,Hombre,Hombre,(Más de 60) Adulto Mayor,Soacha,Cluster 1
Alcoholismo / drogadicción,Vivienda,Parte rural (vereda y campo),Hombre,Hombre,(12 a 17) Adolescencia,Cajicá,Cluster 1
"Intolerancia, machismo",Vía Pública,Cabecera municipal,Hombre,Hombre,(00 a 05) Primera Infancia,Soacha,Cluster 1
"Intolerancia, machismo",Vivienda,Cabecera municipal,Hombre,Hombre,(12 a 17) Adolescencia,Soacha,Cluster 1
"Intolerancia, machismo",Vivienda,Cabecera municipal,Hombre,Mujer,(29 a 59) Adultez,Soacha,Cluster 1
"Intolerancia, machismo",Vía Pública,Cabecera municipal,Mujer,Mujer,(29 a 59) Adultez,Soacha,Cluster 1
"Intolerancia, machismo",Sin Información,Cabecera municipal,Mujer,Hombre,(29 a 59) Adultez,Soacha,Cluster 3
"Intolerancia, machismo",Vía Pública,Cabecera municipal,Mujer,Hombre,(29 a 59) Adultez,Soacha,Cluster 1
"Intolerancia, machismo",Vivienda,Cabecera municipal,Hombre,Mujer,(29 a 59) Adultez,Soacha,Cluster 1
"Intolerancia, machismo",Vivienda,Cabecera municipal,Mujer,Hombre,(06 a 11) Infancia,Soacha,Cluster 1
"Intolerancia, machismo",Vía Pública,Cabecera municipal,Hombre,Hombre,(12 a 17) Adolescencia,Soacha,Cluster 1
"Intolerancia, machismo",Vía Pública,Cabecera municipal,Mujer,Mujer,(18 a 28) Juventud,Soacha,Cluster 1
Sin información,Vivienda,Cabecera municipal,Mujer,Hombre,(18 a 28) Juventud,Soacha,Cluster 1
Alcoholismo / drogadicción,Otros,Cabecera municipal,Mujer,Hombre,(29 a 59) Adultez,Guaduas,Cluster 3
"Intolerancia, machismo","Calle (Autopista,Avenida,Dentro de La Ciudad)",Cabecera municipal,Mujer,Hombre,(29 a 59) Adultez,Pacho,Cluster 2
"Intolerancia, machismo",Vivienda,Cabecera municipal,Mujer,Mujer,(29 a 59) Adultez,Soacha,Cluster 1
"Intolerancia, machismo",Vivienda,Cabecera municipal,Mujer,Hombre,(29 a 59) Adultez,Soacha,Cluster 1
"Intolerancia, machismo",Vivienda,Cabecera municipal,Mujer,Hombre,(29 a 59) Adultez,Soacha,Cluster 1
"Intolerancia, machismo",Vivienda,"Centro poblado(corregimiento, inspección de policía y caserío)",Mujer,Mujer,(29 a 59) Adultez,Cajicá,Cluster 1
Alcoholismo / drogadicción,Vivienda,Cabecera municipal,Hombre,Hombre,(12 a 17) Adolescencia,Soacha,Cluster 1
"Intolerancia, machismo",Vivienda,Cabecera municipal,Hombre,Hombre,(12 a 17) Adolescencia,Soacha,Cluster 1
"Intolerancia, machismo",Vivienda,"Centro poblado(corregimiento, inspección de policía y caserío)",Hombre,Hombre,(18 a 28) Juventud,Soacha,Cluster 1
"Intolerancia, machismo",Vivienda,Cabecera municipal,Hombre,Hombre,(00 a 05) Primera Infancia,Soacha,Cluster 1
"Intolerancia, machismo",Vivienda,Cabecera municipal,Hombre,Hombre,(12 a 17) Adolescencia,Soacha,Cluster 1
"Intolerancia, machismo",Vivienda,Cabecera municipal,Mujer,Hombre,(29 a 59) Adultez,Soacha,Cluster 1
"Intolerancia, machismo",Vivienda,Cabecera municipal,Mujer,Mujer,(06 a 11) Infancia,Soacha,Cluster 1
"Intolerancia, machismo","Calle (Autopista,Avenida,Dentro de La Ciudad)",Cabecera municipal,Mujer,Hombre,(12 a 17) Adolescencia,Soacha,Cluster 2
"Intolerancia, machismo",Vivienda,Cabecera municipal,Hombre,Hombre,(12 a 17) Adolescencia,Soacha,Cluster 1
"Intolerancia, machismo",Vivienda,Cabecera municipal,Hombre,Mujer,(12 a 17) Adolescencia,Guaduas,Cluster 1
"Intolerancia, machismo",Vía Pública,Cabecera municipal,Hombre,Hombre,(18 a 28) Juventud,Soacha,Cluster 1
"Intolerancia, machismo",Vivienda,Cabecera municipal,Hombre,Hombre,(12 a 17) Adolescencia,Soacha,Cluster 1
"Intolerancia, machismo","Calle (Autopista,Avenida,Dentro de La Ciudad)",Cabecera municipal,Hombre,Mujer,(00 a 05) Primera Infancia,Girardot,Cluster 2
"Intolerancia, machismo",Vivienda,Cabecera municipal,Mujer,Hombre,(12 a 17) Adolescencia,Soacha,Cluster 1
"Intolerancia, machismo",Vivienda,Cabecera municipal,Hombre,Mujer,(06 a 11) Infancia,Soacha,Cluster 1
"Intolerancia, machismo",Vivienda,Cabecera municipal,Hombre,Mujer,(06 a 11) Infancia,Soacha,Cluster 1
"Intolerancia, machismo",Vivienda,Sin información,Mujer,Hombre,(00 a 05) Primera Infancia,Soacha,Cluster 1
Alcoholismo / drogadicción,Vivienda,Cabecera municipal,Mujer,Hombre,(12 a 17) Adolescencia,Pacho,Cluster 1
"Intolerancia, machismo",Vivienda,Cabecera municipal,Mujer,Mujer,(06 a 11) Infancia,Soacha,Cluster 1
"Intolerancia, machismo",Vivienda,Cabecera municipal,Mujer,Hombre,(06 a 11) Infancia,Soacha,Cluster 1
"Intolerancia, machismo",Vivienda,Cabecera municipal,Mujer,Hombre,(29 a 59) Adultez,Soacha,Cluster 1
"Intolerancia, machismo",Vivienda,Cabecera municipal,Mujer,Mujer,(12 a 17) Adolescencia,Soacha,Cluster 1
Sin información,Vivienda,Cabecera municipal,Hombre,Hombre,(00 a 05) Primera Infancia,Soacha,Cluster 1
"Intolerancia, machismo",Vivienda,Cabecera municipal,Hombre,Hombre,(00 a 05) Primera Infancia,Soacha,Cluster 1
"Intolerancia, machismo",Vivienda,Cabecera municipal,Hombre,Mujer,(06 a 11) Infancia,Soacha,Cluster 1
"Intolerancia, machismo","Calle (Autopista,Avenida,Dentro de La Ciudad)",Cabecera municipal,Mujer,Hombre,(06 a 11) Infancia,Girardot,Cluster 2
Sin información,Vivienda,Cabecera municipal,Mujer,Hombre,(18 a 28) Juventud,Soacha,Cluster 1
"Intolerancia, machismo",Vivienda,Cabecera municipal,Mujer,Mujer,(18 a 28) Juventud,Soacha,Cluster 1
"Intolerancia, machismo",Vivienda,Cabecera municipal,Hombre,Mujer,(00 a 05) Primera Infancia,Soacha,Cluster 1
"Intolerancia, machismo","Calle (Autopista,Avenida,Dentro de La Ciudad)",Cabecera municipal,Hombre,Mujer,(29 a 59) Adultez,Soacha,Cluster 2
"Intolerancia, machismo",Vivienda,Cabecera municipal,Mujer,Mujer,(00 a 05) Primera Infancia,Soacha,Cluster 1
"Intolerancia, machismo",Vivienda,Cabecera municipal,Mujer,Hombre,(29 a 59) Adultez,Soacha,Cluster 1
Alcoholismo / drogadicción,Lugares de Esparcimiento con Expendio de Alcohol,Cabecera municipal,Mujer,Hombre,(29 a 59) Adultez,Soacha,Cluster 3
"Intolerancia, machismo",Vivienda,Cabecera municipal,Mujer,Hombre,(12 a 17) Adolescencia,Soacha,Cluster 1
"Intolerancia, machismo",Vivienda,Cabecera municipal,Mujer,Mujer,(18 a 28) Juventud,Soacha,Cluster 1
"Intolerancia, machismo",Vía Pública,Cabecera municipal,Mujer,Hombre,(12 a 17) Adolescencia,Soacha,Cluster 1
"Intolerancia, machismo",Vivienda,Cabecera municipal,Hombre,Hombre,(00 a 05) Primera Infancia,Soacha,Cluster 1
"Intolerancia, machismo",Vivienda,Cabecera municipal,Mujer,Mujer,(18 a 28) Juventud,Soacha,Cluster 1
"Intolerancia, machismo",Vivienda,Cabecera municipal,Mujer,Hombre,(29 a 59) Adultez,Soacha,Cluster 1
"Intolerancia, machismo",Vivienda,Cabecera municipal,Mujer,Hombre,(18 a 28) Juventud,Soacha,Cluster 1
"Intolerancia, machismo",Vivienda,Cabecera municipal,Mujer,Mujer,(29 a 59) Adultez,Guaduas,Cluster 1
Sin información,"Calle (Autopista,Avenida,Dentro de La Ciudad)",Cabecera municipal,Mujer,Hombre,(29 a 59) Adultez,Soacha,Cluster 2
"Intolerancia, machismo","Lugares de Hospedaje (Hoteles,Campamentos Y Otros Tipos de Hospedaje No Permanente,Moteles,Etc)","Centro poblado(corregimiento, inspección de policía y caserío)",Mujer,Hombre,(18 a 28) Juventud,Soacha,Cluster 3
"Intolerancia, machismo",Vivienda,Cabecera municipal,Mujer,Mujer,(12 a 17) Adolescencia,Soacha,Cluster 1
Alcoholismo / drogadicción,Vivienda,Cabecera municipal,Mujer,Hombre,(18 a 28) Juventud,Soacha,Cluster 1
Alcoholismo / drogadicción,Vivienda,Cabecera municipal,Mujer,Hombre,(12 a 17) Adolescencia,Soacha,Cluster 1
"Intolerancia, machismo",Vivienda,Cabecera municipal,Mujer,Hombre,(18 a 28) Juventud,Soacha,Cluster 1
"Intolerancia, machismo",Vivienda,Cabecera municipal,Mujer,Hombre,(18 a 28) Juventud,Soacha,Cluster 1
"Intolerancia, machismo",Vivienda,Parte rural (vereda y campo),Mujer,Hombre,(29 a 59) Adultez,Pacho,Cluster 1
Alcoholismo / drogadicción,Vivienda,Cabecera municipal,Mujer,Hombre,(18 a 28) Juventud,Soacha,Cluster 1
"Intolerancia, machismo",Vivienda,Cabecera municipal,Mujer,Hombre,(29 a 59) Adultez,Soacha,Cluster 1
"Intolerancia, machismo",Vivienda,Cabecera municipal,Mujer,Hombre,(12 a 17) Adolescencia,Soacha,Cluster 1
"Intolerancia, machismo",Vía Pública,Cabecera municipal,Mujer,Mujer,(29 a 59) Adultez,Soacha,Cluster 1
"Intolerancia, machismo",Vivienda,Cabecera municipal,Hombre,Mujer,(29 a 59) Adultez,Soacha,Cluster 1
"Intolerancia, machismo",Vía Pública,Cabecera municipal,Hombre,Hombre,(18 a 28) Juventud,Soacha,Cluster 1
"Intolerancia, machismo",Sin Información,Cabecera municipal,Hombre,Mujer,(06 a 11) Infancia,Soacha,Cluster 3
"Intolerancia, machismo",Vía Pública,Cabecera municipal,Hombre,Hombre,(00 a 05) Primera Infancia,Soacha,Cluster 1
"Intolerancia, machismo",Vivienda,Cabecera municipal,Hombre,Hombre,(00 a 05) Primera Infancia,Soacha,Cluster 1
"Intolerancia, machismo",Vivienda,Cabecera municipal,Hombre,Hombre,(18 a 28) Juventud,Soacha,Cluster 1
"Intolerancia, machismo",Vivienda,Cabecera municipal,Hombre,Hombre,(29 a 59) Adultez,Soacha,Cluster 1
"Intolerancia, machismo",Vivienda,Cabecera municipal,Hombre,Hombre,(29 a 59) Adultez,Soacha,Cluster 1
"Intolerancia, machismo",Vivienda,Cabecera municipal,Mujer,Hombre,(29 a 59) Adultez,Soacha,Cluster 1
"Intolerancia, machismo","Calle (Autopista,Avenida,Dentro de La Ciudad)",Cabecera municipal,Hombre,Hombre,(00 a 05) Primera Infancia,Girardot,Cluster 2
"Intolerancia, machismo",Vivienda,Cabecera municipal,Hombre,Hombre,(00 a 05) Primera Infancia,Soacha,Cluster 1
Sin información,Sin Información,Cabecera municipal,Hombre,Mujer,(00 a 05) Primera Infancia,Soacha,Cluster 3
"Intolerancia, machismo",Vía Pública,Cabecera municipal,Hombre,Hombre,(00 a 05) Primera Infancia,Soacha,Cluster 1
"Intolerancia, machismo",Vivienda,Cabecera municipal,Mujer,Mujer,(29 a 59) Adultez,Soacha,Cluster 1
"Intolerancia, machismo",Vivienda,Cabecera municipal,Mujer,Mujer,(29 a 59) Adultez,Soacha,Cluster 1
"Intolerancia, machismo",Vía Pública,Cabecera municipal,Mujer,Hombre,(18 a 28) Juventud,Soacha,Cluster 1
"Intolerancia, machismo",Vivienda,Cabecera municipal,Mujer,Mujer,(18 a 28) Juventud,Soacha,Cluster 1
"Intolerancia, machismo",Vivienda,Cabecera municipal,Mujer,Hombre,(29 a 59) Adultez,Soacha,Cluster 1
"Intolerancia, machismo",Otros,Cabecera municipal,Mujer,Mujer,(29 a 59) Adultez,Soacha,Cluster 3
"Intolerancia, machismo",Vivienda,Cabecera municipal,Hombre,Mujer,(06 a 11) Infancia,Soacha,Cluster 1
Sin información,Vivienda,Parte rural (vereda y campo),Hombre,Hombre,(06 a 11) Infancia,Cajicá,Cluster 1
"Intolerancia, machismo",Vivienda,Cabecera municipal,Hombre,Hombre,(00 a 05) Primera Infancia,Soacha,Cluster 1
"Intolerancia, machismo",Vivienda,Cabecera municipal,Hombre,Hombre,(00 a 05) Primera Infancia,Soacha,Cluster 1
"Intolerancia, machismo",Vivienda,Cabecera municipal,Hombre,Hombre,(06 a 11) Infancia,Soacha,Cluster 1
Alcoholismo / drogadicción,Vivienda,Cabecera municipal,Hombre,Hombre,(12 a 17) Adolescencia,Soacha,Cluster 1
"Intolerancia, machismo",Sin Información,Cabecera municipal,Hombre,Hombre,(00 a 05) Primera Infancia,Soacha,Cluster 3
Alcoholismo / drogadicción,"Calle (Autopista,Avenida,Dentro de La Ciudad)",Cabecera municipal,Hombre,Hombre,(12 a 17) Adolescencia,Girardot,Cluster 2
"Intolerancia, machismo",Carretera (Fuera de La Ciudad),Parte rural (vereda y campo),Hombre,Hombre,(29 a 59) Adultez,Guaduas,Cluster 2
Alcoholismo / drogadicción,Vivienda,Cabecera municipal,Hombre,Hombre,(Más de 60) Adulto Mayor,Soacha,Cluster 1
Alcoholismo / drogadicción,Vivienda,Cabecera municipal,Mujer,Hombre,(29 a 59) Adultez,Girardot,Cluster 1
"Intolerancia, machismo",Vía Pública,Cabecera municipal,Hombre,Hombre,(12 a 17) Adolescencia,Soacha,Cluster 1
"Intolerancia, machismo",Vivienda,Cabecera municipal,Hombre,Mujer,(06 a 11) Infancia,Soacha,Cluster 1
"Intolerancia, machismo",Vivienda,Cabecera municipal,Hombre,Mujer,(29 a 59) Adultez,Soacha,Cluster 1
"Intolerancia, machismo",Vía Pública,Cabecera municipal,Hombre,Hombre,(18 a 28) Juventud,Soacha,Cluster 1
"Intolerancia, machismo",Vivienda,Sin información,Hombre,Hombre,(29 a 59) Adultez,Soacha,Cluster 1
"Intolerancia, machismo",Vivienda,Cabecera municipal,Mujer,Hombre,(29 a 59) Adultez,Soacha,Cluster 1
"Intolerancia, machismo",Vivienda,Cabecera municipal,Mujer,Hombre,(18 a 28) Juventud,Soacha,Cluster 1
"Intolerancia, machismo",Vivienda,Cabecera municipal,Hombre,Hombre,(29 a 59) Adultez,Soacha,Cluster 1
"Intolerancia, machismo",Vivienda,Cabecera municipal,Mujer,Hombre,(29 a 59) Adultez,Soacha,Cluster 1
"Intolerancia, machismo",Vivienda,Parte rural (vereda y campo),Mujer,Hombre,(12 a 17) Adolescencia,Cajicá,Cluster 1
"Intolerancia, machismo",Vía Pública,Cabecera municipal,Mujer,Hombre,(18 a 28) Juventud,Soacha,Cluster 1
Alcoholismo / drogadicción,Vivienda,Cabecera municipal,Mujer,Hombre,(29 a 59) Adultez,Soacha,Cluster 1
"Intolerancia, machismo",Vía Pública,Cabecera municipal,Hombre,Hombre,(00 a 05) Primera Infancia,Soacha,Cluster 1
"Intolerancia, machismo",Vivienda,Cabecera municipal,Hombre,Hombre,(00 a 05) Primera Infancia,Soacha,Cluster 1
"Intolerancia, machismo",Vivienda,Cabecera municipal,Mujer,Hombre,(29 a 59) Adultez,Soacha,Cluster 1
"Intolerancia, machismo",Vivienda,Cabecera municipal,Mujer,Mujer,(00 a 05) Primera Infancia,Soacha,Cluster 1
"Intolerancia, machismo",Vivienda,Cabecera municipal,Mujer,Hombre,(29 a 59) Adultez,Pacho,Cluster 1
"Intolerancia, machismo",Vivienda,Cabecera municipal,Hombre,Mujer,(06 a 11) Infancia,Soacha,Cluster 1
"Intolerancia, machismo",Vivienda,Cabecera municipal,Mujer,Mujer,(12 a 17) Adolescencia,Soacha,Cluster 1
"Intolerancia, machismo",Vivienda,Cabecera municipal,Mujer,Mujer,(12 a 17) Adolescencia,Soacha,Cluster 1
Sin información,"Calle (Autopista,Avenida,Dentro de La Ciudad)",Cabecera municipal,Hombre,Hombre,(12 a 17) Adolescencia,Girardot,Cluster 2
"Intolerancia, machismo",Vivienda,Cabecera municipal,Mujer,Mujer,(29 a 59) Adultez,Soacha,Cluster 1
"Intolerancia, machismo",Vivienda,Sin información,Mujer,Hombre,(18 a 28) Juventud,Cajicá,Cluster 1
"Intolerancia, machismo",Vivienda,Cabecera municipal,Mujer,Hombre,(29 a 59) Adultez,Soacha,Cluster 1
"Intolerancia, machismo",Vivienda,Cabecera municipal,Mujer,Hombre,(18 a 28) Juventud,Soacha,Cluster 1
"Intolerancia, machismo",Vivienda,Cabecera municipal,Hombre,Hombre,(29 a 59) Adultez,Soacha,Cluster 1
"Intolerancia, machismo",Vía Pública,Cabecera municipal,Hombre,Hombre,(18 a 28) Juventud,Soacha,Cluster 1
"Intolerancia, machismo",Vivienda,Cabecera municipal,Hombre,Hombre,(Más de 60) Adulto Mayor,Soacha,Cluster 1
"Intolerancia, machismo",Vivienda,Cabecera municipal,Hombre,Mujer,(06 a 11) Infancia,Girardot,Cluster 1
"Intolerancia, machismo",Vía Pública,Cabecera municipal,Hombre,Mujer,(00 a 05) Primera Infancia,Soacha,Cluster 1
"Intolerancia, machismo",Vivienda,Cabecera municipal,Hombre,Hombre,(29 a 59) Adultez,Girardot,Cluster 1
"Intolerancia, machismo",Vía Pública,Cabecera municipal,Hombre,Hombre,(18 a 28) Juventud,Soacha,Cluster 1
"Intolerancia, machismo",Vivienda,Cabecera municipal,Hombre,Hombre,(06 a 11) Infancia,Soacha,Cluster 1
"Intolerancia, machismo",Vivienda,Cabecera municipal,Hombre,Mujer,(12 a 17) Adolescencia,Soacha,Cluster 1
"Celos, desconfianza, infidelidad",Vivienda,Cabecera municipal,Hombre,Hombre,(12 a 17) Adolescencia,Soacha,Cluster 1
"Intolerancia, machismo",Vivienda,Cabecera municipal,Hombre,Hombre,(12 a 17) Adolescencia,Soacha,Cluster 1
"Intolerancia, machismo","Calle (Autopista,Avenida,Dentro de La Ciudad)",Cabecera municipal,Hombre,Hombre,(29 a 59) Adultez,Girardot,Cluster 2
"Intolerancia, machismo",Vivienda,Cabecera municipal,Hombre,Hombre,(06 a 11) Infancia,Soacha,Cluster 1
"Intolerancia, machismo",Vía Pública,Cabecera municipal,Hombre,Hombre,(00 a 05) Primera Infancia,Soacha,Cluster 1
"Intolerancia, machismo",Vivienda,Cabecera municipal,Mujer,Mujer,(00 a 05) Primera Infancia,Soacha,Cluster 1
"Intolerancia, machismo",Vía Pública,Cabecera municipal,Mujer,Hombre,(29 a 59) Adultez,Soacha,Cluster 1
"Intolerancia, machismo",Vía Pública,Cabecera municipal,Hombre,Hombre,(06 a 11) Infancia,Soacha,Cluster 1
"Intolerancia, machismo",Vía Pública,Cabecera municipal,Mujer,Hombre,(18 a 28) Juventud,Soacha,Cluster 1
"Intolerancia, machismo",Vía Pública,Cabecera municipal,Mujer,Hombre,(18 a 28) Juventud,Soacha,Cluster 1
"Intolerancia, machismo",Vía Pública,Cabecera municipal,Mujer,Hombre,(12 a 17) Adolescencia,Soacha,Cluster 1
"Intolerancia, machismo",Vía Pública,Cabecera municipal,Mujer,Hombre,(18 a 28) Juventud,Soacha,Cluster 1
"Intolerancia, machismo",Vivienda,Cabecera municipal,Hombre,Hombre,(Más de 60) Adulto Mayor,Soacha,Cluster 1
"Intolerancia, machismo",Vivienda,Cabecera municipal,Hombre,Mujer,(29 a 59) Adultez,Soacha,Cluster 1
"Intolerancia, machismo",Vivienda,Cabecera municipal,Mujer,Mujer,(18 a 28) Juventud,Soacha,Cluster 1
"Intolerancia, machismo",Vivienda,Cabecera municipal,Mujer,Hombre,(12 a 17) Adolescencia,Soacha,Cluster 1
"Intolerancia, machismo",Vía Pública,Cabecera municipal,Mujer,Mujer,(18 a 28) Juventud,Soacha,Cluster 1
"Intolerancia, machismo",Vivienda,Cabecera municipal,Mujer,Hombre,(18 a 28) Juventud,Soacha,Cluster 1
"Intolerancia, machismo",Vivienda,Cabecera municipal,Mujer,Mujer,(29 a 59) Adultez,Girardot,Cluster 1
"Intolerancia, machismo",Vivienda,Cabecera municipal,Mujer,Hombre,(29 a 59) Adultez,Soacha,Cluster 1
"Intolerancia, machismo",Vivienda,Cabecera municipal,Mujer,Hombre,(29 a 59) Adultez,Soacha,Cluster 1
"Intolerancia, machismo",Vía Pública,Cabecera municipal,Mujer,Hombre,(29 a 59) Adultez,Soacha,Cluster 1
"Intolerancia, machismo",Vivienda,"Centro poblado(corregimiento, inspección de policía y caserío)",Mujer,Hombre,(18 a 28) Juventud,Soacha,Cluster 1
"Intolerancia, machismo",Vivienda,Parte rural (vereda y campo),Mujer,Hombre,(29 a 59) Adultez,Soacha,Cluster 1
"Intolerancia, machismo",Vivienda,Cabecera municipal,Mujer,Hombre,(29 a 59) Adultez,Soacha,Cluster 1
"Intolerancia, machismo",Vía Pública,Cabecera municipal,Hombre,Hombre,(29 a 59) Adultez,Soacha,Cluster 1
"Intolerancia, machismo",Vivienda,Cabecera municipal,Hombre,Hombre,(Más de 60) Adulto Mayor,Soacha,Cluster 1
Alcoholismo / drogadicción,Vivienda,Cabecera municipal,Hombre,Hombre,(29 a 59) Adultez,Soacha,Cluster 1
"Intolerancia, machismo",Vivienda,Cabecera municipal,Hombre,Hombre,(29 a 59) Adultez,Soacha,Cluster 1
"Intolerancia, machismo",Vivienda,Cabecera municipal,Hombre,Hombre,(29 a 59) Adultez,Soacha,Cluster 1
"Intolerancia, machismo",Vía Pública,Cabecera municipal,Hombre,Hombre,(18 a 28) Juventud,Soacha,Cluster 1
Alcoholismo / drogadicción,Vivienda,Cabecera municipal,Hombre,Hombre,(06 a 11) Infancia,Soacha,Cluster 1
"Intolerancia, machismo",Vivienda,Cabecera municipal,Hombre,Hombre,(29 a 59) Adultez,Soacha,Cluster 1
"Intolerancia, machismo",Vivienda,Cabecera municipal,Hombre,Mujer,(29 a 59) Adultez,Pacho,Cluster 1
Sin información,Vivienda,Cabecera municipal,Hombre,Mujer,(00 a 05) Primera Infancia,Soacha,Cluster 1
Otras,"Calle (Autopista,Avenida,Dentro de La Ciudad)",Cabecera municipal,Hombre,Hombre,(29 a 59) Adultez,Pacho,Cluster 2
Alcoholismo / drogadicción,Vivienda,Cabecera municipal,Mujer,Hombre,(29 a 59) Adultez,Soacha,Cluster 1
"Intolerancia, machismo",Vivienda,Cabecera municipal,Mujer,Hombre,(18 a 28) Juventud,Soacha,Cluster 1
"Intolerancia, machismo",Vivienda,Cabecera municipal,Mujer,Mujer,(18 a 28) Juventud,Soacha,Cluster 1
"Intolerancia, machismo",Vivienda,Cabecera municipal,Mujer,Hombre,(18 a 28) Juventud,Soacha,Cluster 1
"Intolerancia, machismo",Vivienda,Cabecera municipal,Mujer,Hombre,(12 a 17) Adolescencia,Soacha,Cluster 1
"Intolerancia, machismo",Vivienda,Cabecera municipal,Mujer,Hombre,(06 a 11) Infancia,Soacha,Cluster 1
"Intolerancia, machismo",Vivienda,Cabecera municipal,Mujer,Hombre,(00 a 05) Primera Infancia,Soacha,Cluster 1
"Intolerancia, machismo",Vivienda,Cabecera municipal,Hombre,Hombre,(Más de 60) Adulto Mayor,Soacha,Cluster 1
"Intolerancia, machismo",Vivienda,Cabecera municipal,Hombre,Mujer,(06 a 11) Infancia,Soacha,Cluster 1
"Intolerancia, machismo",Vivienda,Cabecera municipal,Mujer,Hombre,(18 a 28) Juventud,Girardot,Cluster 1
Alcoholismo / drogadicción,Vía Pública,Cabecera municipal,Mujer,Mujer,(18 a 28) Juventud,Soacha,Cluster 1
"Intolerancia, machismo",Vivienda,Cabecera municipal,Mujer,Mujer,(18 a 28) Juventud,Soacha,Cluster 1
"Intolerancia, machismo",Vivienda,Cabecera municipal,Mujer,Hombre,(18 a 28) Juventud,Soacha,Cluster 1
"Intolerancia, machismo",Vivienda,Cabecera municipal,Mujer,Mujer,(18 a 28) Juventud,Soacha,Cluster 1
"Intolerancia, machismo",Vivienda,Cabecera municipal,Mujer,Mujer,(06 a 11) Infancia,Girardot,Cluster 1
"Intolerancia, machismo",Vivienda,Cabecera municipal,Hombre,Mujer,(06 a 11) Infancia,Soacha,Cluster 1
"Intolerancia, machismo",Vivienda,Cabecera municipal,Mujer,Hombre,(29 a 59) Adultez,Girardot,Cluster 1
"Intolerancia, machismo",Vivienda,Cabecera municipal,Mujer,Hombre,(Más de 60) Adulto Mayor,Soacha,Cluster 1
"Intolerancia, machismo",Vivienda,Cabecera municipal,Mujer,Hombre,(12 a 17) Adolescencia,Soacha,Cluster 1
"Intolerancia, machismo",Vivienda,Cabecera municipal,Hombre,Hombre,(29 a 59) Adultez,Soacha,Cluster 1
Alcoholismo / drogadicción,"Calle (Autopista,Avenida,Dentro de La Ciudad)",Cabecera municipal,Hombre,Hombre,(Más de 60) Adulto Mayor,Soacha,Cluster 2
"Intolerancia, machismo",Vivienda,Cabecera municipal,Hombre,Hombre,(06 a 11) Infancia,Soacha,Cluster 1
"Intolerancia, machismo",Vía Pública,Cabecera municipal,Hombre,Hombre,(00 a 05) Primera Infancia,Soacha,Cluster 1
"Intolerancia, machismo",Vivienda,Cabecera municipal,Mujer,Hombre,(12 a 17) Adolescencia,Soacha,Cluster 1
Alcoholismo / drogadicción,Vivienda,Cabecera municipal,Mujer,Hombre,(29 a 59) Adultez,Soacha,Cluster 1
"Intolerancia, machismo",Vivienda,Cabecera municipal,Hombre,Hombre,(06 a 11) Infancia,Soacha,Cluster 1
"Intolerancia, machismo",Vivienda,Cabecera municipal,Hombre,Hombre,(12 a 17) Adolescencia,Soacha,Cluster 1
"Intolerancia, machismo",Vivienda,Cabecera municipal,Hombre,Mujer,(06 a 11) Infancia,Soacha,Cluster 1
"Intolerancia, machismo",Vivienda,Cabecera municipal,Hombre,Mujer,(12 a 17) Adolescencia,Girardot,Cluster 1
"Intolerancia, machismo",Vía Pública,Cabecera municipal,Mujer,Hombre,(18 a 28) Juventud,Soacha,Cluster 1
"Intolerancia, machismo",Vivienda,Cabecera municipal,Mujer,Hombre,(29 a 59) Adultez,Soacha,Cluster 1
"Intolerancia, machismo",Vivienda,Cabecera municipal,Mujer,Mujer,(12 a 17) Adolescencia,Soacha,Cluster 1
"Intolerancia, machismo",Vivienda,Cabecera municipal,Mujer,Mujer,(06 a 11) Infancia,Soacha,Cluster 1
Alcoholismo / drogadicción,Vivienda,Cabecera municipal,Hombre,Mujer,(18 a 28) Juventud,Girardot,Cluster 1
"Intolerancia, machismo",Sin Información,Cabecera municipal,Mujer,Hombre,(18 a 28) Juventud,Soacha,Cluster 3
"Intolerancia, machismo",Vivienda,Cabecera municipal,Mujer,Hombre,(18 a 28) Juventud,Soacha,Cluster 1
Sin información,Sin Información,Parte rural (vereda y campo),Mujer,Mujer,(12 a 17) Adolescencia,Chía,Cluster 3
"Intolerancia, machismo",Vía Pública,Cabecera municipal,Mujer,Mujer,(12 a 17) Adolescencia,Soacha,Cluster 1
"Intolerancia, machismo",Vivienda,Cabecera municipal,Mujer,Mujer,(18 a 28) Juventud,Guaduas,Cluster 1
"Intolerancia, machismo",Vivienda,Cabecera municipal,Mujer,Mujer,(18 a 28) Juventud,Soacha,Cluster 1
"Intolerancia, machismo",Vivienda,Cabecera municipal,Mujer,Hombre,(29 a 59) Adultez,Soacha,Cluster 1
"Intolerancia, machismo",Vivienda,Cabecera municipal,Mujer,Mujer,(12 a 17) Adolescencia,Girardot,Cluster 1
"Intolerancia, machismo",Vivienda,Cabecera municipal,Hombre,Hombre,(06 a 11) Infancia,Soacha,Cluster 1
"Intolerancia, machismo",Vivienda,Cabecera municipal,Hombre,Mujer,(00 a 05) Primera Infancia,Soacha,Cluster 1
"Intolerancia, machismo",Vivienda,Cabecera municipal,Mujer,Hombre,(12 a 17) Adolescencia,Soacha,Cluster 1
"Intolerancia, machismo",Vía Pública,Cabecera municipal,Mujer,Mujer,(18 a 28) Juventud,Soacha,Cluster 1
"Intolerancia, machismo",Vivienda,Cabecera municipal,Mujer,Hombre,(18 a 28) Juventud,Soacha,Cluster 1
Alcoholismo / drogadicción,Vivienda,Cabecera municipal,Mujer,Hombre,(18 a 28) Juventud,Soacha,Cluster 1
"Intolerancia, machismo",Vivienda,Cabecera municipal,Mujer,Mujer,(12 a 17) Adolescencia,Soacha,Cluster 1
"Intolerancia, machismo",Vivienda,Cabecera municipal,Hombre,Mujer,(18 a 28) Juventud,Soacha,Cluster 1
Sin información,Sin Información,Cabecera municipal,Mujer,Hombre,(12 a 17) Adolescencia,Cajicá,Cluster 3
Sin información,Centros de Reclusión,Cabecera municipal,Hombre,Hombre,(12 a 17) Adolescencia,Cajicá,Cluster 2
"Intolerancia, machismo",Vivienda,Cabecera municipal,Hombre,Hombre,(06 a 11) Infancia,Soacha,Cluster 1
"Intolerancia, machismo",Vivienda,Cabecera municipal,Hombre,Hombre,(29 a 59) Adultez,Soacha,Cluster 1
"Intolerancia, machismo",Vivienda,Cabecera municipal,Hombre,Hombre,(29 a 59) Adultez,Girardot,Cluster 1
"Intolerancia, machismo",Vivienda,Cabecera municipal,Hombre,Mujer,(29 a 59) Adultez,Soacha,Cluster 1
"Intolerancia, machismo","Calle (Autopista,Avenida,Dentro de La Ciudad)",Cabecera municipal,Hombre,Hombre,(29 a 59) Adultez,Soacha,Cluster 2
"Intolerancia, machismo",Vía Pública,Cabecera municipal,Mujer,Mujer,(29 a 59) Adultez,Soacha,Cluster 1
"Intolerancia, machismo",Vía Pública,Cabecera municipal,Hombre,Hombre,(18 a 28) Juventud,Soacha,Cluster 1
"Intolerancia, machismo",Vivienda,Cabecera municipal,Hombre,Hombre,(29 a 59) Adultez,Soacha,Cluster 1
"Intolerancia, machismo",Vivienda,Cabecera municipal,Hombre,Mujer,(12 a 17) Adolescencia,Soacha,Cluster 1
"Intolerancia, machismo",Sin Información,Cabecera municipal,Hombre,Mujer,(12 a 17) Adolescencia,Soacha,Cluster 3
"Intolerancia, machismo",Vivienda,Cabecera municipal,Hombre,Hombre,(06 a 11) Infancia,Soacha,Cluster 1
"Intolerancia, machismo",Vía Pública,Cabecera municipal,Hombre,Hombre,(12 a 17) Adolescencia,Soacha,Cluster 1
Otras,Vivienda,"Centro poblado(corregimiento, inspección de policía y caserío)",Hombre,Mujer,(06 a 11) Infancia,Cajicá,Cluster 1
"Intolerancia, machismo",Vivienda,Cabecera municipal,Hombre,Mujer,(06 a 11) Infancia,Soacha,Cluster 1
"Intolerancia, machismo",Vivienda,Cabecera municipal,Hombre,Hombre,(18 a 28) Juventud,Soacha,Cluster 1
"Intolerancia, machismo",Vía Pública,Cabecera municipal,Hombre,Hombre,(18 a 28) Juventud,Soacha,Cluster 1
"Intolerancia, machismo",Vivienda,Cabecera municipal,Hombre,Mujer,(12 a 17) Adolescencia,Soacha,Cluster 1
"Intolerancia, machismo","Calle (Autopista,Avenida,Dentro de La Ciudad)",Cabecera municipal,Mujer,Hombre,(29 a 59) Adultez,Girardot,Cluster 2
"Intolerancia, machismo",Vivienda,Cabecera municipal,Hombre,Hombre,(29 a 59) Adultez,Soacha,Cluster 1
"Intolerancia, machismo",Vivienda,Cabecera municipal,Hombre,Hombre,(29 a 59) Adultez,Soacha,Cluster 1
Alcoholismo / drogadicción,Vivienda,"Centro poblado(corregimiento, inspección de policía y caserío)",Hombre,Hombre,(12 a 17) Adolescencia,Cajicá,Cluster 1
"Intolerancia, machismo","Calle (Autopista,Avenida,Dentro de La Ciudad)",Cabecera municipal,Mujer,Hombre,(18 a 28) Juventud,Soacha,Cluster 2
"Intolerancia, machismo",Vivienda,Cabecera municipal,Hombre,Hombre,(Más de 60) Adulto Mayor,Soacha,Cluster 1
"Intolerancia, machismo",Vivienda,Cabecera municipal,Mujer,Hombre,(18 a 28) Juventud,Soacha,Cluster 1
"Intolerancia, machismo",Vivienda,Cabecera municipal,Hombre,Hombre,(Más de 60) Adulto Mayor,Soacha,Cluster 1
"Intolerancia, machismo",Vivienda,Cabecera municipal,Mujer,Hombre,(18 a 28) Juventud,Soacha,Cluster 1
"Intolerancia, machismo",Vía Pública,Cabecera municipal,Hombre,Hombre,(29 a 59) Adultez,Soacha,Cluster 1
"Intolerancia, machismo",Vivienda,Cabecera municipal,Mujer,Mujer,(29 a 59) Adultez,Soacha,Cluster 1
"Intolerancia, machismo",Vivienda,Cabecera municipal,Hombre,Hombre,(29 a 59) Adultez,Soacha,Cluster 1
Alcoholismo / drogadicción,Lugares de Esparcimiento con Expendio de Alcohol,Cabecera municipal,Hombre,Hombre,(18 a 28) Juventud,Soacha,Cluster 3
"Intolerancia, machismo",Vivienda,Cabecera municipal,Hombre,Mujer,(00 a 05) Primera Infancia,Soacha,Cluster 1
"Intolerancia, machismo",Vivienda,Cabecera municipal,Hombre,Hombre,(12 a 17) Adolescencia,Soacha,Cluster 1
"Intolerancia, machismo",Vivienda,Cabecera municipal,Hombre,Hombre,(18 a 28) Juventud,Girardot,Cluster 1
"Intolerancia, machismo",Vivienda,Cabecera municipal,Hombre,Hombre,(Más de 60) Adulto Mayor,Soacha,Cluster 1
"Intolerancia, machismo",Vivienda,Cabecera municipal,Hombre,Hombre,(29 a 59) Adultez,Soacha,Cluster 1
"Intolerancia, machismo",Vivienda,Cabecera municipal,Hombre,Mujer,(29 a 59) Adultez,Soacha,Cluster 1
"Intolerancia, machismo",Vía Pública,Cabecera municipal,Hombre,Mujer,(18 a 28) Juventud,Soacha,Cluster 1
"Intolerancia, machismo",Vivienda,Cabecera municipal,Hombre,Hombre,(29 a 59) Adultez,Soacha,Cluster 1
"Intolerancia, machismo",Vivienda,Cabecera municipal,Hombre,Hombre,(Más de 60) Adulto Mayor,Soacha,Cluster 1
Alcoholismo / drogadicción,"Establecimiento Comercial (Tienda,Centro Comercial,Almacén,Plaza de Mercado)",Cabecera municipal,Hombre,Hombre,(29 a 59) Adultez,Guaduas,Cluster 2
Alcoholismo / drogadicción,Vivienda,Cabecera municipal,Hombre,Hombre,(29 a 59) Adultez,Girardot,Cluster 1
"Intolerancia, machismo",Vía Pública,Cabecera municipal,Hombre,Mujer,(06 a 11) Infancia,Soacha,Cluster 1
"Intolerancia, machismo",Vivienda,Cabecera municipal,Hombre,Hombre,(00 a 05) Primera Infancia,Soacha,Cluster 1
"Intolerancia, machismo",Vivienda,Cabecera municipal,Hombre,Hombre,(00 a 05) Primera Infancia,Soacha,Cluster 1
Sin información,Vivienda,Cabecera municipal,Hombre,Hombre,(00 a 05) Primera Infancia,Soacha,Cluster 1
"Intolerancia, machismo",Vivienda,Cabecera municipal,Hombre,Hombre,(06 a 11) Infancia,Soacha,Cluster 1
"Intolerancia, machismo",Vivienda,Cabecera municipal,Hombre,Hombre,(12 a 17) Adolescencia,Soacha,Cluster 1
"Intolerancia, machismo",Vía Pública,Cabecera municipal,Hombre,Hombre,(18 a 28) Juventud,Soacha,Cluster 1
"Intolerancia, machismo",Vivienda,Cabecera municipal,Hombre,Hombre,(29 a 59) Adultez,Girardot,Cluster 1
"Intolerancia, machismo",Vivienda,Cabecera municipal,Hombre,Hombre,(06 a 11) Infancia,Soacha,Cluster 1
"Intolerancia, machismo",Vivienda,Cabecera municipal,Mujer,Mujer,(06 a 11) Infancia,Soacha,Cluster 1
Alcoholismo / drogadicción,Vivienda,Cabecera municipal,Hombre,Hombre,(06 a 11) Infancia,Girardot,Cluster 1
"Intolerancia, machismo",Vivienda,Cabecera municipal,Hombre,Hombre,(06 a 11) Infancia,Chía,Cluster 1
"Intolerancia, machismo",Vivienda,Cabecera municipal,Hombre,Hombre,(06 a 11) Infancia,Soacha,Cluster 1
"Intolerancia, machismo",Vivienda,Cabecera municipal,Hombre,Hombre,(06 a 11) Infancia,Soacha,Cluster 1
"Intolerancia, machismo",Vía Pública,Cabecera municipal,Hombre,Mujer,(00 a 05) Primera Infancia,Soacha,Cluster 1
Sin información,Vivienda,Sin información,Hombre,Mujer,(12 a 17) Adolescencia,Guaduas,Cluster 1
"Intolerancia, machismo",Vivienda,Cabecera municipal,Hombre,Hombre,(00 a 05) Primera Infancia,Soacha,Cluster 1
"Intolerancia, machismo",Vía Pública,Cabecera municipal,Hombre,Hombre,(29 a 59) Adultez,Soacha,Cluster 1
"Intolerancia, machismo",Vivienda,Cabecera municipal,Hombre,Hombre,(29 a 59) Adultez,Soacha,Cluster 1
"Intolerancia, machismo",Vivienda,Cabecera municipal,Hombre,Hombre,(06 a 11) Infancia,Soacha,Cluster 1
Sin información,Centros Educativos,Cabecera municipal,Hombre,Mujer,(06 a 11) Infancia,Girardot,Cluster 2
"Intolerancia, machismo",Vivienda,Cabecera municipal,Hombre,Hombre,(12 a 17) Adolescencia,Chía,Cluster 1
Alcoholismo / drogadicción,"Calle (Autopista,Avenida,Dentro de La Ciudad)",Cabecera municipal,Hombre,Hombre,(12 a 17) Adolescencia,Soacha,Cluster 2
"Intolerancia, machismo",Vivienda,Cabecera municipal,Hombre,Mujer,(06 a 11) Infancia,Soacha,Cluster 1
"Intolerancia, machismo",Vivienda,Cabecera municipal,Hombre,Hombre,(12 a 17) Adolescencia,Soacha,Cluster 1
Alcoholismo / drogadicción,Vivienda,Cabecera municipal,Hombre,Hombre,(12 a 17) Adolescencia,Soacha,Cluster 1
"Intolerancia, machismo",Vivienda,"Centro poblado(corregimiento, inspección de policía y caserío)",Mujer,Mujer,(06 a 11) Infancia,Cajicá,Cluster 1
"Intolerancia, machismo",Vivienda,Cabecera municipal,Mujer,Mujer,(00 a 05) Primera Infancia,Soacha,Cluster 1
"Intolerancia, machismo",Vivienda,Cabecera municipal,Hombre,Hombre,(12 a 17) Adolescencia,Soacha,Cluster 1
"Intolerancia, machismo",Vía Pública,Cabecera municipal,Hombre,Mujer,(18 a 28) Juventud,Soacha,Cluster 1
"Intolerancia, machismo",Vivienda,"Centro poblado(corregimiento, inspección de policía y caserío)",Hombre,Hombre,(06 a 11) Infancia,Cajicá,Cluster 1
Alcoholismo / drogadicción,Vivienda,Parte rural (vereda y campo),Hombre,Hombre,(12 a 17) Adolescencia,Girardot,Cluster 1
"Intolerancia, machismo",Vivienda,Cabecera municipal,Mujer,Hombre,(12 a 17) Adolescencia,Soacha,Cluster 1
"Intolerancia, machismo",Vivienda,Cabecera municipal,Mujer,Mujer,(12 a 17) Adolescencia,Soacha,Cluster 1
"Intolerancia, machismo",Vivienda,Cabecera municipal,Mujer,Hombre,(18 a 28) Juventud,Soacha,Cluster 1
"Intolerancia, machismo",Vivienda,Cabecera municipal,Mujer,Mujer,(12 a 17) Adolescencia,Soacha,Cluster 1
"Intolerancia, machismo",Vivienda,Cabecera municipal,Hombre,Hombre,(29 a 59) Adultez,Soacha,Cluster 1
"Intolerancia, machismo",Vivienda,Cabecera municipal,Mujer,Mujer,(29 a 59) Adultez,Cajicá,Cluster 1
Alcoholismo / drogadicción,"Calle (Autopista,Avenida,Dentro de La Ciudad)",Cabecera municipal,Mujer,Hombre,(12 a 17) Adolescencia,Cajicá,Cluster 2
"Intolerancia, machismo",Vivienda,Cabecera municipal,Mujer,Hombre,(12 a 17) Adolescencia,Soacha,Cluster 1
"Intolerancia, machismo",Vivienda,Cabecera municipal,Mujer,Hombre,(00 a 05) Primera Infancia,Soacha,Cluster 1
"Intolerancia, machismo",Vivienda,Cabecera municipal,Mujer,Hombre,(12 a 17) Adolescencia,Soacha,Cluster 1
"Intolerancia, machismo",Vivienda,Cabecera municipal,Mujer,Mujer,(06 a 11) Infancia,Soacha,Cluster 1
"Intolerancia, machismo",Vivienda,Cabecera municipal,Mujer,Mujer,(18 a 28) Juventud,Soacha,Cluster 1
"Intolerancia, machismo",Vivienda,Cabecera municipal,Mujer,Hombre,(12 a 17) Adolescencia,Soacha,Cluster 1
"Intolerancia, machismo",Vivienda,Cabecera municipal,Mujer,Hombre,(00 a 05) Primera Infancia,Soacha,Cluster 1
Otras,Vivienda,Parte rural (vereda y campo),Mujer,Mujer,(06 a 11) Infancia,Cajicá,Cluster 1
"Intolerancia, machismo",Vivienda,Cabecera municipal,Mujer,Hombre,(06 a 11) Infancia,Soacha,Cluster 1
"Intolerancia, machismo",Vivienda,Cabecera municipal,Mujer,Mujer,(06 a 11) Infancia,Soacha,Cluster 1
"Intolerancia, machismo",Vivienda,Cabecera municipal,Mujer,Mujer,(06 a 11) Infancia,Soacha,Cluster 1
"Intolerancia, machismo",Vivienda,Cabecera municipal,Mujer,Hombre,(06 a 11) Infancia,Soacha,Cluster 1
"Intolerancia, machismo",Vivienda,Cabecera municipal,Mujer,Hombre,(06 a 11) Infancia,Soacha,Cluster 1
"Intolerancia, machismo",Vivienda,Cabecera municipal,Mujer,Mujer,(18 a 28) Juventud,Girardot,Cluster 1
"Intolerancia, machismo",Vivienda,Cabecera municipal,Mujer,Mujer,(18 a 28) Juventud,Soacha,Cluster 1
"Intolerancia, machismo",Vivienda,Cabecera municipal,Mujer,Mujer,(18 a 28) Juventud,Cajicá,Cluster 1
"Intolerancia, machismo",Vivienda,Cabecera municipal,Mujer,Mujer,(18 a 28) Juventud,Soacha,Cluster 1
"Intolerancia, machismo",Vivienda,Cabecera municipal,Mujer,Hombre,(00 a 05) Primera Infancia,Soacha,Cluster 1
"Intolerancia, machismo",Vivienda,Cabecera municipal,Hombre,Hombre,(18 a 28) Juventud,Cajicá,Cluster 1
Alcoholismo / drogadicción,Vivienda,Cabecera municipal,Hombre,Hombre,(06 a 11) Infancia,Girardot,Cluster 1
"Intolerancia, machismo",Vivienda,Cabecera municipal,Hombre,Mujer,(12 a 17) Adolescencia,Soacha,Cluster 1
"Intolerancia, machismo",Centros Educativos,Cabecera municipal,Mujer,Mujer,(12 a 17) Adolescencia,Soacha,Cluster 2
"Intolerancia, machismo",Vivienda,Cabecera municipal,Mujer,Hombre,(06 a 11) Infancia,Soacha,Cluster 1
"Intolerancia, machismo",Vivienda,Cabecera municipal,Mujer,Hombre,(18 a 28) Juventud,Soacha,Cluster 1
"Intolerancia, machismo",Vivienda,Cabecera municipal,Mujer,Hombre,(29 a 59) Adultez,Soacha,Cluster 1
Alcoholismo / drogadicción,Vivienda,Cabecera municipal,Mujer,Hombre,(12 a 17) Adolescencia,Soacha,Cluster 1
Sin información,Vivienda,Parte rural (vereda y campo),Mujer,Hombre,(12 a 17) Adolescencia,Soacha,Cluster 1
"Celos, desconfianza, infidelidad","Calle (Autopista,Avenida,Dentro de La Ciudad)",Cabecera municipal,Mujer,Hombre,(18 a 28) Juventud,Cajicá,Cluster 2
"Intolerancia, machismo",Vivienda,Cabecera municipal,Mujer,Mujer,(12 a 17) Adolescencia,Soacha,Cluster 1
"Intolerancia, machismo",Vivienda,Cabecera municipal,Mujer,Mujer,(12 a 17) Adolescencia,Soacha,Cluster 1
"Intolerancia, machismo",Vivienda,Cabecera municipal,Mujer,Hombre,(18 a 28) Juventud,Soacha,Cluster 1
"Intolerancia, machismo",Vivienda,Cabecera municipal,Mujer,Hombre,(12 a 17) Adolescencia,Girardot,Cluster 1
"Intolerancia, machismo",Vivienda,Cabecera municipal,Mujer,Hombre,(Más de 60) Adulto Mayor,Soacha,Cluster 1
"Intolerancia, machismo",Vía Pública,Cabecera municipal,Mujer,Hombre,(18 a 28) Juventud,Soacha,Cluster 1
"Intolerancia, machismo",Sin Información,Cabecera municipal,Mujer,Mujer,(06 a 11) Infancia,Soacha,Cluster 3
"Intolerancia, machismo",Vivienda,Parte rural (vereda y campo),Mujer,Mujer,(06 a 11) Infancia,Cajicá,Cluster 1
"Intolerancia, machismo",Vivienda,Cabecera municipal,Mujer,Hombre,(12 a 17) Adolescencia,Soacha,Cluster 1
"Intolerancia, machismo",Vivienda,Cabecera municipal,Mujer,Hombre,(12 a 17) Adolescencia,Soacha,Cluster 1
Alcoholismo / drogadicción,Vivienda,Parte rural (vereda y campo),Mujer,Hombre,(12 a 17) Adolescencia,Cajicá,Cluster 1
"Intolerancia, machismo",Vivienda,Cabecera municipal,Mujer,Mujer,(12 a 17) Adolescencia,Soacha,Cluster 1
Alcoholismo / drogadicción,Vivienda,Cabecera municipal,Mujer,Hombre,(18 a 28) Juventud,Girardot,Cluster 1
"Intolerancia, machismo",Vivienda,Cabecera municipal,Mujer,Mujer,(12 a 17) Adolescencia,Soacha,Cluster 1
"Intolerancia, machismo",Vivienda,Cabecera municipal,Mujer,Hombre,(12 a 17) Adolescencia,Soacha,Cluster 1
Alcoholismo / drogadicción,Vivienda,Cabecera municipal,Hombre,Hombre,(12 a 17) Adolescencia,Soacha,Cluster 1
Alcoholismo / drogadicción,Vivienda,Cabecera municipal,Hombre,Hombre,(29 a 59) Adultez,Soacha,Cluster 1
"Intolerancia, machismo",Vivienda,Cabecera municipal,Mujer,Hombre,(18 a 28) Juventud,Soacha,Cluster 1
Sin información,Vivienda,Cabecera municipal,Mujer,Hombre,(12 a 17) Adolescencia,Soacha,Cluster 1
"Intolerancia, machismo",Vivienda,Cabecera municipal,Mujer,Hombre,(Más de 60) Adulto Mayor,Soacha,Cluster 1
"Intolerancia, machismo",Vivienda,Cabecera municipal,Mujer,Hombre,(29 a 59) Adultez,Soacha,Cluster 1
"Intolerancia, machismo","Calle (Autopista,Avenida,Dentro de La Ciudad)",Cabecera municipal,Mujer,Hombre,(18 a 28) Juventud,Soacha,Cluster 2
"Intolerancia, machismo",Vivienda,Cabecera municipal,Mujer,Hombre,(18 a 28) Juventud,Soacha,Cluster 1
"Intolerancia, machismo",Vivienda,Cabecera municipal,Mujer,Hombre,(18 a 28) Juventud,Soacha,Cluster 1
"Intolerancia, machismo",Vivienda,Sin información,Mujer,Mujer,(29 a 59) Adultez,Cajicá,Cluster 1
"Intolerancia, machismo",Sin Información,Cabecera municipal,Mujer,Mujer,(18 a 28) Juventud,Soacha,Cluster 3
"Intolerancia, machismo",Vivienda,Cabecera municipal,Mujer,Hombre,(18 a 28) Juventud,Soacha,Cluster 1
"Intolerancia, machismo",Vivienda,Cabecera municipal,Mujer,Hombre,(29 a 59) Adultez,Soacha,Cluster 1
"Intolerancia, machismo",Vivienda,Cabecera municipal,Mujer,Hombre,(29 a 59) Adultez,Soacha,Cluster 1
"Intolerancia, machismo",Vivienda,Cabecera municipal,Mujer,Hombre,(18 a 28) Juventud,Soacha,Cluster 1
"Intolerancia, machismo",Vivienda,Cabecera municipal,Mujer,Mujer,(00 a 05) Primera Infancia,Soacha,Cluster 1
"Intolerancia, machismo",Vía Pública,Cabecera municipal,Mujer,Mujer,(00 a 05) Primera Infancia,Soacha,Cluster 1
Alcoholismo / drogadicción,Vía Pública,Cabecera municipal,Hombre,Hombre,(29 a 59) Adultez,Soacha,Cluster 1
"Intolerancia, machismo",Vivienda,Cabecera municipal,Hombre,Hombre,(Más de 60) Adulto Mayor,Soacha,Cluster 1
"Intolerancia, machismo","Calle (Autopista,Avenida,Dentro de La Ciudad)",Cabecera municipal,Hombre,Hombre,(18 a 28) Juventud,Girardot,Cluster 2
"Intolerancia, machismo",Vivienda,Cabecera municipal,Hombre,Hombre,(18 a 28) Juventud,Soacha,Cluster 1
"Intolerancia, machismo",Vivienda,Cabecera municipal,Mujer,Hombre,(29 a 59) Adultez,Soacha,Cluster 1
"Intolerancia, machismo",Vivienda,Cabecera municipal,Hombre,Hombre,(18 a 28) Juventud,Girardot,Cluster 1
"Intolerancia, machismo",Vivienda,Cabecera municipal,Hombre,Hombre,(18 a 28) Juventud,Soacha,Cluster 1
Alcoholismo / drogadicción,"Establecimiento Comercial (Tienda,Centro Comercial,Almacén,Plaza de Mercado)",Cabecera municipal,Hombre,Hombre,(29 a 59) Adultez,Guaduas,Cluster 2
"Intolerancia, machismo",Vía Pública,Cabecera municipal,Hombre,Hombre,(12 a 17) Adolescencia,Soacha,Cluster 1
"Intolerancia, machismo",Vivienda,Cabecera municipal,Mujer,Hombre,(00 a 05) Primera Infancia,Soacha,Cluster 1
"Intolerancia, machismo",Vivienda,Cabecera municipal,Mujer,Mujer,(12 a 17) Adolescencia,Girardot,Cluster 1
"Intolerancia, machismo",Vivienda,Cabecera municipal,Mujer,Mujer,(18 a 28) Juventud,Girardot,Cluster 1
"Intolerancia, machismo",Vivienda,"Centro poblado(corregimiento, inspección de policía y caserío)",Mujer,Mujer,(18 a 28) Juventud,Cajicá,Cluster 1
"Intolerancia, machismo",Vía Pública,Cabecera municipal,Mujer,Mujer,(06 a 11) Infancia,Soacha,Cluster 1
"Intolerancia, machismo",Vivienda,Parte rural (vereda y campo),Mujer,Mujer,(00 a 05) Primera Infancia,Cajicá,Cluster 1
Alcoholismo / drogadicción,Vivienda,Cabecera municipal,Mujer,Hombre,(29 a 59) Adultez,Soacha,Cluster 1
"Intolerancia, machismo",Vivienda,Cabecera municipal,Mujer,Hombre,(29 a 59) Adultez,Soacha,Cluster 1
"Intolerancia, machismo",Vivienda,Cabecera municipal,Mujer,Mujer,(29 a 59) Adultez,Girardot,Cluster 1
"Intolerancia, machismo",Vivienda,Cabecera municipal,Mujer,Hombre,(29 a 59) Adultez,Soacha,Cluster 1
"Intolerancia, machismo",Vivienda,Cabecera municipal,Mujer,Mujer,(29 a 59) Adultez,Soacha,Cluster 1
"Intolerancia, machismo",Vivienda,Cabecera municipal,Mujer,Hombre,(29 a 59) Adultez,Soacha,Cluster 1
Alcoholismo / drogadicción,Vivienda,Cabecera municipal,Mujer,Hombre,(Más de 60) Adulto Mayor,Girardot,Cluster 1
"Intolerancia, machismo",Vivienda,Cabecera municipal,Mujer,Mujer,(29 a 59) Adultez,Soacha,Cluster 1
"Intolerancia, machismo",Vivienda,Cabecera municipal,Mujer,Mujer,(29 a 59) Adultez,Cajicá,Cluster 1
Económicas,Vivienda,Parte rural (vereda y campo),Mujer,Hombre,(29 a 59) Adultez,Guaduas,Cluster 1
"Intolerancia, machismo",Vivienda,Cabecera municipal,Mujer,Mujer,(18 a 28) Juventud,Soacha,Cluster 1
"Intolerancia, machismo",Vivienda,Sin información,Mujer,Hombre,(29 a 59) Adultez,Soacha,Cluster 1
"Intolerancia, machismo",Vivienda,Cabecera municipal,Hombre,Hombre,(06 a 11) Infancia,Soacha,Cluster 1
Alcoholismo / drogadicción,Vivienda,Parte rural (vereda y campo),Hombre,Hombre,(06 a 11) Infancia,Pacho,Cluster 1
"Intolerancia, machismo",Vivienda,Cabecera municipal,Hombre,Hombre,(00 a 05) Primera Infancia,Soacha,Cluster 1
Alcoholismo / drogadicción,Vivienda,Cabecera municipal,Mujer,Hombre,(18 a 28) Juventud,Girardot,Cluster 1
"Intolerancia, machismo","Calle (Autopista,Avenida,Dentro de La Ciudad)",Cabecera municipal,Mujer,Hombre,(12 a 17) Adolescencia,Girardot,Cluster 2
"Intolerancia, machismo",Vivienda,Cabecera municipal,Mujer,Hombre,(12 a 17) Adolescencia,Soacha,Cluster 1
"Intolerancia, machismo",Vía Pública,Cabecera municipal,Hombre,Hombre,(29 a 59) Adultez,Soacha,Cluster 1
"Intolerancia, machismo",Vivienda,Cabecera municipal,Hombre,Hombre,(Más de 60) Adulto Mayor,Soacha,Cluster 1
"Intolerancia, machismo",Vivienda,Cabecera municipal,Hombre,Hombre,(29 a 59) Adultez,Soacha,Cluster 1
"Intolerancia, machismo",Vivienda,Cabecera municipal,Hombre,Mujer,(06 a 11) Infancia,Soacha,Cluster 1
"Intolerancia, machismo",Vía Pública,Cabecera municipal,Mujer,Hombre,(29 a 59) Adultez,Soacha,Cluster 1
"Intolerancia, machismo","Establecimiento Comercial (Tienda,Centro Comercial,Almacén,Plaza de Mercado)",Cabecera municipal,Hombre,Hombre,(Más de 60) Adulto Mayor,Soacha,Cluster 2
"Intolerancia, machismo",Vivienda,Cabecera municipal,Hombre,Mujer,(Más de 60) Adulto Mayor,Soacha,Cluster 1
Alcoholismo / drogadicción,Vivienda,Cabecera municipal,Mujer,Hombre,(29 a 59) Adultez,Soacha,Cluster 1
"Intolerancia, machismo","Calle (Autopista,Avenida,Dentro de La Ciudad)",Cabecera municipal,Hombre,Hombre,(12 a 17) Adolescencia,Girardot,Cluster 2
"Intolerancia, machismo",Vivienda,Cabecera municipal,Mujer,Mujer,(29 a 59) Adultez,Soacha,Cluster 1
Otras,Centros Educativos,Cabecera municipal,Mujer,Mujer,(12 a 17) Adolescencia,Cajicá,Cluster 2
"Intolerancia, machismo",Vivienda,Cabecera municipal,Mujer,Hombre,(12 a 17) Adolescencia,Soacha,Cluster 1
Alcoholismo / drogadicción,Vivienda,Cabecera municipal,Mujer,Hombre,(29 a 59) Adultez,Soacha,Cluster 1
"Intolerancia, machismo",Vía Pública,Cabecera municipal,Mujer,Hombre,(18 a 28) Juventud,Soacha,Cluster 1
"Celos, desconfianza, infidelidad","Calle (Autopista,Avenida,Dentro de La Ciudad)","Centro poblado(corregimiento, inspección de policía y caserío)",Mujer,Mujer,(12 a 17) Adolescencia,Pacho,Cluster 2
Sin información,Centros Educativos,Cabecera municipal,Mujer,Mujer,(00 a 05) Primera Infancia,Girardot,Cluster 2
"Intolerancia, machismo",Vivienda,Cabecera municipal,Mujer,Mujer,(29 a 59) Adultez,Soacha,Cluster 1
"Intolerancia, machismo",Vía Pública,Cabecera municipal,Mujer,Mujer,(12 a 17) Adolescencia,Soacha,Cluster 1
Alcoholismo / drogadicción,Vivienda,Cabecera municipal,Mujer,Hombre,(Más de 60) Adulto Mayor,Girardot,Cluster 1
Sin información,Vivienda,"Centro poblado(corregimiento, inspección de policía y caserío)",Mujer,Mujer,(29 a 59) Adultez,Cajicá,Cluster 1
"Intolerancia, machismo",Vivienda,Cabecera municipal,Mujer,Hombre,(Más de 60) Adulto Mayor,Soacha,Cluster 1
"Intolerancia, machismo",Vivienda,Cabecera municipal,Mujer,Mujer,(Más de 60) Adulto Mayor,Soacha,Cluster 1
"Intolerancia, machismo",Vivienda,Cabecera municipal,Mujer,Mujer,(Más de 60) Adulto Mayor,Cajicá,Cluster 1
"Intolerancia, machismo",Vivienda,Cabecera municipal,Mujer,Hombre,(Más de 60) Adulto Mayor,Girardot,Cluster 1
"Intolerancia, machismo","Calle (Autopista,Avenida,Dentro de La Ciudad)",Cabecera municipal,Mujer,Mujer,(29 a 59) Adultez,Girardot,Cluster 2
"Intolerancia, machismo","Calle (Autopista,Avenida,Dentro de La Ciudad)",Cabecera municipal,Mujer,Hombre,(29 a 59) Adultez,Cajicá,Cluster 2
"Intolerancia, machismo",Vivienda,Cabecera municipal,Mujer,Hombre,(Más de 60) Adulto Mayor,Soacha,Cluster 1
"Intolerancia, machismo",Vivienda,Cabecera municipal,Mujer,Hombre,(06 a 11) Infancia,Soacha,Cluster 1
"Intolerancia, machismo",Vivienda,Cabecera municipal,Mujer,Hombre,(06 a 11) Infancia,Soacha,Cluster 1
"Intolerancia, machismo",Vía Pública,Cabecera municipal,Mujer,Hombre,(12 a 17) Adolescencia,Soacha,Cluster 1
"Intolerancia, machismo",Vivienda,Cabecera municipal,Mujer,Mujer,(Más de 60) Adulto Mayor,Soacha,Cluster 1
"Intolerancia, machismo",Vía Pública,Cabecera municipal,Mujer,Mujer,(29 a 59) Adultez,Soacha,Cluster 1
Alcoholismo / drogadicción,Vivienda,Cabecera municipal,Mujer,Hombre,(Más de 60) Adulto Mayor,Girardot,Cluster 1
"Intolerancia, machismo","Calle (Autopista,Avenida,Dentro de La Ciudad)",Cabecera municipal,Mujer,Mujer,(18 a 28) Juventud,Pacho,Cluster 2
"Intolerancia, machismo",Vía Pública,Cabecera municipal,Mujer,Hombre,(29 a 59) Adultez,Soacha,Cluster 1
"Intolerancia, machismo",Vivienda,Cabecera municipal,Mujer,Mujer,(00 a 05) Primera Infancia,Soacha,Cluster 1
"Intolerancia, machismo",Vivienda,"Centro poblado(corregimiento, inspección de policía y caserío)",Mujer,Hombre,(29 a 59) Adultez,Girardot,Cluster 1
"Intolerancia, machismo",Vía Pública,Cabecera municipal,Mujer,Mujer,(00 a 05) Primera Infancia,Soacha,Cluster 1
"Intolerancia, machismo",Vivienda,Cabecera municipal,Mujer,Mujer,(12 a 17) Adolescencia,Girardot,Cluster 1
"Intolerancia, machismo",Vía Pública,Cabecera municipal,Mujer,Mujer,(06 a 11) Infancia,Soacha,Cluster 1
"Intolerancia, machismo",Vivienda,Cabecera municipal,Mujer,Mujer,(12 a 17) Adolescencia,Girardot,Cluster 1
Alcoholismo / drogadicción,Vivienda,Cabecera municipal,Mujer,Hombre,(12 a 17) Adolescencia,Cajicá,Cluster 1
"Intolerancia, machismo",Vivienda,Cabecera municipal,Mujer,Mujer,(29 a 59) Adultez,Soacha,Cluster 1
"Intolerancia, machismo",Vía Pública,Cabecera municipal,Mujer,Hombre,(18 a 28) Juventud,Soacha,Cluster 1
"Intolerancia, machismo",Vivienda,Cabecera municipal,Mujer,Hombre,(29 a 59) Adultez,Soacha,Cluster 1
"Intolerancia, machismo",Vivienda,Cabecera municipal,Mujer,Hombre,(00 a 05) Primera Infancia,Soacha,Cluster 1
"Intolerancia, machismo",Vía Pública,Cabecera municipal,Mujer,Hombre,(29 a 59) Adultez,Soacha,Cluster 1
"Intolerancia, machismo",Vivienda,Cabecera municipal,Mujer,Hombre,(29 a 59) Adultez,Soacha,Cluster 1
"Intolerancia, machismo",Vivienda,Cabecera municipal,Mujer,Hombre,(06 a 11) Infancia,Soacha,Cluster 1
"Intolerancia, machismo",Vivienda,Cabecera municipal,Mujer,Hombre,(12 a 17) Adolescencia,Soacha,Cluster 1
"Intolerancia, machismo",Vivienda,Cabecera municipal,Mujer,Mujer,(12 a 17) Adolescencia,Guaduas,Cluster 1
"Intolerancia, machismo",Vivienda,Cabecera municipal,Mujer,Mujer,(29 a 59) Adultez,Soacha,Cluster 1
Alcoholismo / drogadicción,Vivienda,Cabecera municipal,Mujer,Mujer,(Más de 60) Adulto Mayor,Soacha,Cluster 1
"Intolerancia, machismo",Vivienda,Cabecera municipal,Mujer,Mujer,(29 a 59) Adultez,Soacha,Cluster 1
Alcoholismo / drogadicción,Vivienda,Cabecera municipal,Mujer,Hombre,(29 a 59) Adultez,Soacha,Cluster 1
"Intolerancia, machismo",Vivienda,Cabecera municipal,Mujer,Mujer,(29 a 59) Adultez,Soacha,Cluster 1
"Intolerancia, machismo","Calle (Autopista,Avenida,Dentro de La Ciudad)",Cabecera municipal,Mujer,Mujer,(18 a 28) Juventud,Soacha,Cluster 2
"Intolerancia, machismo",Vivienda,Cabecera municipal,Mujer,Hombre,(Más de 60) Adulto Mayor,Soacha,Cluster 1
"Intolerancia, machismo",Vivienda,"Centro poblado(corregimiento, inspección de policía y caserío)",Mujer,Mujer,(18 a 28) Juventud,Cajicá,Cluster 1
"Intolerancia, machismo",Vivienda,Cabecera municipal,Mujer,Mujer,(06 a 11) Infancia,Soacha,Cluster 1
"Intolerancia, machismo",Vivienda,Cabecera municipal,Mujer,Mujer,(00 a 05) Primera Infancia,Soacha,Cluster 1
"Intolerancia, machismo",Vivienda,Cabecera municipal,Mujer,Hombre,(29 a 59) Adultez,Soacha,Cluster 1
"Intolerancia, machismo",Vivienda,Cabecera municipal,Mujer,Hombre,(18 a 28) Juventud,Soacha,Cluster 1
"Intolerancia, machismo",Vivienda,Cabecera municipal,Mujer,Mujer,(29 a 59) Adultez,Soacha,Cluster 1
"Intolerancia, machismo",Vivienda,Cabecera municipal,Mujer,Hombre,(29 a 59) Adultez,Soacha,Cluster 1
"Intolerancia, machismo",Vivienda,Cabecera municipal,Hombre,Mujer,(06 a 11) Infancia,Soacha,Cluster 1
"Intolerancia, machismo","Calle (Autopista,Avenida,Dentro de La Ciudad)",Cabecera municipal,Hombre,Hombre,(12 a 17) Adolescencia,Girardot,Cluster 2
Alcoholismo / drogadicción,"Calle (Autopista,Avenida,Dentro de La Ciudad)",Cabecera municipal,Hombre,Hombre,(18 a 28) Juventud,Girardot,Cluster 2
Alcoholismo / drogadicción,Vivienda,Cabecera municipal,Hombre,Hombre,(12 a 17) Adolescencia,Soacha,Cluster 1
"Intolerancia, machismo","Calle (Autopista,Avenida,Dentro de La Ciudad)",Cabecera municipal,Mujer,Hombre,(00 a 05) Primera Infancia,Soacha,Cluster 2
"Intolerancia, machismo",Vivienda,Parte rural (vereda y campo),Hombre,Mujer,(29 a 59) Adultez,Guaduas,Cluster 1
"Intolerancia, machismo",Vivienda,Cabecera municipal,Hombre,Hombre,(06 a 11) Infancia,Soacha,Cluster 1
"Intolerancia, machismo",Vivienda,Cabecera municipal,Hombre,Hombre,(18 a 28) Juventud,Soacha,Cluster 1
"Intolerancia, machismo",Vivienda,Cabecera municipal,Hombre,Mujer,(12 a 17) Adolescencia,Soacha,Cluster 1
"Intolerancia, machismo",Vía Pública,Cabecera municipal,Mujer,Mujer,(29 a 59) Adultez,Soacha,Cluster 1
"Intolerancia, machismo",Vivienda,Cabecera municipal,Hombre,Hombre,(29 a 59) Adultez,Soacha,Cluster 1
Alcoholismo / drogadicción,Vía Pública,Cabecera municipal,Hombre,Mujer,(29 a 59) Adultez,Soacha,Cluster 1
Alcoholismo / drogadicción,Vivienda,Cabecera municipal,Mujer,Hombre,(18 a 28) Juventud,Soacha,Cluster 1
"Intolerancia, machismo",Vivienda,Cabecera municipal,Mujer,Hombre,(29 a 59) Adultez,Soacha,Cluster 1
"Intolerancia, machismo","Establecimiento Comercial (Tienda,Centro Comercial,Almacén,Plaza de Mercado)",Cabecera municipal,Mujer,Mujer,(18 a 28) Juventud,Girardot,Cluster 2
Sin información,Vivienda,Cabecera municipal,Mujer,Mujer,(12 a 17) Adolescencia,Soacha,Cluster 1
"Intolerancia, machismo",Vivienda,Cabecera municipal,Mujer,Mujer,(12 a 17) Adolescencia,Soacha,Cluster 1
"Intolerancia, machismo",Vivienda,Cabecera municipal,Mujer,Mujer,(18 a 28) Juventud,Guaduas,Cluster 1
"Intolerancia, machismo",Vivienda,Cabecera municipal,Mujer,Hombre,(29 a 59) Adultez,Soacha,Cluster 1
"Intolerancia, machismo",Vivienda,Cabecera municipal,Mujer,Mujer,(06 a 11) Infancia,Soacha,Cluster 1
Sin información,Centros Educativos,Cabecera municipal,Mujer,Hombre,(12 a 17) Adolescencia,Cajicá,Cluster 2
"Intolerancia, machismo",Vivienda,Cabecera municipal,Mujer,Mujer,(18 a 28) Juventud,Soacha,Cluster 1
"Intolerancia, machismo","Establecimiento Comercial (Tienda,Centro Comercial,Almacén,Plaza de Mercado)",Cabecera municipal,Mujer,Hombre,(18 a 28) Juventud,Soacha,Cluster 2
"Intolerancia, machismo",Vivienda,Cabecera municipal,Mujer,Hombre,(18 a 28) Juventud,Soacha,Cluster 1
"Intolerancia, machismo",Sin Información,Cabecera municipal,Mujer,Hombre,(29 a 59) Adultez,Soacha,Cluster 3
Alcoholismo / drogadicción,Vivienda,Cabecera municipal,Mujer,Mujer,(29 a 59) Adultez,Soacha,Cluster 1
"Intolerancia, machismo",Vivienda,Cabecera municipal,Mujer,Hombre,(12 a 17) Adolescencia,Soacha,Cluster 1
"Intolerancia, machismo",Vía Pública,Cabecera municipal,Hombre,Hombre,(29 a 59) Adultez,Soacha,Cluster 1
"Intolerancia, machismo",Vivienda,Cabecera municipal,Hombre,Hombre,(29 a 59) Adultez,Soacha,Cluster 1
Sin información,"Lugares de Hospedaje (Hoteles,Campamentos Y Otros Tipos de Hospedaje No Permanente,Moteles,Etc)",Cabecera municipal,Mujer,Mujer,(06 a 11) Infancia,Pacho,Cluster 3
"Intolerancia, machismo",Vivienda,Cabecera municipal,Mujer,Hombre,(12 a 17) Adolescencia,Soacha,Cluster 1
"Intolerancia, machismo",Vía Pública,Cabecera municipal,Mujer,Hombre,(06 a 11) Infancia,Soacha,Cluster 1
"Intolerancia, machismo",Vivienda,Cabecera municipal,Hombre,Hombre,(12 a 17) Adolescencia,Soacha,Cluster 1
"Intolerancia, machismo","Lugares de Actividades Culturales (Cines,Teatros,Museos,Bibliotecas,Etc)",Cabecera municipal,Hombre,Hombre,(06 a 11) Infancia,Soacha,Cluster 3
Sin información,Vivienda,Cabecera municipal,Hombre,Hombre,(00 a 05) Primera Infancia,Soacha,Cluster 1
"Intolerancia, machismo",Vivienda,Cabecera municipal,Hombre,Hombre,(18 a 28) Juventud,Soacha,Cluster 1
"Intolerancia, machismo",Vivienda,Cabecera municipal,Mujer,Hombre,(06 a 11) Infancia,Soacha,Cluster 1
"Intolerancia, machismo",Vivienda,Cabecera municipal,Mujer,Hombre,(12 a 17) Adolescencia,Soacha,Cluster 1
"Intolerancia, machismo",Vivienda,Cabecera municipal,Mujer,Hombre,(12 a 17) Adolescencia,Soacha,Cluster 1
Sin información,Vivienda,Cabecera municipal,Mujer,Hombre,(06 a 11) Infancia,Pacho,Cluster 1
"Intolerancia, machismo",Vivienda,Cabecera municipal,Mujer,Mujer,(29 a 59) Adultez,Cajicá,Cluster 1
"Intolerancia, machismo",Vía Pública,Cabecera municipal,Mujer,Hombre,(00 a 05) Primera Infancia,Soacha,Cluster 1
"Intolerancia, machismo",Vivienda,Cabecera municipal,Mujer,Hombre,(29 a 59) Adultez,Girardot,Cluster 1
"Intolerancia, machismo",Vivienda,Cabecera municipal,Mujer,Mujer,(29 a 59) Adultez,Soacha,Cluster 1
"Celos, desconfianza, infidelidad","Calle (Autopista,Avenida,Dentro de La Ciudad)",Cabecera municipal,Mujer,Mujer,(Más de 60) Adulto Mayor,Girardot,Cluster 2
"Intolerancia, machismo",Vivienda,Cabecera municipal,Mujer,Mujer,(29 a 59) Adultez,Soacha,Cluster 1
Alcoholismo / drogadicción,Vivienda,Cabecera municipal,Mujer,Mujer,(29 a 59) Adultez,Soacha,Cluster 1
"Intolerancia, machismo",Vía Pública,Cabecera municipal,Mujer,Hombre,(29 a 59) Adultez,Soacha,Cluster 1
"Intolerancia, machismo",Vivienda,Cabecera municipal,Mujer,Hombre,(29 a 59) Adultez,Soacha,Cluster 1
"Intolerancia, machismo",Vivienda,"Centro poblado(corregimiento, inspección de policía y caserío)",Mujer,Hombre,(29 a 59) Adultez,Cajicá,Cluster 1
"Intolerancia, machismo","Calle (Autopista,Avenida,Dentro de La Ciudad)",Cabecera municipal,Hombre,Hombre,(Más de 60) Adulto Mayor,Girardot,Cluster 2
"Intolerancia, machismo",Vivienda,Cabecera municipal,Hombre,Hombre,(12 a 17) Adolescencia,Soacha,Cluster 1
"Intolerancia, machismo",Vivienda,Cabecera municipal,Hombre,Hombre,(06 a 11) Infancia,Soacha,Cluster 1
"Intolerancia, machismo",Vivienda,Cabecera municipal,Hombre,Hombre,(29 a 59) Adultez,Soacha,Cluster 1
"Intolerancia, machismo",Vía Pública,Cabecera municipal,Hombre,Mujer,(29 a 59) Adultez,Soacha,Cluster 1
"Intolerancia, machismo",Vía Pública,Cabecera municipal,Hombre,Hombre,(29 a 59) Adultez,Soacha,Cluster 1
"Intolerancia, machismo","Calle (Autopista,Avenida,Dentro de La Ciudad)",Cabecera municipal,Hombre,Mujer,(18 a 28) Juventud,Soacha,Cluster 2
"Intolerancia, machismo",Vivienda,Cabecera municipal,Hombre,Hombre,(29 a 59) Adultez,Girardot,Cluster 1
"Intolerancia, machismo",Vivienda,Cabecera municipal,Hombre,Hombre,(06 a 11) Infancia,Soacha,Cluster 1
"Intolerancia, machismo",Vía Pública,Cabecera municipal,Mujer,Hombre,(18 a 28) Juventud,Soacha,Cluster 1
"Intolerancia, machismo",Vivienda,Cabecera municipal,Mujer,Hombre,(18 a 28) Juventud,Soacha,Cluster 1
"Intolerancia, machismo",Vivienda,Cabecera municipal,Mujer,Mujer,(18 a 28) Juventud,Soacha,Cluster 1
"Intolerancia, machismo","Calle (Autopista,Avenida,Dentro de La Ciudad)",Cabecera municipal,Mujer,Hombre,(29 a 59) Adultez,Girardot,Cluster 2
"Intolerancia, machismo",Vivienda,Cabecera municipal,Mujer,Hombre,(06 a 11) Infancia,Soacha,Cluster 1
"Celos, desconfianza, infidelidad",Vivienda,Cabecera municipal,Mujer,Mujer,(18 a 28) Juventud,Girardot,Cluster 1
"Intolerancia, machismo",Vivienda,Cabecera municipal,Mujer,Mujer,(06 a 11) Infancia,Soacha,Cluster 1
"Intolerancia, machismo",Vivienda,Cabecera municipal,Hombre,Hombre,(29 a 59) Adultez,Soacha,Cluster 1
"Intolerancia, machismo",Vía Pública,Cabecera municipal,Hombre,Hombre,(18 a 28) Juventud,Soacha,Cluster 1
Alcoholismo / drogadicción,Vivienda,Cabecera municipal,Mujer,Hombre,(29 a 59) Adultez,Soacha,Cluster 1
"Intolerancia, machismo","Calle (Autopista,Avenida,Dentro de La Ciudad)",Cabecera municipal,Hombre,Hombre,(29 a 59) Adultez,Pacho,Cluster 2
"Intolerancia, machismo",Vivienda,Cabecera municipal,Mujer,Hombre,(29 a 59) Adultez,Soacha,Cluster 1
"Intolerancia, machismo",Vivienda,Cabecera municipal,Mujer,Mujer,(29 a 59) Adultez,Soacha,Cluster 1
Alcoholismo / drogadicción,Vivienda,Cabecera municipal,Hombre,Hombre,(29 a 59) Adultez,Girardot,Cluster 1
"Intolerancia, machismo",Vivienda,Cabecera municipal,Hombre,Hombre,(29 a 59) Adultez,Soacha,Cluster 1
"Intolerancia, machismo",Vivienda,Cabecera municipal,Mujer,Hombre,(Más de 60) Adulto Mayor,Soacha,Cluster 1
"Intolerancia, machismo",Vivienda,Cabecera municipal,Mujer,Hombre,(29 a 59) Adultez,Soacha,Cluster 1
"Intolerancia, machismo",Vivienda,Cabecera municipal,Mujer,Hombre,(Más de 60) Adulto Mayor,Soacha,Cluster 1
"Intolerancia, machismo",Vivienda,Cabecera municipal,Mujer,Hombre,(29 a 59) Adultez,Girardot,Cluster 1
"Intolerancia, machismo",Vivienda,Cabecera municipal,Hombre,Hombre,(18 a 28) Juventud,Soacha,Cluster 1
"Intolerancia, machismo",Centros de Reclusión,Cabecera municipal,Hombre,Hombre,(12 a 17) Adolescencia,Cajicá,Cluster 2
"Intolerancia, machismo",Vía Pública,Cabecera municipal,Hombre,Hombre,(00 a 05) Primera Infancia,Soacha,Cluster 1
"Intolerancia, machismo",Vivienda,Cabecera municipal,Hombre,Hombre,(00 a 05) Primera Infancia,Soacha,Cluster 1
"Intolerancia, machismo",Vivienda,Cabecera municipal,Mujer,Hombre,(18 a 28) Juventud,Soacha,Cluster 1
"Intolerancia, machismo",Vivienda,Cabecera municipal,Mujer,Hombre,(29 a 59) Adultez,Soacha,Cluster 1
"Intolerancia, machismo",Vía Pública,Cabecera municipal,Mujer,Hombre,(29 a 59) Adultez,Soacha,Cluster 1
"Intolerancia, machismo","Calle (Autopista,Avenida,Dentro de La Ciudad)",Cabecera municipal,Mujer,Mujer,(29 a 59) Adultez,Girardot,Cluster 2
"Intolerancia, machismo",Vivienda,Cabecera municipal,Mujer,Hombre,(18 a 28) Juventud,Soacha,Cluster 1
"Intolerancia, machismo",Vivienda,Cabecera municipal,Hombre,Hombre,(18 a 28) Juventud,Soacha,Cluster 1
"Intolerancia, machismo",Vía Pública,Cabecera municipal,Hombre,Hombre,(00 a 05) Primera Infancia,Soacha,Cluster 1
"Intolerancia, machismo",Vivienda,Cabecera municipal,Hombre,Hombre,(00 a 05) Primera Infancia,Soacha,Cluster 1
"Intolerancia, machismo",Vivienda,Cabecera municipal,Mujer,Mujer,(06 a 11) Infancia,Soacha,Cluster 1
"Intolerancia, machismo",Vivienda,Cabecera municipal,Mujer,Mujer,(00 a 05) Primera Infancia,Soacha,Cluster 1
"Intolerancia, machismo",Vía Pública,Cabecera municipal,Mujer,Mujer,(00 a 05) Primera Infancia,Soacha,Cluster 1
"Intolerancia, machismo",Vivienda,"Centro poblado(corregimiento, inspección de policía y caserío)",Mujer,Mujer,(29 a 59) Adultez,Cajicá,Cluster 1
"Intolerancia, machismo",Vía Pública,Cabecera municipal,Hombre,Hombre,(12 a 17) Adolescencia,Soacha,Cluster 1
"Intolerancia, machismo",Vivienda,Cabecera municipal,Hombre,Hombre,(18 a 28) Juventud,Soacha,Cluster 1
"Intolerancia, machismo",Vivienda,Cabecera municipal,Hombre,Hombre,(12 a 17) Adolescencia,Soacha,Cluster 1
"Intolerancia, machismo",Vivienda,Cabecera municipal,Mujer,Mujer,(12 a 17) Adolescencia,Girardot,Cluster 1
"Intolerancia, machismo",Vivienda,Cabecera municipal,Mujer,Hombre,(00 a 05) Primera Infancia,Soacha,Cluster 1
"Intolerancia, machismo",Vivienda,Cabecera municipal,Mujer,Hombre,(00 a 05) Primera Infancia,Soacha,Cluster 1
"Intolerancia, machismo",Vivienda,Cabecera municipal,Mujer,Hombre,(00 a 05) Primera Infancia,Soacha,Cluster 1
Alcoholismo / drogadicción,Vivienda,"Centro poblado(corregimiento, inspección de policía y caserío)",Mujer,Mujer,(06 a 11) Infancia,Pacho,Cluster 1
"Intolerancia, machismo",Vivienda,Cabecera municipal,Mujer,Mujer,(00 a 05) Primera Infancia,Soacha,Cluster 1
"Intolerancia, machismo",Vivienda,Cabecera municipal,Mujer,Hombre,(18 a 28) Juventud,Soacha,Cluster 1
"Intolerancia, machismo",Vivienda,Cabecera municipal,Mujer,Mujer,(18 a 28) Juventud,Soacha,Cluster 1
"Intolerancia, machismo",Vivienda,Cabecera municipal,Hombre,Mujer,(00 a 05) Primera Infancia,Soacha,Cluster 1
"Intolerancia, machismo",Vivienda,Cabecera municipal,Mujer,Mujer,(18 a 28) Juventud,Cajicá,Cluster 1
"Intolerancia, machismo",Vivienda,Cabecera municipal,Mujer,Hombre,(12 a 17) Adolescencia,Soacha,Cluster 1
"Intolerancia, machismo","Calle (Autopista,Avenida,Dentro de La Ciudad)",Cabecera municipal,Mujer,Mujer,(12 a 17) Adolescencia,Girardot,Cluster 2
"Intolerancia, machismo",Vivienda,Cabecera municipal,Mujer,Hombre,(29 a 59) Adultez,Soacha,Cluster 1
"Intolerancia, machismo",Vivienda,Cabecera municipal,Hombre,Hombre,(12 a 17) Adolescencia,Soacha,Cluster 1
"Intolerancia, machismo",Vivienda,Cabecera municipal,Mujer,Hombre,(12 a 17) Adolescencia,Soacha,Cluster 1
Alcoholismo / drogadicción,Vivienda,Cabecera municipal,Mujer,Hombre,(12 a 17) Adolescencia,Soacha,Cluster 1
"Intolerancia, machismo",Vía Pública,Cabecera municipal,Mujer,Hombre,(12 a 17) Adolescencia,Soacha,Cluster 1
"Intolerancia, machismo",Vivienda,Cabecera municipal,Mujer,Hombre,(00 a 05) Primera Infancia,Soacha,Cluster 1
"Intolerancia, machismo",Vivienda,Cabecera municipal,Mujer,Hombre,(12 a 17) Adolescencia,Soacha,Cluster 1
"Intolerancia, machismo",Vivienda,Cabecera municipal,Hombre,Hombre,(06 a 11) Infancia,Soacha,Cluster 1
"Intolerancia, machismo",Vivienda,Cabecera municipal,Hombre,Hombre,(12 a 17) Adolescencia,Soacha,Cluster 1
"Intolerancia, machismo",Vivienda,Cabecera municipal,Mujer,Hombre,(12 a 17) Adolescencia,Soacha,Cluster 1
"Intolerancia, machismo","Calle (Autopista,Avenida,Dentro de La Ciudad)",Cabecera municipal,Mujer,Mujer,(12 a 17) Adolescencia,Girardot,Cluster 2
"Intolerancia, machismo",Vivienda,Cabecera municipal,Mujer,Mujer,(06 a 11) Infancia,Soacha,Cluster 1
Sin información,Vivienda,Cabecera municipal,Mujer,Mujer,(00 a 05) Primera Infancia,Soacha,Cluster 1
"Intolerancia, machismo",Vivienda,Cabecera municipal,Mujer,Hombre,(00 a 05) Primera Infancia,Soacha,Cluster 1
Sin información,Vivienda,Cabecera municipal,Mujer,Mujer,(00 a 05) Primera Infancia,Soacha,Cluster 1
"Intolerancia, machismo",Vivienda,"Centro poblado(corregimiento, inspección de policía y caserío)",Mujer,Hombre,(06 a 11) Infancia,Girardot,Cluster 1
"Intolerancia, machismo",Vivienda,Cabecera municipal,Mujer,Hombre,(12 a 17) Adolescencia,Soacha,Cluster 1
"Intolerancia, machismo",Vivienda,Cabecera municipal,Hombre,Hombre,(06 a 11) Infancia,Soacha,Cluster 1
"Intolerancia, machismo",Vivienda,Cabecera municipal,Mujer,Hombre,(29 a 59) Adultez,Girardot,Cluster 1
"Intolerancia, machismo",Vivienda,Cabecera municipal,Hombre,Hombre,(29 a 59) Adultez,Soacha,Cluster 1
"Intolerancia, machismo",Vivienda,Cabecera municipal,Hombre,Hombre,(29 a 59) Adultez,Soacha,Cluster 1
Sin información,Vivienda,Sin información,Mujer,Mujer,(29 a 59) Adultez,Cajicá,Cluster 1
"Intolerancia, machismo",Vivienda,Cabecera municipal,Mujer,Hombre,(29 a 59) Adultez,Soacha,Cluster 1
"Intolerancia, machismo",Vivienda,Cabecera municipal,Mujer,Hombre,(12 a 17) Adolescencia,Soacha,Cluster 1
Alcoholismo / drogadicción,Vivienda,Cabecera municipal,Mujer,Hombre,(29 a 59) Adultez,Soacha,Cluster 1
"Intolerancia, machismo","Calle (Autopista,Avenida,Dentro de La Ciudad)",Parte rural (vereda y campo),Mujer,Hombre,(18 a 28) Juventud,Cajicá,Cluster 2
"Intolerancia, machismo",Vivienda,Cabecera municipal,Mujer,Hombre,(29 a 59) Adultez,Soacha,Cluster 1
Alcoholismo / drogadicción,Vivienda,Cabecera municipal,Mujer,Hombre,(12 a 17) Adolescencia,Girardot,Cluster 1
Alcoholismo / drogadicción,"Calle (Autopista,Avenida,Dentro de La Ciudad)",Cabecera municipal,Mujer,Hombre,(06 a 11) Infancia,Cajicá,Cluster 2
"Intolerancia, machismo",Vivienda,Cabecera municipal,Hombre,Hombre,(29 a 59) Adultez,Soacha,Cluster 1
"Intolerancia, machismo",Vía Pública,Cabecera municipal,Hombre,Hombre,(18 a 28) Juventud,Soacha,Cluster 1
"Intolerancia, machismo",Vivienda,Sin información,Hombre,Hombre,(12 a 17) Adolescencia,Soacha,Cluster 1
"Intolerancia, machismo",Vía Pública,Cabecera municipal,Hombre,Hombre,(18 a 28) Juventud,Soacha,Cluster 1
"Intolerancia, machismo",Vivienda,Cabecera municipal,Hombre,Hombre,(06 a 11) Infancia,Girardot,Cluster 1
"Intolerancia, machismo",Vivienda,Cabecera municipal,Mujer,Hombre,(12 a 17) Adolescencia,Soacha,Cluster 1
"Intolerancia, machismo",Vivienda,Cabecera municipal,Mujer,Hombre,(18 a 28) Juventud,Soacha,Cluster 1
"Intolerancia, machismo",Vivienda,Cabecera municipal,Mujer,Hombre,(29 a 59) Adultez,Soacha,Cluster 1
"Intolerancia, machismo",Lugares de Esparcimiento con Expendio de Alcohol,Cabecera municipal,Mujer,Mujer,(18 a 28) Juventud,Soacha,Cluster 3
"Intolerancia, machismo",Vivienda,Cabecera municipal,Mujer,Hombre,(29 a 59) Adultez,Soacha,Cluster 1
"Intolerancia, machismo",Vivienda,Cabecera municipal,Hombre,Mujer,(18 a 28) Juventud,Girardot,Cluster 1
"Intolerancia, machismo",Vivienda,Cabecera municipal,Mujer,Hombre,(06 a 11) Infancia,Soacha,Cluster 1
Alcoholismo / drogadicción,"Calle (Autopista,Avenida,Dentro de La Ciudad)",Cabecera municipal,Mujer,Hombre,(12 a 17) Adolescencia,Girardot,Cluster 2
"Intolerancia, machismo",Vivienda,Cabecera municipal,Mujer,Hombre,(12 a 17) Adolescencia,Soacha,Cluster 1
"Intolerancia, machismo",Vivienda,Cabecera municipal,Hombre,Hombre,(29 a 59) Adultez,Soacha,Cluster 1
"Intolerancia, machismo",Vivienda,Cabecera municipal,Mujer,Mujer,(18 a 28) Juventud,Soacha,Cluster 1
"Intolerancia, machismo",Vivienda,Cabecera municipal,Mujer,Mujer,(18 a 28) Juventud,Soacha,Cluster 1
"Intolerancia, machismo",Vivienda,Cabecera municipal,Mujer,Hombre,(29 a 59) Adultez,Soacha,Cluster 1
"Intolerancia, machismo",Vivienda,Cabecera municipal,Hombre,Mujer,(06 a 11) Infancia,Girardot,Cluster 1
"Intolerancia, machismo","Espacios Terrestres al Aire Libre (Bosque,Potrero,Montaña,Playa,Etc)",Cabecera municipal,Hombre,Hombre,(12 a 17) Adolescencia,Cajicá,Cluster 2
Sin información,Vivienda,Cabecera municipal,Mujer,Hombre,(12 a 17) Adolescencia,Soacha,Cluster 1
"Intolerancia, machismo",Vivienda,Cabecera municipal,Hombre,Hombre,(29 a 59) Adultez,Girardot,Cluster 1
"Intolerancia, machismo",Vivienda,Cabecera municipal,Mujer,Hombre,(12 a 17) Adolescencia,Soacha,Cluster 1
Sin información,"Calle (Autopista,Avenida,Dentro de La Ciudad)",Cabecera municipal,Mujer,Mujer,(12 a 17) Adolescencia,Soacha,Cluster 2
Alcoholismo / drogadicción,Vivienda,Cabecera municipal,Mujer,Hombre,(29 a 59) Adultez,Soacha,Cluster 1
"Intolerancia, machismo",Vivienda,Cabecera municipal,Mujer,Mujer,(18 a 28) Juventud,Soacha,Cluster 1
"Intolerancia, machismo",Vivienda,Cabecera municipal,Mujer,Hombre,(12 a 17) Adolescencia,Soacha,Cluster 1
"Intolerancia, machismo",Vivienda,Sin información,Mujer,Hombre,(12 a 17) Adolescencia,Soacha,Cluster 1
"Intolerancia, machismo",Vivienda,Cabecera municipal,Mujer,Mujer,(18 a 28) Juventud,Soacha,Cluster 1
"Intolerancia, machismo",Vía Pública,Cabecera municipal,Mujer,Mujer,(18 a 28) Juventud,Soacha,Cluster 1
"Intolerancia, machismo",Vivienda,Cabecera municipal,Mujer,Hombre,(18 a 28) Juventud,Soacha,Cluster 1
Alcoholismo / drogadicción,Vía Pública,Cabecera municipal,Mujer,Hombre,(18 a 28) Juventud,Soacha,Cluster 1
"Intolerancia, machismo",Vivienda,Cabecera municipal,Mujer,Hombre,(12 a 17) Adolescencia,Soacha,Cluster 1
"Intolerancia, machismo",Vivienda,Cabecera municipal,Hombre,Hombre,(00 a 05) Primera Infancia,Soacha,Cluster 1
"Intolerancia, machismo",Vivienda,Cabecera municipal,Mujer,Hombre,(12 a 17) Adolescencia,Soacha,Cluster 1
"Intolerancia, machismo",Vivienda,Cabecera municipal,Mujer,Mujer,(12 a 17) Adolescencia,Girardot,Cluster 1
"Intolerancia, machismo","Calle (Autopista,Avenida,Dentro de La Ciudad)",Cabecera municipal,Mujer,Hombre,(29 a 59) Adultez,Guaduas,Cluster 2
"Intolerancia, machismo","Calle (Autopista,Avenida,Dentro de La Ciudad)",Cabecera municipal,Mujer,Hombre,(18 a 28) Juventud,Guaduas,Cluster 2
Abandono,Áreas Deportivas y/o Recreativas,Parte rural (vereda y campo),Mujer,Hombre,(18 a 28) Juventud,Pacho,Cluster 1
Alcoholismo / drogadicción,Vivienda,Parte rural (vereda y campo),Hombre,Hombre,(Más de 60) Adulto Mayor,Pacho,Cluster 1
"Intolerancia, machismo",Vía Pública,Cabecera municipal,Mujer,Hombre,(29 a 59) Adultez,Soacha,Cluster 1
"Intolerancia, machismo",Vivienda,Cabecera municipal,Mujer,Hombre,(06 a 11) Infancia,Soacha,Cluster 1
"Intolerancia, machismo",Vivienda,Cabecera municipal,Mujer,Mujer,(00 a 05) Primera Infancia,Soacha,Cluster 1
"Intolerancia, machismo","Calle (Autopista,Avenida,Dentro de La Ciudad)",Cabecera municipal,Hombre,Hombre,(29 a 59) Adultez,Girardot,Cluster 2
"Intolerancia, machismo","Lugares de Hospedaje (Hoteles,Campamentos Y Otros Tipos de Hospedaje No Permanente,Moteles,Etc)",Cabecera municipal,Mujer,Mujer,(12 a 17) Adolescencia,Girardot,Cluster 3
Alcoholismo / drogadicción,Vivienda,Cabecera municipal,Mujer,Hombre,(12 a 17) Adolescencia,Soacha,Cluster 1
"Intolerancia, machismo",Vivienda,Cabecera municipal,Hombre,Hombre,(00 a 05) Primera Infancia,Soacha,Cluster 1
"Intolerancia, machismo",Vivienda,Cabecera municipal,Mujer,Mujer,(29 a 59) Adultez,Soacha,Cluster 1
"Intolerancia, machismo",Vivienda,Cabecera municipal,Hombre,Hombre,(00 a 05) Primera Infancia,Soacha,Cluster 1
"Intolerancia, machismo",Vivienda,Cabecera municipal,Hombre,Hombre,(18 a 28) Juventud,Soacha,Cluster 1
"Intolerancia, machismo",Vivienda,Cabecera municipal,Mujer,Hombre,(18 a 28) Juventud,Soacha,Cluster 1
"Intolerancia, machismo",Vivienda,Cabecera municipal,Mujer,Hombre,(29 a 59) Adultez,Soacha,Cluster 1
"Intolerancia, machismo",Vivienda,Cabecera municipal,Mujer,Mujer,(29 a 59) Adultez,Soacha,Cluster 1
"Intolerancia, machismo",Vivienda,Parte rural (vereda y campo),Mujer,Hombre,(18 a 28) Juventud,Pacho,Cluster 1
Alcoholismo / drogadicción,Vivienda,Cabecera municipal,Mujer,Hombre,(12 a 17) Adolescencia,Cajicá,Cluster 1
"Intolerancia, machismo",Vivienda,Cabecera municipal,Hombre,Hombre,(06 a 11) Infancia,Soacha,Cluster 1
"Intolerancia, machismo",Vivienda,Cabecera municipal,Hombre,Hombre,(18 a 28) Juventud,Girardot,Cluster 1
"Intolerancia, machismo",Vivienda,Cabecera municipal,Mujer,Hombre,(18 a 28) Juventud,Girardot,Cluster 1
Alcoholismo / drogadicción,Vivienda,Cabecera municipal,Hombre,Hombre,(18 a 28) Juventud,Girardot,Cluster 1
Alcoholismo / drogadicción,Vivienda,Cabecera municipal,Hombre,Hombre,(29 a 59) Adultez,Girardot,Cluster 1
Alcoholismo / drogadicción,Vivienda,Cabecera municipal,Mujer,Hombre,(06 a 11) Infancia,Girardot,Cluster 1
"Intolerancia, machismo",Vía Pública,Cabecera municipal,Mujer,Hombre,(18 a 28) Juventud,Soacha,Cluster 1
"Intolerancia, machismo",Vía Pública,Cabecera municipal,Mujer,Hombre,(18 a 28) Juventud,Soacha,Cluster 1
"Intolerancia, machismo","Establecimiento Comercial (Tienda,Centro Comercial,Almacén,Plaza de Mercado)",Cabecera municipal,Mujer,Mujer,(18 a 28) Juventud,Soacha,Cluster 2
"Intolerancia, machismo",Vivienda,Cabecera municipal,Hombre,Hombre,(12 a 17) Adolescencia,Soacha,Cluster 1
"Intolerancia, machismo",Vivienda,Cabecera municipal,Hombre,Mujer,(06 a 11) Infancia,Soacha,Cluster 1
"Intolerancia, machismo",Vivienda,Cabecera municipal,Mujer,Hombre,(18 a 28) Juventud,Soacha,Cluster 1
"Intolerancia, machismo",Vivienda,Cabecera municipal,Mujer,Mujer,(Más de 60) Adulto Mayor,Soacha,Cluster 1
"Intolerancia, machismo",Vía Pública,Cabecera municipal,Hombre,Hombre,(18 a 28) Juventud,Soacha,Cluster 1
"Intolerancia, machismo",Vivienda,Cabecera municipal,Mujer,Hombre,(12 a 17) Adolescencia,Soacha,Cluster 1
"Intolerancia, machismo",Vivienda,Cabecera municipal,Mujer,Mujer,(12 a 17) Adolescencia,Soacha,Cluster 1
"Intolerancia, machismo",Vivienda,Cabecera municipal,Hombre,Hombre,(06 a 11) Infancia,Soacha,Cluster 1
"Intolerancia, machismo",Vía Pública,Cabecera municipal,Mujer,Hombre,(29 a 59) Adultez,Soacha,Cluster 1
"Intolerancia, machismo",Vivienda,Cabecera municipal,Hombre,Mujer,(29 a 59) Adultez,Soacha,Cluster 1
"Intolerancia, machismo",Vivienda,Cabecera municipal,Hombre,Hombre,(Más de 60) Adulto Mayor,Soacha,Cluster 1
"Intolerancia, machismo",Vivienda,Cabecera municipal,Hombre,Hombre,(29 a 59) Adultez,Soacha,Cluster 1
"Intolerancia, machismo",Vivienda,Cabecera municipal,Hombre,Hombre,(Más de 60) Adulto Mayor,Soacha,Cluster 1
"Intolerancia, machismo",Vivienda,Cabecera municipal,Mujer,Mujer,(18 a 28) Juventud,Soacha,Cluster 1
"Intolerancia, machismo","Calle (Autopista,Avenida,Dentro de La Ciudad)",Cabecera municipal,Mujer,Hombre,(29 a 59) Adultez,Soacha,Cluster 2
"Intolerancia, machismo",Vivienda,Cabecera municipal,Mujer,Hombre,(29 a 59) Adultez,Soacha,Cluster 1
Sin información,Vivienda,Cabecera municipal,Hombre,Mujer,(18 a 28) Juventud,Soacha,Cluster 1
"Intolerancia, machismo",Vivienda,Parte rural (vereda y campo),Mujer,Hombre,(29 a 59) Adultez,Guaduas,Cluster 1
"Intolerancia, machismo",Vivienda,Cabecera municipal,Mujer,Mujer,(12 a 17) Adolescencia,Soacha,Cluster 1
"Intolerancia, machismo",Vivienda,Cabecera municipal,Hombre,Hombre,(18 a 28) Juventud,Girardot,Cluster 1
"Intolerancia, machismo",Vía Pública,Cabecera municipal,Mujer,Mujer,(18 a 28) Juventud,Soacha,Cluster 1
"Intolerancia, machismo",Vivienda,Cabecera municipal,Hombre,Hombre,(29 a 59) Adultez,Soacha,Cluster 1
"Intolerancia, machismo","Establecimiento Comercial (Tienda,Centro Comercial,Almacén,Plaza de Mercado)",Cabecera municipal,Mujer,Mujer,(18 a 28) Juventud,Soacha,Cluster 2
"Intolerancia, machismo",Vivienda,Cabecera municipal,Mujer,Mujer,(12 a 17) Adolescencia,Soacha,Cluster 1
Alcoholismo / drogadicción,Vivienda,Cabecera municipal,Mujer,Hombre,(29 a 59) Adultez,Soacha,Cluster 1
"Intolerancia, machismo",Vivienda,Cabecera municipal,Mujer,Hombre,(29 a 59) Adultez,Soacha,Cluster 1
"Intolerancia, machismo",Vivienda,Cabecera municipal,Hombre,Hombre,(Más de 60) Adulto Mayor,Soacha,Cluster 1
"Intolerancia, machismo",Vivienda,Cabecera municipal,Mujer,Mujer,(18 a 28) Juventud,Soacha,Cluster 1
Sin información,Vivienda,Cabecera municipal,Mujer,Hombre,(12 a 17) Adolescencia,Soacha,Cluster 1
"Intolerancia, machismo",Vivienda,Cabecera municipal,Hombre,Hombre,(29 a 59) Adultez,Soacha,Cluster 1
"Intolerancia, machismo",Vivienda,Cabecera municipal,Hombre,Mujer,(29 a 59) Adultez,Soacha,Cluster 1
"Intolerancia, machismo",Vía Pública,Cabecera municipal,Hombre,Hombre,(29 a 59) Adultez,Soacha,Cluster 1
"Intolerancia, machismo",Vía Pública,Cabecera municipal,Mujer,Mujer,(29 a 59) Adultez,Soacha,Cluster 1
"Intolerancia, machismo",Vivienda,Cabecera municipal,Hombre,Hombre,(12 a 17) Adolescencia,Soacha,Cluster 1
Alcoholismo / drogadicción,Vivienda,Cabecera municipal,Hombre,Hombre,(06 a 11) Infancia,Soacha,Cluster 1
Sin información,Vivienda,Cabecera municipal,Hombre,Hombre,(06 a 11) Infancia,Soacha,Cluster 1
"Intolerancia, machismo",Vivienda,Cabecera municipal,Mujer,Hombre,(12 a 17) Adolescencia,Soacha,Cluster 1
Alcoholismo / drogadicción,Vivienda,Cabecera municipal,Mujer,Hombre,(12 a 17) Adolescencia,Soacha,Cluster 1
"Intolerancia, machismo",Vivienda,Cabecera municipal,Mujer,Hombre,(12 a 17) Adolescencia,Soacha,Cluster 1
"Intolerancia, machismo",Vía Pública,Cabecera municipal,Mujer,Mujer,(29 a 59) Adultez,Soacha,Cluster 1
"Intolerancia, machismo",Vivienda,Cabecera municipal,Mujer,Hombre,(06 a 11) Infancia,Soacha,Cluster 1
"Intolerancia, machismo",Vía Pública,Cabecera municipal,Mujer,Hombre,(18 a 28) Juventud,Soacha,Cluster 1
"Intolerancia, machismo",Vivienda,Cabecera municipal,Hombre,Hombre,(00 a 05) Primera Infancia,Soacha,Cluster 1
"Intolerancia, machismo",Vivienda,Cabecera municipal,Mujer,Mujer,(12 a 17) Adolescencia,Soacha,Cluster 1
"Intolerancia, machismo",Vivienda,Cabecera municipal,Hombre,Hombre,(29 a 59) Adultez,Soacha,Cluster 1
"Intolerancia, machismo",Vía Pública,Cabecera municipal,Mujer,Mujer,(29 a 59) Adultez,Soacha,Cluster 1
"Intolerancia, machismo",Sin Información,Cabecera municipal,Mujer,Hombre,(06 a 11) Infancia,Soacha,Cluster 3
"Intolerancia, machismo",Vía Pública,Cabecera municipal,Mujer,Hombre,(29 a 59) Adultez,Soacha,Cluster 1
"Intolerancia, machismo",Vivienda,Cabecera municipal,Hombre,Hombre,(06 a 11) Infancia,Soacha,Cluster 1
"Intolerancia, machismo",Vía Pública,Cabecera municipal,Hombre,Mujer,(29 a 59) Adultez,Soacha,Cluster 1
"Intolerancia, machismo","Calle (Autopista,Avenida,Dentro de La Ciudad)",Cabecera municipal,Hombre,Hombre,(18 a 28) Juventud,Soacha,Cluster 2
"Intolerancia, machismo",Vivienda,Cabecera municipal,Mujer,Mujer,(29 a 59) Adultez,Soacha,Cluster 1
Sin información,Sin Información,Cabecera municipal,Mujer,Hombre,(12 a 17) Adolescencia,Guaduas,Cluster 3
"Intolerancia, machismo",Vivienda,"Centro poblado(corregimiento, inspección de policía y caserío)",Mujer,Mujer,(29 a 59) Adultez,Cajicá,Cluster 1
Sin información,Vivienda,"Centro poblado(corregimiento, inspección de policía y caserío)",Mujer,Hombre,(29 a 59) Adultez,Cajicá,Cluster 1
Sin información,Vivienda,Parte rural (vereda y campo),Mujer,Mujer,(29 a 59) Adultez,Cajicá,Cluster 1
Sin información,Vivienda,Parte rural (vereda y campo),Hombre,Hombre,(29 a 59) Adultez,Cajicá,Cluster 1
"Intolerancia, machismo",Vivienda,Cabecera municipal,Hombre,Hombre,(06 a 11) Infancia,Soacha,Cluster 1
Alcoholismo / drogadicción,Vivienda,Cabecera municipal,Mujer,Hombre,(29 a 59) Adultez,Girardot,Cluster 1
"Celos, desconfianza, infidelidad",Vivienda,Cabecera municipal,Mujer,Mujer,(29 a 59) Adultez,Girardot,Cluster 1
"Intolerancia, machismo",Vivienda,Cabecera municipal,Hombre,Hombre,(06 a 11) Infancia,Girardot,Cluster 1
"Intolerancia, machismo",Vivienda,Cabecera municipal,Hombre,Hombre,(12 a 17) Adolescencia,Girardot,Cluster 1
"Intolerancia, machismo",Vivienda,Cabecera municipal,Hombre,Hombre,(06 a 11) Infancia,Soacha,Cluster 1
"Intolerancia, machismo",Vivienda,Cabecera municipal,Mujer,Mujer,(29 a 59) Adultez,Soacha,Cluster 1
"Intolerancia, machismo",Vivienda,Cabecera municipal,Hombre,Hombre,(06 a 11) Infancia,Soacha,Cluster 1
"Intolerancia, machismo",Vivienda,Cabecera municipal,Hombre,Mujer,(00 a 05) Primera Infancia,Soacha,Cluster 1
Alcoholismo / drogadicción,Vivienda,Cabecera municipal,Hombre,Hombre,(Más de 60) Adulto Mayor,Soacha,Cluster 1
"Intolerancia, machismo",Vivienda,Cabecera municipal,Hombre,Hombre,(29 a 59) Adultez,Soacha,Cluster 1
"Intolerancia, machismo",Vivienda,Cabecera municipal,Mujer,Mujer,(06 a 11) Infancia,Soacha,Cluster 1
"Intolerancia, machismo",Vivienda,Cabecera municipal,Hombre,Hombre,(18 a 28) Juventud,Soacha,Cluster 1
"Intolerancia, machismo",Vivienda,Cabecera municipal,Hombre,Hombre,(Más de 60) Adulto Mayor,Soacha,Cluster 1
"Intolerancia, machismo",Vivienda,Cabecera municipal,Mujer,Hombre,(29 a 59) Adultez,Soacha,Cluster 1
"Intolerancia, machismo",Vivienda,Cabecera municipal,Mujer,Hombre,(29 a 59) Adultez,Soacha,Cluster 1
"Intolerancia, machismo",Sin Información,Cabecera municipal,Hombre,Hombre,(29 a 59) Adultez,Soacha,Cluster 3
"Intolerancia, machismo",Vivienda,Cabecera municipal,Hombre,Hombre,(12 a 17) Adolescencia,Soacha,Cluster 1
Alcoholismo / drogadicción,"Calle (Autopista,Avenida,Dentro de La Ciudad)",Cabecera municipal,Hombre,Hombre,(18 a 28) Juventud,Soacha,Cluster 2
"Intolerancia, machismo",Vivienda,Cabecera municipal,Hombre,Hombre,(29 a 59) Adultez,Soacha,Cluster 1
"Intolerancia, machismo",Vivienda,Cabecera municipal,Hombre,Mujer,(06 a 11) Infancia,Soacha,Cluster 1
"Intolerancia, machismo",Vivienda,Cabecera municipal,Mujer,Mujer,(18 a 28) Juventud,Soacha,Cluster 1
"Intolerancia, machismo",Vivienda,Cabecera municipal,Mujer,Hombre,(00 a 05) Primera Infancia,Soacha,Cluster 1
"Intolerancia, machismo",Vivienda,Cabecera municipal,Mujer,Hombre,(12 a 17) Adolescencia,Soacha,Cluster 1
"Intolerancia, machismo","Calle (Autopista,Avenida,Dentro de La Ciudad)",Cabecera municipal,Mujer,Hombre,(29 a 59) Adultez,Soacha,Cluster 2
"Intolerancia, machismo","Lugares de Cuidado de Personas (Hospicios,Orfelinatos,Hogares Geriatricos,Etc)",Cabecera municipal,Mujer,Mujer,(29 a 59) Adultez,Cajicá,Cluster 3
"Intolerancia, machismo",Vivienda,Cabecera municipal,Mujer,Mujer,(12 a 17) Adolescencia,Cajicá,Cluster 1
"Intolerancia, machismo","Calle (Autopista,Avenida,Dentro de La Ciudad)",Cabecera municipal,Hombre,Hombre,(Más de 60) Adulto Mayor,Cajicá,Cluster 2
"Intolerancia, machismo",Vivienda,"Centro poblado(corregimiento, inspección de policía y caserío)",Mujer,Hombre,(12 a 17) Adolescencia,Cajicá,Cluster 1
"Intolerancia, machismo",Vivienda,Cabecera municipal,Mujer,Hombre,(18 a 28) Juventud,Girardot,Cluster 1
"Intolerancia, machismo",Vivienda,Cabecera municipal,Mujer,Hombre,(18 a 28) Juventud,Girardot,Cluster 1
"Intolerancia, machismo",Vivienda,Cabecera municipal,Hombre,Mujer,(06 a 11) Infancia,Girardot,Cluster 1
"Intolerancia, machismo",Vivienda,Cabecera municipal,Mujer,Hombre,(18 a 28) Juventud,Soacha,Cluster 1
"Intolerancia, machismo",Vivienda,Cabecera municipal,Mujer,Hombre,(18 a 28) Juventud,Soacha,Cluster 1
"Intolerancia, machismo",Vivienda,Cabecera municipal,Hombre,Hombre,(06 a 11) Infancia,Soacha,Cluster 1
"Intolerancia, machismo",Vivienda,Cabecera municipal,Mujer,Hombre,(29 a 59) Adultez,Soacha,Cluster 1
"Intolerancia, machismo",Vivienda,Cabecera municipal,Mujer,Mujer,(18 a 28) Juventud,Soacha,Cluster 1
"Intolerancia, machismo",Vivienda,Cabecera municipal,Mujer,Mujer,(29 a 59) Adultez,Soacha,Cluster 1
"Intolerancia, machismo",Vivienda,Cabecera municipal,Mujer,Mujer,(29 a 59) Adultez,Soacha,Cluster 1
"Intolerancia, machismo",Vivienda,Cabecera municipal,Mujer,Hombre,(12 a 17) Adolescencia,Soacha,Cluster 1
"Intolerancia, machismo",Vivienda,Cabecera municipal,Mujer,Hombre,(12 a 17) Adolescencia,Soacha,Cluster 1
"Intolerancia, machismo",Vivienda,Cabecera municipal,Mujer,Mujer,(29 a 59) Adultez,Soacha,Cluster 1
"Intolerancia, machismo",Vivienda,Cabecera municipal,Mujer,Mujer,(12 a 17) Adolescencia,Soacha,Cluster 1
"Intolerancia, machismo",Vivienda,Cabecera municipal,Mujer,Mujer,(06 a 11) Infancia,Soacha,Cluster 1
"Intolerancia, machismo",Vivienda,Cabecera municipal,Hombre,Mujer,(00 a 05) Primera Infancia,Soacha,Cluster 1
"Intolerancia, machismo",Vivienda,Cabecera municipal,Mujer,Hombre,(29 a 59) Adultez,Soacha,Cluster 1
"Intolerancia, machismo",Vivienda,Cabecera municipal,Hombre,Hombre,(00 a 05) Primera Infancia,Soacha,Cluster 1
"Intolerancia, machismo",Vivienda,Cabecera municipal,Hombre,Hombre,(12 a 17) Adolescencia,Soacha,Cluster 1
"Intolerancia, machismo",Vivienda,Cabecera municipal,Mujer,Hombre,(29 a 59) Adultez,Soacha,Cluster 1
"Intolerancia, machismo",Vivienda,Cabecera municipal,Hombre,Hombre,(00 a 05) Primera Infancia,Soacha,Cluster 1
"Intolerancia, machismo",Vivienda,Cabecera municipal,Hombre,Hombre,(29 a 59) Adultez,Soacha,Cluster 1
"Intolerancia, machismo",Vivienda,Cabecera municipal,Mujer,Mujer,(18 a 28) Juventud,Soacha,Cluster 1
"Intolerancia, machismo",Centros Educativos,Cabecera municipal,Mujer,Mujer,(12 a 17) Adolescencia,Soacha,Cluster 2
"Intolerancia, machismo",Vivienda,Cabecera municipal,Mujer,Hombre,(18 a 28) Juventud,Soacha,Cluster 1
"Intolerancia, machismo",Vivienda,Cabecera municipal,Hombre,Hombre,(00 a 05) Primera Infancia,Soacha,Cluster 1
"Intolerancia, machismo",Vivienda,Cabecera municipal,Hombre,Hombre,(12 a 17) Adolescencia,Soacha,Cluster 1
"Intolerancia, machismo",Vivienda,Cabecera municipal,Mujer,Hombre,(29 a 59) Adultez,Soacha,Cluster 1
"Intolerancia, machismo",Vivienda,Cabecera municipal,Mujer,Hombre,(18 a 28) Juventud,Soacha,Cluster 1
"Intolerancia, machismo",Vivienda,Cabecera municipal,Mujer,Hombre,(12 a 17) Adolescencia,Soacha,Cluster 1
Alcoholismo / drogadicción,Vivienda,Cabecera municipal,Hombre,Hombre,(06 a 11) Infancia,Soacha,Cluster 1
"Intolerancia, machismo",Vivienda,Cabecera municipal,Mujer,Hombre,(12 a 17) Adolescencia,Soacha,Cluster 1
"Intolerancia, machismo",Vivienda,Cabecera municipal,Mujer,Hombre,(18 a 28) Juventud,Soacha,Cluster 1
"Intolerancia, machismo",Vivienda,Cabecera municipal,Hombre,Hombre,(29 a 59) Adultez,Soacha,Cluster 1
"Intolerancia, machismo",Vía Pública,Cabecera municipal,Mujer,Hombre,(29 a 59) Adultez,Soacha,Cluster 1
"Intolerancia, machismo",Vivienda,Cabecera municipal,Mujer,Hombre,(29 a 59) Adultez,Soacha,Cluster 1
"Intolerancia, machismo",Vivienda,Cabecera municipal,Mujer,Hombre,(12 a 17) Adolescencia,Soacha,Cluster 1
"Intolerancia, machismo",Vivienda,Cabecera municipal,Mujer,Mujer,(12 a 17) Adolescencia,Soacha,Cluster 1
Sin información,Vivienda,Cabecera municipal,Mujer,Hombre,(12 a 17) Adolescencia,Soacha,Cluster 1
"Intolerancia, machismo",Vivienda,Cabecera municipal,Hombre,Hombre,(29 a 59) Adultez,Soacha,Cluster 1
Abandono,"Establecimiento Comercial (Tienda,Centro Comercial,Almacén,Plaza de Mercado)",Cabecera municipal,Mujer,Hombre,(29 a 59) Adultez,Guaduas,Cluster 2
"Intolerancia, machismo",Vivienda,"Centro poblado(corregimiento, inspección de policía y caserío)",Hombre,Hombre,(29 a 59) Adultez,Cajicá,Cluster 1
Alcoholismo / drogadicción,Vivienda,Parte rural (vereda y campo),Hombre,Hombre,(12 a 17) Adolescencia,Cajicá,Cluster 1
"Intolerancia, machismo",Vivienda,Sin información,Mujer,Mujer,(29 a 59) Adultez,Cajicá,Cluster 1
"Intolerancia, machismo",Vivienda,Cabecera municipal,Hombre,Hombre,(29 a 59) Adultez,Girardot,Cluster 1
"Intolerancia, machismo",Vivienda,Cabecera municipal,Hombre,Hombre,(Más de 60) Adulto Mayor,Girardot,Cluster 1
"Intolerancia, machismo",Vivienda,Cabecera municipal,Hombre,Hombre,(Más de 60) Adulto Mayor,Girardot,Cluster 1
"Intolerancia, machismo",Vivienda,Cabecera municipal,Mujer,Mujer,(Más de 60) Adulto Mayor,Girardot,Cluster 1
"Intolerancia, machismo",Vivienda,Cabecera municipal,Mujer,Hombre,(18 a 28) Juventud,Soacha,Cluster 1
"Intolerancia, machismo",Vía Pública,Cabecera municipal,Mujer,Hombre,(18 a 28) Juventud,Soacha,Cluster 1
"Intolerancia, machismo",Vivienda,Cabecera municipal,Mujer,Hombre,(06 a 11) Infancia,Soacha,Cluster 1
"Intolerancia, machismo",Vivienda,Cabecera municipal,Hombre,Hombre,(12 a 17) Adolescencia,Soacha,Cluster 1
"Intolerancia, machismo",Vivienda,Cabecera municipal,Mujer,Mujer,(29 a 59) Adultez,Soacha,Cluster 1
"Intolerancia, machismo",Vivienda,Cabecera municipal,Mujer,Hombre,(18 a 28) Juventud,Soacha,Cluster 1
"Intolerancia, machismo",Vivienda,Cabecera municipal,Mujer,Hombre,(29 a 59) Adultez,Soacha,Cluster 1
"Intolerancia, machismo",Vivienda,Cabecera municipal,Mujer,Hombre,(18 a 28) Juventud,Soacha,Cluster 1
"Intolerancia, machismo",Vivienda,Cabecera municipal,Mujer,Mujer,(18 a 28) Juventud,Soacha,Cluster 1
"Intolerancia, machismo","Calle (Autopista,Avenida,Dentro de La Ciudad)",Cabecera municipal,Mujer,Mujer,(18 a 28) Juventud,Soacha,Cluster 2
"Intolerancia, machismo",Sin Información,Cabecera municipal,Mujer,Mujer,(18 a 28) Juventud,Soacha,Cluster 3
"Intolerancia, machismo",Vivienda,Cabecera municipal,Hombre,Hombre,(18 a 28) Juventud,Soacha,Cluster 1
"Intolerancia, machismo",Vivienda,Cabecera municipal,Hombre,Hombre,(12 a 17) Adolescencia,Soacha,Cluster 1
"Intolerancia, machismo",Vivienda,Cabecera municipal,Hombre,Hombre,(00 a 05) Primera Infancia,Soacha,Cluster 1
"Intolerancia, machismo",Vivienda,Cabecera municipal,Mujer,Hombre,(00 a 05) Primera Infancia,Soacha,Cluster 1
"Intolerancia, machismo",Vivienda,Cabecera municipal,Mujer,Mujer,(06 a 11) Infancia,Soacha,Cluster 1
"Intolerancia, machismo",Vivienda,Cabecera municipal,Hombre,Hombre,(06 a 11) Infancia,Soacha,Cluster 1
"Intolerancia, machismo",Vivienda,Cabecera municipal,Mujer,Mujer,(18 a 28) Juventud,Soacha,Cluster 1
"Intolerancia, machismo",Vivienda,Cabecera municipal,Hombre,Hombre,(29 a 59) Adultez,Soacha,Cluster 1
"Intolerancia, machismo",Vivienda,Cabecera municipal,Mujer,Hombre,(18 a 28) Juventud,Soacha,Cluster 1
"Intolerancia, machismo",Vivienda,Cabecera municipal,Hombre,Hombre,(18 a 28) Juventud,Soacha,Cluster 1
"Intolerancia, machismo",Vivienda,Cabecera municipal,Mujer,Hombre,(12 a 17) Adolescencia,Soacha,Cluster 1
"Intolerancia, machismo",Vivienda,Cabecera municipal,Hombre,Hombre,(00 a 05) Primera Infancia,Soacha,Cluster 1
"Celos, desconfianza, infidelidad",Vivienda,Cabecera municipal,Hombre,Mujer,(Más de 60) Adulto Mayor,Soacha,Cluster 1
"Intolerancia, machismo",Vivienda,Cabecera municipal,Mujer,Hombre,(06 a 11) Infancia,Soacha,Cluster 1
"Intolerancia, machismo",Vivienda,Cabecera municipal,Mujer,Hombre,(18 a 28) Juventud,Soacha,Cluster 1
"Intolerancia, machismo",Vivienda,Cabecera municipal,Mujer,Mujer,(12 a 17) Adolescencia,Soacha,Cluster 1
"Intolerancia, machismo",Vivienda,Cabecera municipal,Hombre,Hombre,(29 a 59) Adultez,Soacha,Cluster 1
"Intolerancia, machismo",Vivienda,Cabecera municipal,Mujer,Hombre,(00 a 05) Primera Infancia,Soacha,Cluster 1
"Intolerancia, machismo",Vivienda,Cabecera municipal,Mujer,Hombre,(29 a 59) Adultez,Soacha,Cluster 1
Sin información,Vivienda,Cabecera municipal,Hombre,Hombre,(29 a 59) Adultez,Guaduas,Cluster 1
"Intolerancia, machismo",Vivienda,"Centro poblado(corregimiento, inspección de policía y caserío)",Hombre,Hombre,(29 a 59) Adultez,Cajicá,Cluster 1
"Intolerancia, machismo",Vivienda,Cabecera municipal,Mujer,Mujer,(18 a 28) Juventud,Soacha,Cluster 1
"Intolerancia, machismo",Vivienda,Cabecera municipal,Mujer,Mujer,(29 a 59) Adultez,Girardot,Cluster 1
Alcoholismo / drogadicción,Vivienda,Cabecera municipal,Mujer,Hombre,(12 a 17) Adolescencia,Girardot,Cluster 1
"Intolerancia, machismo","Calle (Autopista,Avenida,Dentro de La Ciudad)",Cabecera municipal,Mujer,Hombre,(29 a 59) Adultez,Soacha,Cluster 2
"Intolerancia, machismo",Vivienda,Cabecera municipal,Mujer,Mujer,(29 a 59) Adultez,Soacha,Cluster 1
"Intolerancia, machismo",Vivienda,Cabecera municipal,Hombre,Hombre,(29 a 59) Adultez,Soacha,Cluster 1
Alcoholismo / drogadicción,Vivienda,Cabecera municipal,Mujer,Hombre,(18 a 28) Juventud,Soacha,Cluster 1
"Intolerancia, machismo",Vivienda,Cabecera municipal,Mujer,Hombre,(06 a 11) Infancia,Soacha,Cluster 1
"Intolerancia, machismo",Vivienda,Cabecera municipal,Mujer,Hombre,(29 a 59) Adultez,Soacha,Cluster 1
Alcoholismo / drogadicción,Vivienda,Cabecera municipal,Mujer,Hombre,(12 a 17) Adolescencia,Soacha,Cluster 1
"Intolerancia, machismo",Vivienda,Cabecera municipal,Mujer,Hombre,(12 a 17) Adolescencia,Soacha,Cluster 1
"Intolerancia, machismo",Vivienda,Cabecera municipal,Mujer,Hombre,(29 a 59) Adultez,Soacha,Cluster 1
"Intolerancia, machismo",Vivienda,Cabecera municipal,Hombre,Hombre,(06 a 11) Infancia,Soacha,Cluster 1
"Intolerancia, machismo",Vivienda,Cabecera municipal,Mujer,Mujer,(00 a 05) Primera Infancia,Soacha,Cluster 1
"Intolerancia, machismo",Vivienda,Cabecera municipal,Mujer,Hombre,(12 a 17) Adolescencia,Soacha,Cluster 1
"Intolerancia, machismo",Vivienda,Cabecera municipal,Hombre,Hombre,(06 a 11) Infancia,Soacha,Cluster 1
"Intolerancia, machismo",Vivienda,Cabecera municipal,Mujer,Mujer,(06 a 11) Infancia,Soacha,Cluster 1
"Intolerancia, machismo",Vivienda,Cabecera municipal,Mujer,Mujer,(29 a 59) Adultez,Soacha,Cluster 1
"Intolerancia, machismo",Vivienda,Cabecera municipal,Mujer,Mujer,(18 a 28) Juventud,Soacha,Cluster 1
"Intolerancia, machismo",Vivienda,Cabecera municipal,Hombre,Hombre,(Más de 60) Adulto Mayor,Soacha,Cluster 1
"Intolerancia, machismo",Vivienda,Cabecera municipal,Hombre,Hombre,(Más de 60) Adulto Mayor,Soacha,Cluster 1
Sin información,Centros Educativos,Cabecera municipal,Mujer,Mujer,(06 a 11) Infancia,Guaduas,Cluster 2
Sin información,Centros Educativos,Cabecera municipal,Hombre,Mujer,(06 a 11) Infancia,Guaduas,Cluster 2
Sin información,Centros Educativos,Cabecera municipal,Hombre,Mujer,(06 a 11) Infancia,Guaduas,Cluster 2
Sin información,Vivienda,Cabecera municipal,Mujer,Hombre,(00 a 05) Primera Infancia,Cajicá,Cluster 1
Sin información,Vivienda,Cabecera municipal,Hombre,Hombre,(00 a 05) Primera Infancia,Girardot,Cluster 1
"Intolerancia, machismo",Vivienda,Cabecera municipal,Mujer,Mujer,(00 a 05) Primera Infancia,Girardot,Cluster 1
"Intolerancia, machismo",Vivienda,Cabecera municipal,Mujer,Mujer,(00 a 05) Primera Infancia,Girardot,Cluster 1
"Intolerancia, machismo",Vivienda,Cabecera municipal,Hombre,Mujer,(06 a 11) Infancia,Girardot,Cluster 1
"Intolerancia, machismo",Vía Pública,Cabecera municipal,Mujer,Mujer,(29 a 59) Adultez,Soacha,Cluster 1
"Intolerancia, machismo",Vía Pública,Cabecera municipal,Mujer,Mujer,(18 a 28) Juventud,Soacha,Cluster 1
"Intolerancia, machismo",Vivienda,Cabecera municipal,Hombre,Hombre,(12 a 17) Adolescencia,Soacha,Cluster 1
"Intolerancia, machismo",Vivienda,Cabecera municipal,Mujer,Hombre,(Más de 60) Adulto Mayor,Soacha,Cluster 1
"Intolerancia, machismo",Vivienda,Cabecera municipal,Mujer,Hombre,(12 a 17) Adolescencia,Soacha,Cluster 1
"Intolerancia, machismo",Vivienda,Cabecera municipal,Mujer,Mujer,(18 a 28) Juventud,Soacha,Cluster 1
"Intolerancia, machismo",Vivienda,Cabecera municipal,Hombre,Mujer,(06 a 11) Infancia,Soacha,Cluster 1
"Intolerancia, machismo",Vivienda,Cabecera municipal,Hombre,Mujer,(06 a 11) Infancia,Soacha,Cluster 1
"Intolerancia, machismo",Vivienda,Cabecera municipal,Hombre,Hombre,(29 a 59) Adultez,Soacha,Cluster 1
Sin información,Vivienda,Cabecera municipal,Mujer,Mujer,(06 a 11) Infancia,Soacha,Cluster 1
Sin información,Vivienda,Cabecera municipal,Mujer,Mujer,(00 a 05) Primera Infancia,Soacha,Cluster 1
"Intolerancia, machismo",Vivienda,Cabecera municipal,Mujer,Hombre,(00 a 05) Primera Infancia,Soacha,Cluster 1
"Intolerancia, machismo",Vivienda,Cabecera municipal,Mujer,Mujer,(Más de 60) Adulto Mayor,Soacha,Cluster 1
"Intolerancia, machismo",Vivienda,Cabecera municipal,Mujer,Hombre,(12 a 17) Adolescencia,Soacha,Cluster 1
"Intolerancia, machismo",Vivienda,Cabecera municipal,Mujer,Hombre,(18 a 28) Juventud,Soacha,Cluster 1
"Intolerancia, machismo",Vivienda,Cabecera municipal,Hombre,Hombre,(12 a 17) Adolescencia,Soacha,Cluster 1
"Intolerancia, machismo",Vivienda,Cabecera municipal,Mujer,Mujer,(12 a 17) Adolescencia,Soacha,Cluster 1
"Intolerancia, machismo",Vivienda,Cabecera municipal,Hombre,Hombre,(Más de 60) Adulto Mayor,Soacha,Cluster 1
"Intolerancia, machismo",Vivienda,Cabecera municipal,Hombre,Hombre,(06 a 11) Infancia,Soacha,Cluster 1
"Intolerancia, machismo",Vivienda,Cabecera municipal,Mujer,Hombre,(00 a 05) Primera Infancia,Soacha,Cluster 1
"Intolerancia, machismo",Vivienda,Cabecera municipal,Mujer,Mujer,(12 a 17) Adolescencia,Soacha,Cluster 1
"Intolerancia, machismo",Vivienda,Cabecera municipal,Mujer,Hombre,(00 a 05) Primera Infancia,Soacha,Cluster 1
"Intolerancia, machismo",Vivienda,Cabecera municipal,Mujer,Hombre,(18 a 28) Juventud,Soacha,Cluster 1
"Intolerancia, machismo",Vivienda,Cabecera municipal,Hombre,Hombre,(18 a 28) Juventud,Soacha,Cluster 1
"Intolerancia, machismo",Vivienda,Cabecera municipal,Mujer,Hombre,(29 a 59) Adultez,Cajicá,Cluster 1
Sin información,Vivienda,"Centro poblado(corregimiento, inspección de policía y caserío)",Hombre,Hombre,(12 a 17) Adolescencia,Cajicá,Cluster 1
Sin información,Vivienda,Parte rural (vereda y campo),Mujer,Hombre,(29 a 59) Adultez,Cajicá,Cluster 1
Sin información,Vivienda,Cabecera municipal,Hombre,Hombre,(29 a 59) Adultez,Cajicá,Cluster 1
Sin información,Vivienda,"Centro poblado(corregimiento, inspección de policía y caserío)",Mujer,Hombre,(06 a 11) Infancia,Cajicá,Cluster 1
"Intolerancia, machismo",Vivienda,Cabecera municipal,Hombre,Mujer,(Más de 60) Adulto Mayor,Soacha,Cluster 1
"Intolerancia, machismo","Calle (Autopista,Avenida,Dentro de La Ciudad)",Cabecera municipal,Hombre,Hombre,(29 a 59) Adultez,Girardot,Cluster 2
"Intolerancia, machismo","Calle (Autopista,Avenida,Dentro de La Ciudad)",Cabecera municipal,Hombre,Hombre,(29 a 59) Adultez,Girardot,Cluster 2
"Intolerancia, machismo",Vivienda,Cabecera municipal,Hombre,Hombre,(06 a 11) Infancia,Girardot,Cluster 1
"Intolerancia, machismo","Calle (Autopista,Avenida,Dentro de La Ciudad)",Cabecera municipal,Mujer,Mujer,(06 a 11) Infancia,Girardot,Cluster 2
Alcoholismo / drogadicción,Vivienda,Cabecera municipal,Mujer,Hombre,(29 a 59) Adultez,Girardot,Cluster 1
"Intolerancia, machismo",Vivienda,Cabecera municipal,Mujer,Hombre,(18 a 28) Juventud,Soacha,Cluster 1
"Intolerancia, machismo",Vivienda,Cabecera municipal,Hombre,Hombre,(29 a 59) Adultez,Soacha,Cluster 1
"Intolerancia, machismo",Vivienda,Cabecera municipal,Mujer,Hombre,(18 a 28) Juventud,Soacha,Cluster 1
"Intolerancia, machismo",Vivienda,Cabecera municipal,Mujer,Hombre,(18 a 28) Juventud,Soacha,Cluster 1
"Intolerancia, machismo",Vivienda,Cabecera municipal,Mujer,Hombre,(06 a 11) Infancia,Soacha,Cluster 1
"Intolerancia, machismo",Vivienda,Cabecera municipal,Mujer,Hombre,(Más de 60) Adulto Mayor,Soacha,Cluster 1
"Intolerancia, machismo",Vivienda,Cabecera municipal,Mujer,Hombre,(18 a 28) Juventud,Soacha,Cluster 1
"Intolerancia, machismo",Vivienda,Cabecera municipal,Mujer,Mujer,(18 a 28) Juventud,Soacha,Cluster 1
"Intolerancia, machismo",Vivienda,Cabecera municipal,Mujer,Mujer,(29 a 59) Adultez,Soacha,Cluster 1
"Intolerancia, machismo",Vivienda,Cabecera municipal,Hombre,Mujer,(29 a 59) Adultez,Soacha,Cluster 1
"Intolerancia, machismo",Vivienda,Cabecera municipal,Mujer,Hombre,(18 a 28) Juventud,Soacha,Cluster 1
"Intolerancia, machismo",Vivienda,Cabecera municipal,Mujer,Hombre,(29 a 59) Adultez,Soacha,Cluster 1
"Intolerancia, machismo",Otros,Cabecera municipal,Mujer,Hombre,(29 a 59) Adultez,Soacha,Cluster 3
"Intolerancia, machismo",Vivienda,Cabecera municipal,Mujer,Mujer,(00 a 05) Primera Infancia,Soacha,Cluster 1
"Intolerancia, machismo",Sin Información,Cabecera municipal,Mujer,Hombre,(18 a 28) Juventud,Soacha,Cluster 3
"Intolerancia, machismo",Vivienda,Cabecera municipal,Hombre,Hombre,(12 a 17) Adolescencia,Soacha,Cluster 1
"Intolerancia, machismo",Vivienda,Cabecera municipal,Mujer,Hombre,(12 a 17) Adolescencia,Soacha,Cluster 1
"Intolerancia, machismo",Vía Pública,Cabecera municipal,Mujer,Hombre,(29 a 59) Adultez,Soacha,Cluster 1
"Intolerancia, machismo",Vivienda,Cabecera municipal,Mujer,Mujer,(18 a 28) Juventud,Soacha,Cluster 1
Sin información,Vivienda,Cabecera municipal,Hombre,Mujer,(29 a 59) Adultez,Soacha,Cluster 1
Alcoholismo / drogadicción,Vivienda,Cabecera municipal,Hombre,Hombre,(12 a 17) Adolescencia,Soacha,Cluster 1
Alcoholismo / drogadicción,"Establecimiento Comercial (Tienda,Centro Comercial,Almacén,Plaza de Mercado)",Parte rural (vereda y campo),Hombre,Hombre,(29 a 59) Adultez,Chía,Cluster 2
"Intolerancia, machismo",Vivienda,Cabecera municipal,Hombre,Mujer,(06 a 11) Infancia,Soacha,Cluster 1
"Intolerancia, machismo",Vivienda,Parte rural (vereda y campo),Hombre,Hombre,(12 a 17) Adolescencia,Soacha,Cluster 1
"Intolerancia, machismo",Vivienda,Cabecera municipal,Hombre,Hombre,(29 a 59) Adultez,Girardot,Cluster 1
"Intolerancia, machismo",Vivienda,Cabecera municipal,Mujer,Hombre,(Más de 60) Adulto Mayor,Girardot,Cluster 1
"Intolerancia, machismo",Vivienda,Cabecera municipal,Mujer,Hombre,(29 a 59) Adultez,Girardot,Cluster 1
"Intolerancia, machismo",Vivienda,Cabecera municipal,Mujer,Hombre,(18 a 28) Juventud,Girardot,Cluster 1
"Intolerancia, machismo",Vivienda,Cabecera municipal,Hombre,Mujer,(29 a 59) Adultez,Girardot,Cluster 1
"Intolerancia, machismo","Calle (Autopista,Avenida,Dentro de La Ciudad)",Cabecera municipal,Mujer,Mujer,(29 a 59) Adultez,Girardot,Cluster 2
"Intolerancia, machismo",Vivienda,Cabecera municipal,Hombre,Hombre,(29 a 59) Adultez,Girardot,Cluster 1
"Intolerancia, machismo",Vivienda,Cabecera municipal,Mujer,Hombre,(18 a 28) Juventud,Soacha,Cluster 1
"Intolerancia, machismo",Vivienda,Cabecera municipal,Mujer,Hombre,(18 a 28) Juventud,Soacha,Cluster 1
Alcoholismo / drogadicción,Vivienda,Cabecera municipal,Mujer,Hombre,(29 a 59) Adultez,Soacha,Cluster 1
Sin información,Vía Pública,Cabecera municipal,Hombre,Mujer,(12 a 17) Adolescencia,Soacha,Cluster 1
"Intolerancia, machismo","Calle (Autopista,Avenida,Dentro de La Ciudad)",Cabecera municipal,Hombre,Hombre,(12 a 17) Adolescencia,Soacha,Cluster 2
"Intolerancia, machismo",Vivienda,Cabecera municipal,Mujer,Hombre,(18 a 28) Juventud,Soacha,Cluster 1
"Intolerancia, machismo",Vivienda,Cabecera municipal,Hombre,Mujer,(06 a 11) Infancia,Soacha,Cluster 1
"Intolerancia, machismo",Vivienda,Cabecera municipal,Mujer,Hombre,(29 a 59) Adultez,Soacha,Cluster 1
"Intolerancia, machismo",Vivienda,Cabecera municipal,Hombre,Hombre,(29 a 59) Adultez,Soacha,Cluster 1
"Intolerancia, machismo",Vivienda,Cabecera municipal,Mujer,Hombre,(00 a 05) Primera Infancia,Soacha,Cluster 1
"Intolerancia, machismo",Vivienda,Cabecera municipal,Hombre,Hombre,(18 a 28) Juventud,Soacha,Cluster 1
"Intolerancia, machismo",Vivienda,Cabecera municipal,Hombre,Hombre,(12 a 17) Adolescencia,Soacha,Cluster 1
"Intolerancia, machismo",Vivienda,Cabecera municipal,Mujer,Hombre,(12 a 17) Adolescencia,Soacha,Cluster 1
"Intolerancia, machismo",Vivienda,Cabecera municipal,Mujer,Mujer,(12 a 17) Adolescencia,Soacha,Cluster 1
"Intolerancia, machismo",Vivienda,Cabecera municipal,Mujer,Hombre,(06 a 11) Infancia,Soacha,Cluster 1
"Intolerancia, machismo",Vivienda,Cabecera municipal,Mujer,Hombre,(29 a 59) Adultez,Soacha,Cluster 1
"Intolerancia, machismo",Vivienda,Cabecera municipal,Mujer,Mujer,(18 a 28) Juventud,Soacha,Cluster 1
"Intolerancia, machismo",Vivienda,Cabecera municipal,Mujer,Hombre,(18 a 28) Juventud,Soacha,Cluster 1
"Intolerancia, machismo",Carretera (Fuera de La Ciudad),Cabecera municipal,Mujer,Hombre,(29 a 59) Adultez,Soacha,Cluster 2
"Intolerancia, machismo",Vivienda,Parte rural (vereda y campo),Mujer,Mujer,(18 a 28) Juventud,Chía,Cluster 1
Alcoholismo / drogadicción,Vivienda,Parte rural (vereda y campo),Mujer,Hombre,(29 a 59) Adultez,Pacho,Cluster 1
"Intolerancia, machismo",Vivienda,Cabecera municipal,Mujer,Hombre,(12 a 17) Adolescencia,Chía,Cluster 1
Sin información,Vivienda,Cabecera municipal,Hombre,Mujer,(00 a 05) Primera Infancia,Soacha,Cluster 1
Sin información,Vivienda,Cabecera municipal,Hombre,Mujer,(00 a 05) Primera Infancia,Soacha,Cluster 1
"Intolerancia, machismo","Calle (Autopista,Avenida,Dentro de La Ciudad)",Cabecera municipal,Mujer,Hombre,(29 a 59) Adultez,Girardot,Cluster 2
"Intolerancia, machismo","Calle (Autopista,Avenida,Dentro de La Ciudad)",Cabecera municipal,Mujer,Hombre,(29 a 59) Adultez,Girardot,Cluster 2
"Intolerancia, machismo","Calle (Autopista,Avenida,Dentro de La Ciudad)",Cabecera municipal,Hombre,Mujer,(18 a 28) Juventud,Girardot,Cluster 2
"Intolerancia, machismo",Vivienda,Cabecera municipal,Hombre,Hombre,(29 a 59) Adultez,Girardot,Cluster 1
"Intolerancia, machismo",Vivienda,Cabecera municipal,Hombre,Mujer,(06 a 11) Infancia,Girardot,Cluster 1
"Intolerancia, machismo",Vivienda,Cabecera municipal,Mujer,Hombre,(12 a 17) Adolescencia,Girardot,Cluster 1
"Intolerancia, machismo","Calle (Autopista,Avenida,Dentro de La Ciudad)",Cabecera municipal,Hombre,Hombre,(29 a 59) Adultez,Girardot,Cluster 2
"Intolerancia, machismo",Vivienda,Cabecera municipal,Mujer,Mujer,(29 a 59) Adultez,Soacha,Cluster 1
"Intolerancia, machismo",Vivienda,Cabecera municipal,Mujer,Hombre,(29 a 59) Adultez,Soacha,Cluster 1
"Intolerancia, machismo",Vivienda,Cabecera municipal,Mujer,Hombre,(29 a 59) Adultez,Soacha,Cluster 1
"Intolerancia, machismo",Vivienda,Cabecera municipal,Mujer,Mujer,(29 a 59) Adultez,Soacha,Cluster 1
"Intolerancia, machismo",Vivienda,Cabecera municipal,Hombre,Hombre,(00 a 05) Primera Infancia,Soacha,Cluster 1
"Intolerancia, machismo",Vivienda,Cabecera municipal,Mujer,Mujer,(12 a 17) Adolescencia,Soacha,Cluster 1
"Intolerancia, machismo",Vivienda,Cabecera municipal,Mujer,Mujer,(29 a 59) Adultez,Soacha,Cluster 1
"Intolerancia, machismo",Vivienda,Cabecera municipal,Mujer,Hombre,(12 a 17) Adolescencia,Soacha,Cluster 1
"Intolerancia, machismo",Vía Pública,Cabecera municipal,Mujer,Mujer,(18 a 28) Juventud,Soacha,Cluster 1
Alcoholismo / drogadicción,Vivienda,Parte rural (vereda y campo),Hombre,Hombre,(18 a 28) Juventud,Soacha,Cluster 1
"Intolerancia, machismo",Vía Pública,Cabecera municipal,Hombre,Hombre,(00 a 05) Primera Infancia,Soacha,Cluster 1
"Intolerancia, machismo",Vivienda,Cabecera municipal,Mujer,Mujer,(29 a 59) Adultez,Soacha,Cluster 1
"Intolerancia, machismo",Vivienda,Cabecera municipal,Mujer,Hombre,(29 a 59) Adultez,Soacha,Cluster 1
"Intolerancia, machismo",Vivienda,Cabecera municipal,Mujer,Mujer,(Más de 60) Adulto Mayor,Soacha,Cluster 1
"Intolerancia, machismo",Vivienda,Cabecera municipal,Mujer,Hombre,(29 a 59) Adultez,Soacha,Cluster 1
"Intolerancia, machismo",Vivienda,Cabecera municipal,Mujer,Hombre,(29 a 59) Adultez,Soacha,Cluster 1
"Intolerancia, machismo",Vivienda,Cabecera municipal,Mujer,Hombre,(29 a 59) Adultez,Soacha,Cluster 1
"Intolerancia, machismo",Vivienda,Cabecera municipal,Hombre,Hombre,(00 a 05) Primera Infancia,Soacha,Cluster 1
"Intolerancia, machismo",Vivienda,Cabecera municipal,Mujer,Mujer,(00 a 05) Primera Infancia,Soacha,Cluster 1
"Intolerancia, machismo",Vivienda,Cabecera municipal,Mujer,Hombre,(00 a 05) Primera Infancia,Soacha,Cluster 1
"Intolerancia, machismo",Vivienda,Cabecera municipal,Hombre,Mujer,(06 a 11) Infancia,Soacha,Cluster 1
"Intolerancia, machismo",Vivienda,Cabecera municipal,Mujer,Hombre,(29 a 59) Adultez,Soacha,Cluster 1
Alcoholismo / drogadicción,Vivienda,Cabecera municipal,Hombre,Hombre,(Más de 60) Adulto Mayor,Soacha,Cluster 1
"Intolerancia, machismo",Vivienda,Cabecera municipal,Hombre,Hombre,(12 a 17) Adolescencia,Soacha,Cluster 1
"Intolerancia, machismo",Vivienda,Cabecera municipal,Hombre,Hombre,(18 a 28) Juventud,Soacha,Cluster 1
Sin información,Vivienda,Cabecera municipal,Hombre,Mujer,(06 a 11) Infancia,Soacha,Cluster 1
"Intolerancia, machismo",Vivienda,Cabecera municipal,Hombre,Mujer,(12 a 17) Adolescencia,Guaduas,Cluster 1
"Intolerancia, machismo",Vivienda,Cabecera municipal,Hombre,Hombre,(Más de 60) Adulto Mayor,Soacha,Cluster 1
"Intolerancia, machismo",Vivienda,Cabecera municipal,Mujer,Mujer,(06 a 11) Infancia,Soacha,Cluster 1
"Intolerancia, machismo",Vivienda,Cabecera municipal,Mujer,Mujer,(06 a 11) Infancia,Girardot,Cluster 1
"Intolerancia, machismo",Vivienda,Cabecera municipal,Mujer,Hombre,(29 a 59) Adultez,Girardot,Cluster 1
"Intolerancia, machismo",Vivienda,Cabecera municipal,Mujer,Hombre,(29 a 59) Adultez,Soacha,Cluster 1
"Intolerancia, machismo",Vivienda,Cabecera municipal,Mujer,Mujer,(Más de 60) Adulto Mayor,Soacha,Cluster 1
"Intolerancia, machismo",Vivienda,Cabecera municipal,Mujer,Hombre,(18 a 28) Juventud,Soacha,Cluster 1
"Intolerancia, machismo",Vivienda,Cabecera municipal,Mujer,Hombre,(29 a 59) Adultez,Soacha,Cluster 1
"Intolerancia, machismo",Vivienda,Cabecera municipal,Hombre,Hombre,(29 a 59) Adultez,Soacha,Cluster 1
"Intolerancia, machismo",Vivienda,Cabecera municipal,Mujer,Hombre,(Más de 60) Adulto Mayor,Soacha,Cluster 1
"Intolerancia, machismo",Vivienda,Cabecera municipal,Hombre,Hombre,(06 a 11) Infancia,Soacha,Cluster 1
"Intolerancia, machismo",Vivienda,Sin información,Mujer,Hombre,(18 a 28) Juventud,Soacha,Cluster 1
"Intolerancia, machismo",Vivienda,Cabecera municipal,Mujer,Hombre,(00 a 05) Primera Infancia,Soacha,Cluster 1
"Intolerancia, machismo",Vivienda,Cabecera municipal,Mujer,Hombre,(12 a 17) Adolescencia,Soacha,Cluster 1
"Intolerancia, machismo",Vivienda,Cabecera municipal,Hombre,Hombre,(18 a 28) Juventud,Soacha,Cluster 1
"Intolerancia, machismo",Vivienda,Cabecera municipal,Hombre,Hombre,(00 a 05) Primera Infancia,Soacha,Cluster 1
"Intolerancia, machismo",Vivienda,Cabecera municipal,Hombre,Hombre,(18 a 28) Juventud,Soacha,Cluster 1
"Intolerancia, machismo",Vía Pública,Cabecera municipal,Mujer,Hombre,(06 a 11) Infancia,Soacha,Cluster 1
"Intolerancia, machismo",Vivienda,Cabecera municipal,Mujer,Mujer,(29 a 59) Adultez,Soacha,Cluster 1
"Intolerancia, machismo",Vía Pública,Cabecera municipal,Mujer,Mujer,(29 a 59) Adultez,Soacha,Cluster 1
"Intolerancia, machismo",Vivienda,Cabecera municipal,Hombre,Hombre,(06 a 11) Infancia,Soacha,Cluster 1
"Intolerancia, machismo",Vivienda,Cabecera municipal,Mujer,Hombre,(29 a 59) Adultez,Soacha,Cluster 1
"Intolerancia, machismo",Vivienda,Cabecera municipal,Mujer,Mujer,(Más de 60) Adulto Mayor,Soacha,Cluster 1
"Intolerancia, machismo",Vivienda,Cabecera municipal,Mujer,Hombre,(18 a 28) Juventud,Soacha,Cluster 1
"Intolerancia, machismo",Vivienda,Cabecera municipal,Hombre,Hombre,(29 a 59) Adultez,Soacha,Cluster 1
"Intolerancia, machismo",Vivienda,Cabecera municipal,Mujer,Mujer,(Más de 60) Adulto Mayor,Soacha,Cluster 1
"Intolerancia, machismo",Vivienda,Cabecera municipal,Hombre,Mujer,(06 a 11) Infancia,Chía,Cluster 1
"Intolerancia, machismo",Vivienda,Cabecera municipal,Hombre,Hombre,(18 a 28) Juventud,Chía,Cluster 1
"Intolerancia, machismo",Vivienda,Cabecera municipal,Mujer,Mujer,(12 a 17) Adolescencia,Girardot,Cluster 1
"Intolerancia, machismo",Vivienda,Cabecera municipal,Hombre,Hombre,(29 a 59) Adultez,Girardot,Cluster 1
"Intolerancia, machismo",Vivienda,Cabecera municipal,Hombre,Hombre,(29 a 59) Adultez,Girardot,Cluster 1
"Intolerancia, machismo",Vivienda,Cabecera municipal,Hombre,Hombre,(18 a 28) Juventud,Girardot,Cluster 1
"Intolerancia, machismo",Vivienda,Cabecera municipal,Mujer,Hombre,(12 a 17) Adolescencia,Soacha,Cluster 1
"Intolerancia, machismo",Vivienda,Cabecera municipal,Hombre,Hombre,(00 a 05) Primera Infancia,Soacha,Cluster 1
"Intolerancia, machismo",Vivienda,Cabecera municipal,Hombre,Hombre,(00 a 05) Primera Infancia,Soacha,Cluster 1
"Intolerancia, machismo",Vía Pública,Cabecera municipal,Mujer,Hombre,(00 a 05) Primera Infancia,Soacha,Cluster 1
"Intolerancia, machismo",Vivienda,Sin información,Hombre,Hombre,(12 a 17) Adolescencia,Soacha,Cluster 1
"Intolerancia, machismo","Calle (Autopista,Avenida,Dentro de La Ciudad)",Cabecera municipal,Mujer,Hombre,(29 a 59) Adultez,Soacha,Cluster 2
"Intolerancia, machismo",Vía Pública,Cabecera municipal,Mujer,Mujer,(29 a 59) Adultez,Soacha,Cluster 1
"Intolerancia, machismo",Vivienda,Cabecera municipal,Mujer,Hombre,(18 a 28) Juventud,Soacha,Cluster 1
"Intolerancia, machismo",Vivienda,Cabecera municipal,Hombre,Mujer,(12 a 17) Adolescencia,Soacha,Cluster 1
"Intolerancia, machismo",Sin Información,Cabecera municipal,Mujer,Mujer,(Más de 60) Adulto Mayor,Soacha,Cluster 3
"Intolerancia, machismo",Vivienda,Cabecera municipal,Mujer,Hombre,(12 a 17) Adolescencia,Soacha,Cluster 1
"Intolerancia, machismo",Vivienda,Cabecera municipal,Mujer,Hombre,(12 a 17) Adolescencia,Soacha,Cluster 1
"Intolerancia, machismo","Calle (Autopista,Avenida,Dentro de La Ciudad)",Cabecera municipal,Mujer,Mujer,(29 a 59) Adultez,Soacha,Cluster 2
"Intolerancia, machismo",Vivienda,Cabecera municipal,Mujer,Hombre,(29 a 59) Adultez,Soacha,Cluster 1
"Intolerancia, machismo",Vivienda,Cabecera municipal,Hombre,Hombre,(29 a 59) Adultez,Soacha,Cluster 1
"Intolerancia, machismo","Calle (Autopista,Avenida,Dentro de La Ciudad)",Cabecera municipal,Mujer,Hombre,(Más de 60) Adulto Mayor,Pacho,Cluster 2
"Intolerancia, machismo",Vivienda,Cabecera municipal,Mujer,Hombre,(29 a 59) Adultez,Pacho,Cluster 1
"Intolerancia, machismo",Vivienda,Parte rural (vereda y campo),Mujer,Hombre,(29 a 59) Adultez,Soacha,Cluster 1
"Intolerancia, machismo",Vivienda,"Centro poblado(corregimiento, inspección de policía y caserío)",Hombre,Mujer,(Más de 60) Adulto Mayor,Soacha,Cluster 1
"Intolerancia, machismo","Calle (Autopista,Avenida,Dentro de La Ciudad)",Cabecera municipal,Hombre,Hombre,(12 a 17) Adolescencia,Soacha,Cluster 2
"Intolerancia, machismo",Vivienda,Parte rural (vereda y campo),Mujer,Hombre,(06 a 11) Infancia,Pacho,Cluster 1
"Intolerancia, machismo",Vivienda,Cabecera municipal,Mujer,Hombre,(00 a 05) Primera Infancia,Soacha,Cluster 1
"Intolerancia, machismo",Vivienda,Cabecera municipal,Mujer,Hombre,(29 a 59) Adultez,Soacha,Cluster 1
"Intolerancia, machismo",Vivienda,Cabecera municipal,Mujer,Hombre,(29 a 59) Adultez,Soacha,Cluster 1
"Intolerancia, machismo","Calle (Autopista,Avenida,Dentro de La Ciudad)",Cabecera municipal,Mujer,Hombre,(00 a 05) Primera Infancia,Girardot,Cluster 2
"Intolerancia, machismo",Vivienda,Cabecera municipal,Hombre,Hombre,(29 a 59) Adultez,Girardot,Cluster 1
"Intolerancia, machismo","Calle (Autopista,Avenida,Dentro de La Ciudad)",Cabecera municipal,Hombre,Hombre,(18 a 28) Juventud,Girardot,Cluster 2
"Intolerancia, machismo",Vivienda,Cabecera municipal,Mujer,Hombre,(00 a 05) Primera Infancia,Girardot,Cluster 1
"Intolerancia, machismo",Vivienda,Cabecera municipal,Hombre,Hombre,(29 a 59) Adultez,Soacha,Cluster 1
"Intolerancia, machismo",Vivienda,Cabecera municipal,Hombre,Hombre,(18 a 28) Juventud,Soacha,Cluster 1
Alcoholismo / drogadicción,Vivienda,Cabecera municipal,Hombre,Hombre,(29 a 59) Adultez,Soacha,Cluster 1
Alcoholismo / drogadicción,Vivienda,Cabecera municipal,Mujer,Hombre,(29 a 59) Adultez,Soacha,Cluster 1
"Intolerancia, machismo",Vivienda,Cabecera municipal,Mujer,Mujer,(Más de 60) Adulto Mayor,Soacha,Cluster 1
"Intolerancia, machismo",Vivienda,Cabecera municipal,Hombre,Hombre,(29 a 59) Adultez,Soacha,Cluster 1
"Intolerancia, machismo",Vivienda,Cabecera municipal,Mujer,Hombre,(18 a 28) Juventud,Soacha,Cluster 1
"Intolerancia, machismo",Vivienda,Cabecera municipal,Mujer,Mujer,(29 a 59) Adultez,Soacha,Cluster 1
"Intolerancia, machismo",Vivienda,Cabecera municipal,Mujer,Hombre,(06 a 11) Infancia,Soacha,Cluster 1
"Intolerancia, machismo",Vivienda,Cabecera municipal,Hombre,Hombre,(00 a 05) Primera Infancia,Soacha,Cluster 1
"Intolerancia, machismo",Vivienda,Cabecera municipal,Hombre,Mujer,(12 a 17) Adolescencia,Soacha,Cluster 1
"Intolerancia, machismo","Calle (Autopista,Avenida,Dentro de La Ciudad)",Cabecera municipal,Mujer,Hombre,(18 a 28) Juventud,Soacha,Cluster 2
"Intolerancia, machismo",Vivienda,Cabecera municipal,Mujer,Mujer,(18 a 28) Juventud,Soacha,Cluster 1
"Intolerancia, machismo",Vivienda,Cabecera municipal,Mujer,Hombre,(29 a 59) Adultez,Soacha,Cluster 1
"Intolerancia, machismo",Vivienda,Cabecera municipal,Mujer,Hombre,(00 a 05) Primera Infancia,Soacha,Cluster 1
"Intolerancia, machismo","Calle (Autopista,Avenida,Dentro de La Ciudad)",Cabecera municipal,Hombre,Hombre,(29 a 59) Adultez,Soacha,Cluster 2
"Intolerancia, machismo","Establecimiento Comercial (Tienda,Centro Comercial,Almacén,Plaza de Mercado)",Cabecera municipal,Hombre,Hombre,(18 a 28) Juventud,Soacha,Cluster 2
"Intolerancia, machismo",Vivienda,Cabecera municipal,Mujer,Hombre,(29 a 59) Adultez,Soacha,Cluster 1
"Intolerancia, machismo",Vivienda,Cabecera municipal,Mujer,Hombre,(18 a 28) Juventud,Soacha,Cluster 1
"Intolerancia, machismo",Vivienda,"Centro poblado(corregimiento, inspección de policía y caserío)",Mujer,Mujer,(Más de 60) Adulto Mayor,Girardot,Cluster 1
Sin información,Vivienda,Cabecera municipal,Mujer,Hombre,(29 a 59) Adultez,Chía,Cluster 1
Alcoholismo / drogadicción,Vivienda,Parte rural (vereda y campo),Hombre,Hombre,(29 a 59) Adultez,Chía,Cluster 1
Sin información,Vivienda,Parte rural (vereda y campo),Mujer,Hombre,(00 a 05) Primera Infancia,Chía,Cluster 1
Sin información,Centros Educativos,Cabecera municipal,Mujer,Mujer,(12 a 17) Adolescencia,Chía,Cluster 2
"Intolerancia, machismo","Calle (Autopista,Avenida,Dentro de La Ciudad)",Cabecera municipal,Mujer,Mujer,(18 a 28) Juventud,Chía,Cluster 2
Alcoholismo / drogadicción,"Calle (Autopista,Avenida,Dentro de La Ciudad)",Cabecera municipal,Hombre,Hombre,(18 a 28) Juventud,Chía,Cluster 2
Alcoholismo / drogadicción,"Calle (Autopista,Avenida,Dentro de La Ciudad)",Cabecera municipal,Hombre,Hombre,(29 a 59) Adultez,Chía,Cluster 2
"Intolerancia, machismo",Vivienda,Parte rural (vereda y campo),Mujer,Mujer,(Más de 60) Adulto Mayor,Chía,Cluster 1
"Intolerancia, machismo","Calle (Autopista,Avenida,Dentro de La Ciudad)",Cabecera municipal,Mujer,Hombre,(29 a 59) Adultez,Pacho,Cluster 2
"Intolerancia, machismo",Vivienda,Cabecera municipal,Mujer,Hombre,(29 a 59) Adultez,Girardot,Cluster 1
"Intolerancia, machismo",Vivienda,Cabecera municipal,Mujer,Hombre,(29 a 59) Adultez,Girardot,Cluster 1
"Intolerancia, machismo","Calle (Autopista,Avenida,Dentro de La Ciudad)",Cabecera municipal,Hombre,Hombre,(00 a 05) Primera Infancia,Girardot,Cluster 2
"Intolerancia, machismo",Vivienda,Cabecera municipal,Hombre,Hombre,(06 a 11) Infancia,Girardot,Cluster 1
"Intolerancia, machismo",Vivienda,Cabecera municipal,Hombre,Hombre,(12 a 17) Adolescencia,Girardot,Cluster 1
"Intolerancia, machismo",Vivienda,Cabecera municipal,Mujer,Hombre,(Más de 60) Adulto Mayor,Girardot,Cluster 1
"Intolerancia, machismo",Vivienda,"Centro poblado(corregimiento, inspección de policía y caserío)",Mujer,Hombre,(12 a 17) Adolescencia,Girardot,Cluster 1
"Intolerancia, machismo",Vivienda,"Centro poblado(corregimiento, inspección de policía y caserío)",Hombre,Hombre,(12 a 17) Adolescencia,Girardot,Cluster 1
"Intolerancia, machismo",Vivienda,Cabecera municipal,Mujer,Mujer,(29 a 59) Adultez,Soacha,Cluster 1
Sin información,Vivienda,Cabecera municipal,Mujer,Hombre,(00 a 05) Primera Infancia,Soacha,Cluster 1
"Intolerancia, machismo",Vivienda,Cabecera municipal,Mujer,Hombre,(29 a 59) Adultez,Soacha,Cluster 1
"Intolerancia, machismo",Vivienda,Cabecera municipal,Mujer,Mujer,(29 a 59) Adultez,Soacha,Cluster 1
"Intolerancia, machismo",Vivienda,Cabecera municipal,Hombre,Hombre,(00 a 05) Primera Infancia,Soacha,Cluster 1
"Intolerancia, machismo",Vía Pública,Cabecera municipal,Hombre,Mujer,(29 a 59) Adultez,Soacha,Cluster 1
"Intolerancia, machismo",Vía Pública,Cabecera municipal,Hombre,Hombre,(29 a 59) Adultez,Soacha,Cluster 1
"Intolerancia, machismo",Vivienda,Cabecera municipal,Hombre,Hombre,(06 a 11) Infancia,Soacha,Cluster 1
"Intolerancia, machismo",Vivienda,Cabecera municipal,Mujer,Hombre,(06 a 11) Infancia,Soacha,Cluster 1
"Intolerancia, machismo",Vivienda,Cabecera municipal,Hombre,Hombre,(06 a 11) Infancia,Soacha,Cluster 1
"Intolerancia, machismo",Vivienda,Cabecera municipal,Mujer,Hombre,(18 a 28) Juventud,Soacha,Cluster 1
"Intolerancia, machismo",Lugares de Esparcimiento con Expendio de Alcohol,Cabecera municipal,Mujer,Mujer,(18 a 28) Juventud,Soacha,Cluster 3
"Intolerancia, machismo",Vivienda,Cabecera municipal,Mujer,Hombre,(18 a 28) Juventud,Soacha,Cluster 1
"Intolerancia, machismo",Vivienda,Cabecera municipal,Hombre,Mujer,(06 a 11) Infancia,Soacha,Cluster 1
Sin información,Vivienda,Cabecera municipal,Hombre,Hombre,(06 a 11) Infancia,Soacha,Cluster 1
"Intolerancia, machismo",Vivienda,Cabecera municipal,Mujer,Hombre,(12 a 17) Adolescencia,Soacha,Cluster 1
"Intolerancia, machismo",Vivienda,Cabecera municipal,Hombre,Hombre,(18 a 28) Juventud,Soacha,Cluster 1
"Intolerancia, machismo",Vía Pública,Cabecera municipal,Hombre,Mujer,(00 a 05) Primera Infancia,Soacha,Cluster 1
"Intolerancia, machismo",Vía Pública,Cabecera municipal,Mujer,Mujer,(18 a 28) Juventud,Soacha,Cluster 1
"Intolerancia, machismo",Vía Pública,Cabecera municipal,Mujer,Mujer,(29 a 59) Adultez,Soacha,Cluster 1
"Intolerancia, machismo",Vivienda,Cabecera municipal,Mujer,Hombre,(18 a 28) Juventud,Soacha,Cluster 1
"Intolerancia, machismo",Vivienda,Cabecera municipal,Mujer,Hombre,(29 a 59) Adultez,Chía,Cluster 1
Abandono,Vía Pública,Cabecera municipal,Mujer,Hombre,(29 a 59) Adultez,Soacha,Cluster 1
"Intolerancia, machismo",Vivienda,Cabecera municipal,Hombre,Mujer,(29 a 59) Adultez,Soacha,Cluster 1
"Celos, desconfianza, infidelidad","Calle (Autopista,Avenida,Dentro de La Ciudad)",Cabecera municipal,Mujer,Mujer,(18 a 28) Juventud,Chía,Cluster 2
Alcoholismo / drogadicción,Vivienda,Cabecera municipal,Hombre,Hombre,(06 a 11) Infancia,Chía,Cluster 1
Sin información,Vivienda,Cabecera municipal,Mujer,Mujer,(06 a 11) Infancia,Chía,Cluster 1
"Intolerancia, machismo",Vivienda,Cabecera municipal,Hombre,Hombre,(00 a 05) Primera Infancia,Chía,Cluster 1
"Intolerancia, machismo",Vivienda,Cabecera municipal,Hombre,Hombre,(00 a 05) Primera Infancia,Chía,Cluster 1
"Intolerancia, machismo",Vivienda,Cabecera municipal,Mujer,Mujer,(06 a 11) Infancia,Chía,Cluster 1
Alcoholismo / drogadicción,Vivienda,Parte rural (vereda y campo),Mujer,Mujer,(29 a 59) Adultez,Chía,Cluster 1
Sin información,Vivienda,Cabecera municipal,Hombre,Mujer,(06 a 11) Infancia,Chía,Cluster 1
"Intolerancia, machismo",Vivienda,Cabecera municipal,Mujer,Hombre,(29 a 59) Adultez,Pacho,Cluster 1
"Intolerancia, machismo",Vivienda,Cabecera municipal,Hombre,Hombre,(29 a 59) Adultez,Soacha,Cluster 1
"Intolerancia, machismo",Vivienda,Cabecera municipal,Mujer,Hombre,(18 a 28) Juventud,Soacha,Cluster 1
"Intolerancia, machismo",Vivienda,Cabecera municipal,Hombre,Mujer,(06 a 11) Infancia,Soacha,Cluster 1
"Intolerancia, machismo",Vivienda,Cabecera municipal,Mujer,Hombre,(06 a 11) Infancia,Soacha,Cluster 1
"Intolerancia, machismo",Vivienda,Cabecera municipal,Hombre,Hombre,(06 a 11) Infancia,Soacha,Cluster 1
"Intolerancia, machismo",Vivienda,Cabecera municipal,Mujer,Mujer,(06 a 11) Infancia,Soacha,Cluster 1
Sin información,Vivienda,Cabecera municipal,Mujer,Hombre,(06 a 11) Infancia,Soacha,Cluster 1
"Intolerancia, machismo",Vivienda,Cabecera municipal,Hombre,Hombre,(29 a 59) Adultez,Soacha,Cluster 1
"Intolerancia, machismo",Vivienda,Cabecera municipal,Mujer,Hombre,(18 a 28) Juventud,Soacha,Cluster 1
"Intolerancia, machismo",Vivienda,Cabecera municipal,Hombre,Hombre,(18 a 28) Juventud,Soacha,Cluster 1
"Intolerancia, machismo",Vivienda,Cabecera municipal,Mujer,Mujer,(29 a 59) Adultez,Soacha,Cluster 1
"Intolerancia, machismo","Calle (Autopista,Avenida,Dentro de La Ciudad)",Cabecera municipal,Mujer,Hombre,(06 a 11) Infancia,Soacha,Cluster 2
"Intolerancia, machismo",Vivienda,Cabecera municipal,Mujer,Hombre,(18 a 28) Juventud,Soacha,Cluster 1
"Intolerancia, machismo",Vivienda,Cabecera municipal,Hombre,Hombre,(12 a 17) Adolescencia,Soacha,Cluster 1
"Intolerancia, machismo",Vivienda,Cabecera municipal,Mujer,Mujer,(29 a 59) Adultez,Soacha,Cluster 1
"Intolerancia, machismo",Vivienda,Cabecera municipal,Mujer,Mujer,(29 a 59) Adultez,Soacha,Cluster 1
"Intolerancia, machismo",Vivienda,Cabecera municipal,Hombre,Mujer,(18 a 28) Juventud,Soacha,Cluster 1
Alcoholismo / drogadicción,Lugares de Esparcimiento con Expendio de Alcohol,Cabecera municipal,Mujer,Hombre,(18 a 28) Juventud,Soacha,Cluster 3
"Intolerancia, machismo","Establecimiento Comercial (Tienda,Centro Comercial,Almacén,Plaza de Mercado)",Cabecera municipal,Mujer,Hombre,(18 a 28) Juventud,Soacha,Cluster 2
"Intolerancia, machismo",Vivienda,Cabecera municipal,Mujer,Mujer,(00 a 05) Primera Infancia,Soacha,Cluster 1
"Intolerancia, machismo",Vivienda,Cabecera municipal,Mujer,Mujer,(06 a 11) Infancia,Soacha,Cluster 1
"Intolerancia, machismo",Vivienda,Cabecera municipal,Hombre,Hombre,(06 a 11) Infancia,Soacha,Cluster 1
"Intolerancia, machismo","Calle (Autopista,Avenida,Dentro de La Ciudad)",Cabecera municipal,Mujer,Mujer,(29 a 59) Adultez,Soacha,Cluster 2
Alcoholismo / drogadicción,Vivienda,Cabecera municipal,Hombre,Hombre,(Más de 60) Adulto Mayor,Soacha,Cluster 1
"Intolerancia, machismo",Vivienda,Cabecera municipal,Mujer,Hombre,(06 a 11) Infancia,Soacha,Cluster 1
"Intolerancia, machismo",Vivienda,Cabecera municipal,Mujer,Mujer,(12 a 17) Adolescencia,Soacha,Cluster 1
"Intolerancia, machismo",Vivienda,Cabecera municipal,Mujer,Hombre,(29 a 59) Adultez,Soacha,Cluster 1
"Intolerancia, machismo",Vivienda,Cabecera municipal,Hombre,Hombre,(29 a 59) Adultez,Soacha,Cluster 1
"Intolerancia, machismo",Vivienda,Cabecera municipal,Mujer,Mujer,(12 a 17) Adolescencia,Soacha,Cluster 1
"Intolerancia, machismo",Vivienda,Cabecera municipal,Mujer,Hombre,(29 a 59) Adultez,Soacha,Cluster 1
"Intolerancia, machismo","Calle (Autopista,Avenida,Dentro de La Ciudad)",Cabecera municipal,Hombre,Hombre,(18 a 28) Juventud,Soacha,Cluster 2
"Intolerancia, machismo",Vivienda,Cabecera municipal,Hombre,Hombre,(18 a 28) Juventud,Soacha,Cluster 1
"Intolerancia, machismo","Calle (Autopista,Avenida,Dentro de La Ciudad)",Cabecera municipal,Mujer,Hombre,(Más de 60) Adulto Mayor,Soacha,Cluster 2
"Intolerancia, machismo",Vivienda,Parte rural (vereda y campo),Hombre,Hombre,(00 a 05) Primera Infancia,Cajicá,Cluster 1
"Intolerancia, machismo",Vivienda,Cabecera municipal,Hombre,Hombre,(06 a 11) Infancia,Soacha,Cluster 1
Alcoholismo / drogadicción,Vivienda,Parte rural (vereda y campo),Hombre,Hombre,(29 a 59) Adultez,Chía,Cluster 1
"Intolerancia, machismo",Vivienda,Cabecera municipal,Mujer,Hombre,(18 a 28) Juventud,Chía,Cluster 1
Sin información,Vivienda,Cabecera municipal,Hombre,Hombre,(06 a 11) Infancia,Chía,Cluster 1
"Intolerancia, machismo",Vivienda,Cabecera municipal,Mujer,Hombre,(18 a 28) Juventud,Chía,Cluster 1
"Intolerancia, machismo",Vivienda,Cabecera municipal,Mujer,Hombre,(29 a 59) Adultez,Chía,Cluster 1
Sin información,Vivienda,Cabecera municipal,Mujer,Mujer,(12 a 17) Adolescencia,Chía,Cluster 1
Sin información,Vivienda,Cabecera municipal,Mujer,Mujer,(06 a 11) Infancia,Chía,Cluster 1
"Intolerancia, machismo",Vivienda,Cabecera municipal,Hombre,Hombre,(18 a 28) Juventud,Pacho,Cluster 1
"Intolerancia, machismo",Vivienda,Cabecera municipal,Hombre,Hombre,(18 a 28) Juventud,Pacho,Cluster 1
"Intolerancia, machismo",Vía Pública,Cabecera municipal,Hombre,Hombre,(29 a 59) Adultez,Pacho,Cluster 1
Sin información,"Lugares de Hospedaje (Hoteles,Campamentos Y Otros Tipos de Hospedaje No Permanente,Moteles,Etc)",Cabecera municipal,Mujer,Hombre,(06 a 11) Infancia,Soacha,Cluster 3
"Intolerancia, machismo",Vivienda,Cabecera municipal,Mujer,Hombre,(12 a 17) Adolescencia,Girardot,Cluster 1
Sin información,Vivienda,Sin información,Mujer,Hombre,(00 a 05) Primera Infancia,Soacha,Cluster 1
"Intolerancia, machismo",Vivienda,Cabecera municipal,Mujer,Hombre,(29 a 59) Adultez,Soacha,Cluster 1
"Intolerancia, machismo",Vivienda,Cabecera municipal,Hombre,Hombre,(06 a 11) Infancia,Soacha,Cluster 1
"Intolerancia, machismo",Vía Pública,Cabecera municipal,Hombre,Hombre,(29 a 59) Adultez,Soacha,Cluster 1
"Intolerancia, machismo",Vía Pública,Cabecera municipal,Hombre,Hombre,(29 a 59) Adultez,Soacha,Cluster 1
"Intolerancia, machismo",Vivienda,Cabecera municipal,Mujer,Mujer,(06 a 11) Infancia,Soacha,Cluster 1
"Intolerancia, machismo",Vivienda,Cabecera municipal,Mujer,Hombre,(06 a 11) Infancia,Soacha,Cluster 1
"Intolerancia, machismo",Vía Pública,Cabecera municipal,Mujer,Mujer,(18 a 28) Juventud,Soacha,Cluster 1
"Intolerancia, machismo",Vivienda,Cabecera municipal,Mujer,Hombre,(29 a 59) Adultez,Soacha,Cluster 1
"Intolerancia, machismo",Vivienda,Cabecera municipal,Mujer,Hombre,(29 a 59) Adultez,Soacha,Cluster 1
"Intolerancia, machismo",Vivienda,Cabecera municipal,Mujer,Hombre,(29 a 59) Adultez,Soacha,Cluster 1
"Intolerancia, machismo",Vivienda,Cabecera municipal,Mujer,Mujer,(29 a 59) Adultez,Soacha,Cluster 1
"Intolerancia, machismo",Vivienda,Cabecera municipal,Hombre,Mujer,(29 a 59) Adultez,Soacha,Cluster 1
"Intolerancia, machismo",Vivienda,Cabecera municipal,Hombre,Mujer,(18 a 28) Juventud,Soacha,Cluster 1
"Intolerancia, machismo",Vía Pública,Cabecera municipal,Hombre,Hombre,(12 a 17) Adolescencia,Soacha,Cluster 1
"Intolerancia, machismo","Calle (Autopista,Avenida,Dentro de La Ciudad)",Cabecera municipal,Mujer,Hombre,(18 a 28) Juventud,Soacha,Cluster 2
"Intolerancia, machismo",Vía Pública,Cabecera municipal,Mujer,Mujer,(06 a 11) Infancia,Soacha,Cluster 1
"Intolerancia, machismo",Vía Pública,Cabecera municipal,Mujer,Mujer,(29 a 59) Adultez,Soacha,Cluster 1
"Intolerancia, machismo",Vivienda,Cabecera municipal,Mujer,Hombre,(18 a 28) Juventud,Soacha,Cluster 1
"Intolerancia, machismo",Vía Pública,Cabecera municipal,Hombre,Hombre,(29 a 59) Adultez,Soacha,Cluster 1
Alcoholismo / drogadicción,"Espacios Terrestres al Aire Libre (Bosque,Potrero,Montaña,Playa,Etc)",Cabecera municipal,Mujer,Hombre,(29 a 59) Adultez,Soacha,Cluster 2
"Intolerancia, machismo",Vía Pública,Cabecera municipal,Mujer,Mujer,(06 a 11) Infancia,Soacha,Cluster 1
"Intolerancia, machismo","Calle (Autopista,Avenida,Dentro de La Ciudad)",Cabecera municipal,Hombre,Hombre,(29 a 59) Adultez,Soacha,Cluster 2
"Intolerancia, machismo",Vivienda,Cabecera municipal,Mujer,Hombre,(18 a 28) Juventud,Soacha,Cluster 1
"Intolerancia, machismo",Vivienda,Cabecera municipal,Mujer,Mujer,(Más de 60) Adulto Mayor,Soacha,Cluster 1
"Intolerancia, machismo",Vivienda,Cabecera municipal,Mujer,Hombre,(18 a 28) Juventud,Soacha,Cluster 1
"Intolerancia, machismo",Vivienda,Cabecera municipal,Mujer,Mujer,(29 a 59) Adultez,Soacha,Cluster 1
Sin información,Vivienda,Parte rural (vereda y campo),Mujer,Mujer,(18 a 28) Juventud,Chía,Cluster 1
Sin información,Vivienda,Sin información,Hombre,Mujer,(29 a 59) Adultez,Chía,Cluster 1
Sin información,Vivienda,Cabecera municipal,Mujer,Mujer,(18 a 28) Juventud,Chía,Cluster 1
Sin información,Vivienda,Cabecera municipal,Mujer,Mujer,(18 a 28) Juventud,Chía,Cluster 1
Sin información,Vivienda,Cabecera municipal,Hombre,Mujer,(06 a 11) Infancia,Chía,Cluster 1
"Intolerancia, machismo",Vivienda,Parte rural (vereda y campo),Hombre,Hombre,(12 a 17) Adolescencia,Pacho,Cluster 1
"Intolerancia, machismo",Vivienda,Cabecera municipal,Mujer,Mujer,(12 a 17) Adolescencia,Soacha,Cluster 1
"Intolerancia, machismo",Vivienda,Cabecera municipal,Mujer,Mujer,(06 a 11) Infancia,Soacha,Cluster 1
"Intolerancia, machismo","Calle (Autopista,Avenida,Dentro de La Ciudad)",Cabecera municipal,Mujer,Hombre,(00 a 05) Primera Infancia,Girardot,Cluster 2
"Intolerancia, machismo",Vivienda,Cabecera municipal,Hombre,Hombre,(06 a 11) Infancia,Girardot,Cluster 1
"Intolerancia, machismo",Vivienda,Cabecera municipal,Hombre,Hombre,(29 a 59) Adultez,Girardot,Cluster 1
"Intolerancia, machismo",Vivienda,Cabecera municipal,Mujer,Hombre,(12 a 17) Adolescencia,Soacha,Cluster 1
"Intolerancia, machismo",Vivienda,Cabecera municipal,Hombre,Hombre,(12 a 17) Adolescencia,Soacha,Cluster 1
"Intolerancia, machismo",Vivienda,Cabecera municipal,Mujer,Hombre,(Más de 60) Adulto Mayor,Soacha,Cluster 1
"Intolerancia, machismo",Vivienda,Cabecera municipal,Mujer,Mujer,(18 a 28) Juventud,Soacha,Cluster 1
"Intolerancia, machismo",Vivienda,Cabecera municipal,Hombre,Mujer,(12 a 17) Adolescencia,Soacha,Cluster 1
"Intolerancia, machismo",Vivienda,Cabecera municipal,Mujer,Mujer,(06 a 11) Infancia,Soacha,Cluster 1
"Intolerancia, machismo",Vivienda,Cabecera municipal,Mujer,Hombre,(29 a 59) Adultez,Soacha,Cluster 1
"Intolerancia, machismo",Centros Educativos,Cabecera municipal,Mujer,Hombre,(12 a 17) Adolescencia,Soacha,Cluster 2
"Intolerancia, machismo",Vivienda,Cabecera municipal,Hombre,Hombre,(29 a 59) Adultez,Soacha,Cluster 1
"Intolerancia, machismo","Calle (Autopista,Avenida,Dentro de La Ciudad)",Cabecera municipal,Mujer,Mujer,(18 a 28) Juventud,Soacha,Cluster 2
Sin información,"Calle (Autopista,Avenida,Dentro de La Ciudad)",Cabecera municipal,Hombre,Hombre,(18 a 28) Juventud,Soacha,Cluster 2
Sin información,"Lugares de Hospedaje (Hoteles,Campamentos Y Otros Tipos de Hospedaje No Permanente,Moteles,Etc)",Cabecera municipal,Hombre,Mujer,(00 a 05) Primera Infancia,Soacha,Cluster 3
"Intolerancia, machismo",Vivienda,Cabecera municipal,Mujer,Hombre,(Más de 60) Adulto Mayor,Soacha,Cluster 1
"Intolerancia, machismo",Vivienda,Cabecera municipal,Mujer,Mujer,(Más de 60) Adulto Mayor,Soacha,Cluster 1
"Intolerancia, machismo",Vivienda,Cabecera municipal,Hombre,Hombre,(12 a 17) Adolescencia,Soacha,Cluster 1
"Intolerancia, machismo","Establecimiento Comercial (Tienda,Centro Comercial,Almacén,Plaza de Mercado)",Cabecera municipal,Hombre,Mujer,(06 a 11) Infancia,Soacha,Cluster 2
"Intolerancia, machismo",Vivienda,Cabecera municipal,Mujer,Hombre,(12 a 17) Adolescencia,Soacha,Cluster 1
"Intolerancia, machismo",Vivienda,Cabecera municipal,Hombre,Mujer,(00 a 05) Primera Infancia,Soacha,Cluster 1
"Intolerancia, machismo",Vivienda,Cabecera municipal,Hombre,Hombre,(29 a 59) Adultez,Soacha,Cluster 1
"Intolerancia, machismo",Vía Pública,Cabecera municipal,Mujer,Mujer,(12 a 17) Adolescencia,Soacha,Cluster 1
"Intolerancia, machismo",Vivienda,Cabecera municipal,Mujer,Mujer,(12 a 17) Adolescencia,Soacha,Cluster 1
"Intolerancia, machismo",Vivienda,Cabecera municipal,Mujer,Mujer,(06 a 11) Infancia,Soacha,Cluster 1
"Intolerancia, machismo",Vivienda,Cabecera municipal,Mujer,Hombre,(12 a 17) Adolescencia,Soacha,Cluster 1
"Intolerancia, machismo",Vivienda,Cabecera municipal,Mujer,Hombre,(18 a 28) Juventud,Soacha,Cluster 1
"Intolerancia, machismo",Vivienda,Cabecera municipal,Mujer,Mujer,(06 a 11) Infancia,Soacha,Cluster 1
"Intolerancia, machismo",Vivienda,Cabecera municipal,Mujer,Mujer,(06 a 11) Infancia,Soacha,Cluster 1
"Intolerancia, machismo",Vivienda,Cabecera municipal,Hombre,Mujer,(06 a 11) Infancia,Soacha,Cluster 1
Económicas,Vivienda,Cabecera municipal,Mujer,Hombre,(18 a 28) Juventud,Soacha,Cluster 1
"Intolerancia, machismo","Calle (Autopista,Avenida,Dentro de La Ciudad)",Cabecera municipal,Hombre,Hombre,(18 a 28) Juventud,Soacha,Cluster 2
"Intolerancia, machismo",Vivienda,Cabecera municipal,Hombre,Hombre,(06 a 11) Infancia,Soacha,Cluster 1
"Intolerancia, machismo",Vía Pública,Cabecera municipal,Mujer,Mujer,(18 a 28) Juventud,Soacha,Cluster 1
"Intolerancia, machismo",Vivienda,Cabecera municipal,Hombre,Hombre,(18 a 28) Juventud,Soacha,Cluster 1
"Intolerancia, machismo","Calle (Autopista,Avenida,Dentro de La Ciudad)",Cabecera municipal,Mujer,Mujer,(12 a 17) Adolescencia,Cajicá,Cluster 2
"Intolerancia, machismo",Vivienda,Cabecera municipal,Mujer,Hombre,(12 a 17) Adolescencia,Chía,Cluster 1
Sin información,Vivienda,Parte rural (vereda y campo),Mujer,Mujer,(06 a 11) Infancia,Chía,Cluster 1
Sin información,Vivienda,Cabecera municipal,Hombre,Mujer,(00 a 05) Primera Infancia,Chía,Cluster 1
Sin información,Vivienda,Cabecera municipal,Mujer,Mujer,(06 a 11) Infancia,Chía,Cluster 1
Sin información,Vivienda,Cabecera municipal,Hombre,Hombre,(Más de 60) Adulto Mayor,Pacho,Cluster 1
"Intolerancia, machismo",Vivienda,Cabecera municipal,Hombre,Hombre,(00 a 05) Primera Infancia,Soacha,Cluster 1
"Intolerancia, machismo",Vivienda,Cabecera municipal,Mujer,Mujer,(06 a 11) Infancia,Girardot,Cluster 1
"Intolerancia, machismo",Vivienda,Cabecera municipal,Mujer,Mujer,(29 a 59) Adultez,Girardot,Cluster 1
"Intolerancia, machismo",Vivienda,Cabecera municipal,Hombre,Hombre,(06 a 11) Infancia,Soacha,Cluster 1
"Intolerancia, machismo",Vivienda,Cabecera municipal,Hombre,Hombre,(06 a 11) Infancia,Soacha,Cluster 1
"Intolerancia, machismo",Vivienda,Cabecera municipal,Mujer,Hombre,(06 a 11) Infancia,Soacha,Cluster 1
"Intolerancia, machismo",Vivienda,Cabecera municipal,Hombre,Hombre,(12 a 17) Adolescencia,Soacha,Cluster 1
"Intolerancia, machismo",Vivienda,Cabecera municipal,Mujer,Hombre,(18 a 28) Juventud,Soacha,Cluster 1
Sin información,Vivienda,Cabecera municipal,Mujer,Mujer,(29 a 59) Adultez,Soacha,Cluster 1
"Intolerancia, machismo",Vivienda,Cabecera municipal,Mujer,Hombre,(18 a 28) Juventud,Soacha,Cluster 1
"Intolerancia, machismo",Vivienda,Cabecera municipal,Hombre,Hombre,(Más de 60) Adulto Mayor,Soacha,Cluster 1
"Intolerancia, machismo",Vivienda,Cabecera municipal,Hombre,Hombre,(18 a 28) Juventud,Soacha,Cluster 1
"Intolerancia, machismo",Vivienda,Cabecera municipal,Hombre,Hombre,(06 a 11) Infancia,Soacha,Cluster 1
"Intolerancia, machismo",Vía Pública,Cabecera municipal,Mujer,Hombre,(18 a 28) Juventud,Soacha,Cluster 1
"Intolerancia, machismo",Vivienda,Cabecera municipal,Mujer,Hombre,(Más de 60) Adulto Mayor,Soacha,Cluster 1
"Intolerancia, machismo",Vía Pública,Cabecera municipal,Mujer,Mujer,(29 a 59) Adultez,Soacha,Cluster 1
"Intolerancia, machismo",Vivienda,Cabecera municipal,Mujer,Hombre,(29 a 59) Adultez,Soacha,Cluster 1
"Intolerancia, machismo",Vivienda,Cabecera municipal,Mujer,Hombre,(12 a 17) Adolescencia,Soacha,Cluster 1
"Intolerancia, machismo",Vivienda,Cabecera municipal,Mujer,Hombre,(12 a 17) Adolescencia,Soacha,Cluster 1
Sin información,Vivienda,Cabecera municipal,Hombre,Mujer,(00 a 05) Primera Infancia,Soacha,Cluster 1
"Intolerancia, machismo",Vivienda,Parte rural (vereda y campo),Hombre,Hombre,(29 a 59) Adultez,Soacha,Cluster 1
Alcoholismo / drogadicción,Vivienda,Cabecera municipal,Mujer,Mujer,(18 a 28) Juventud,Soacha,Cluster 1
"Intolerancia, machismo",Vivienda,Cabecera municipal,Hombre,Hombre,(29 a 59) Adultez,Chía,Cluster 1
"Intolerancia, machismo","Lugares de Hospedaje (Hoteles,Campamentos Y Otros Tipos de Hospedaje No Permanente,Moteles,Etc)",Cabecera municipal,Mujer,Hombre,(29 a 59) Adultez,Chía,Cluster 3
"Intolerancia, machismo",Vivienda,Cabecera municipal,Mujer,Mujer,(12 a 17) Adolescencia,Chía,Cluster 1
"Intolerancia, machismo","Lugares de Hospedaje (Hoteles,Campamentos Y Otros Tipos de Hospedaje No Permanente,Moteles,Etc)",Cabecera municipal,Mujer,Mujer,(29 a 59) Adultez,Chía,Cluster 3
"Intolerancia, machismo",Vivienda,Cabecera municipal,Mujer,Mujer,(12 a 17) Adolescencia,Chía,Cluster 1
Sin información,Sin Información,Cabecera municipal,Hombre,Hombre,(06 a 11) Infancia,Chía,Cluster 3
"Intolerancia, machismo",Vivienda,Cabecera municipal,Hombre,Hombre,(12 a 17) Adolescencia,Soacha,Cluster 1
Alcoholismo / drogadicción,Vivienda,Cabecera municipal,Hombre,Mujer,(18 a 28) Juventud,Girardot,Cluster 1
"Intolerancia, machismo",Vivienda,Cabecera municipal,Hombre,Mujer,(29 a 59) Adultez,Soacha,Cluster 1
"Intolerancia, machismo",Vía Pública,Cabecera municipal,Hombre,Hombre,(18 a 28) Juventud,Soacha,Cluster 1
"Intolerancia, machismo",Vía Pública,Cabecera municipal,Mujer,Mujer,(06 a 11) Infancia,Soacha,Cluster 1
"Intolerancia, machismo",Vía Pública,Cabecera municipal,Hombre,Mujer,(12 a 17) Adolescencia,Soacha,Cluster 1
"Intolerancia, machismo",Vía Pública,Cabecera municipal,Mujer,Mujer,(29 a 59) Adultez,Soacha,Cluster 1
"Intolerancia, machismo",Vivienda,Cabecera municipal,Mujer,Mujer,(29 a 59) Adultez,Soacha,Cluster 1
"Intolerancia, machismo",Vía Pública,Cabecera municipal,Hombre,Hombre,(18 a 28) Juventud,Soacha,Cluster 1
"Intolerancia, machismo",Vía Pública,Cabecera municipal,Hombre,Hombre,(18 a 28) Juventud,Soacha,Cluster 1
Alcoholismo / drogadicción,"Calle (Autopista,Avenida,Dentro de La Ciudad)",Cabecera municipal,Hombre,Hombre,(18 a 28) Juventud,Soacha,Cluster 2
Alcoholismo / drogadicción,Vivienda,Cabecera municipal,Mujer,Hombre,(29 a 59) Adultez,Soacha,Cluster 1
"Intolerancia, machismo",Vivienda,Cabecera municipal,Hombre,Mujer,(12 a 17) Adolescencia,Soacha,Cluster 1
"Intolerancia, machismo",Vía Pública,Cabecera municipal,Mujer,Hombre,(00 a 05) Primera Infancia,Soacha,Cluster 1
"Intolerancia, machismo",Vivienda,Cabecera municipal,Hombre,Hombre,(18 a 28) Juventud,Soacha,Cluster 1
"Intolerancia, machismo",Vivienda,Cabecera municipal,Mujer,Hombre,(18 a 28) Juventud,Soacha,Cluster 1
"Intolerancia, machismo",Vivienda,Cabecera municipal,Hombre,Hombre,(29 a 59) Adultez,Soacha,Cluster 1
"Intolerancia, machismo",Vivienda,Cabecera municipal,Mujer,Mujer,(29 a 59) Adultez,Soacha,Cluster 1
"Intolerancia, machismo",Vivienda,Cabecera municipal,Hombre,Mujer,(12 a 17) Adolescencia,Soacha,Cluster 1
"Intolerancia, machismo",Vía Pública,Cabecera municipal,Mujer,Mujer,(29 a 59) Adultez,Soacha,Cluster 1
"Intolerancia, machismo",Vivienda,Cabecera municipal,Hombre,Hombre,(29 a 59) Adultez,Soacha,Cluster 1
"Intolerancia, machismo","Calle (Autopista,Avenida,Dentro de La Ciudad)",Cabecera municipal,Hombre,Hombre,(18 a 28) Juventud,Soacha,Cluster 2
"Intolerancia, machismo","Establecimiento Comercial (Tienda,Centro Comercial,Almacén,Plaza de Mercado)",Cabecera municipal,Mujer,Mujer,(00 a 05) Primera Infancia,Soacha,Cluster 2
"Intolerancia, machismo",Vivienda,Cabecera municipal,Mujer,Mujer,(06 a 11) Infancia,Soacha,Cluster 1
"Intolerancia, machismo",Vivienda,Cabecera municipal,Hombre,Hombre,(29 a 59) Adultez,Soacha,Cluster 1
"Intolerancia, machismo",Vivienda,Cabecera municipal,Mujer,Mujer,(18 a 28) Juventud,Soacha,Cluster 1
"Intolerancia, machismo",Vivienda,Cabecera municipal,Mujer,Mujer,(29 a 59) Adultez,Soacha,Cluster 1
"Intolerancia, machismo",Vía Pública,Cabecera municipal,Mujer,Mujer,(12 a 17) Adolescencia,Soacha,Cluster 1
"Intolerancia, machismo",Vivienda,Cabecera municipal,Mujer,Hombre,(Más de 60) Adulto Mayor,Soacha,Cluster 1
"Intolerancia, machismo",Vivienda,Cabecera municipal,Mujer,Mujer,(06 a 11) Infancia,Soacha,Cluster 1
"Intolerancia, machismo",Vivienda,Cabecera municipal,Hombre,Hombre,(18 a 28) Juventud,Soacha,Cluster 1
"Intolerancia, machismo",Vivienda,Cabecera municipal,Mujer,Hombre,(29 a 59) Adultez,Soacha,Cluster 1
"Intolerancia, machismo",Vivienda,Cabecera municipal,Mujer,Mujer,(06 a 11) Infancia,Chía,Cluster 1
"Intolerancia, machismo",Vivienda,Cabecera municipal,Mujer,Mujer,(29 a 59) Adultez,Chía,Cluster 1
"Intolerancia, machismo",Vivienda,Cabecera municipal,Mujer,Hombre,(29 a 59) Adultez,Chía,Cluster 1
"Intolerancia, machismo",Vivienda,Cabecera municipal,Mujer,Hombre,(18 a 28) Juventud,Pacho,Cluster 1
"Intolerancia, machismo",Carretera (Fuera de La Ciudad),Parte rural (vereda y campo),Hombre,Hombre,(Más de 60) Adulto Mayor,Pacho,Cluster 2
"Intolerancia, machismo",Vivienda,Parte rural (vereda y campo),Mujer,Hombre,(29 a 59) Adultez,Pacho,Cluster 1
"Intolerancia, machismo",Vivienda,Cabecera municipal,Mujer,Hombre,(06 a 11) Infancia,Soacha,Cluster 1
Alcoholismo / drogadicción,Vivienda,Cabecera municipal,Hombre,Hombre,(06 a 11) Infancia,Soacha,Cluster 1
Alcoholismo / drogadicción,Vivienda,Cabecera municipal,Hombre,Hombre,(06 a 11) Infancia,Soacha,Cluster 1
"Intolerancia, machismo",Vivienda,Cabecera municipal,Mujer,Mujer,(12 a 17) Adolescencia,Soacha,Cluster 1
"Intolerancia, machismo",Vivienda,Cabecera municipal,Hombre,Mujer,(00 a 05) Primera Infancia,Soacha,Cluster 1
"Intolerancia, machismo",Vivienda,Cabecera municipal,Mujer,Mujer,(12 a 17) Adolescencia,Soacha,Cluster 1
"Intolerancia, machismo",Vivienda,Cabecera municipal,Hombre,Hombre,(06 a 11) Infancia,Soacha,Cluster 1
"Intolerancia, machismo","Calle (Autopista,Avenida,Dentro de La Ciudad)",Cabecera municipal,Mujer,Hombre,(12 a 17) Adolescencia,Girardot,Cluster 2
"Intolerancia, machismo",Vivienda,Cabecera municipal,Hombre,Hombre,(00 a 05) Primera Infancia,Soacha,Cluster 1
"Intolerancia, machismo",Sin Información,Cabecera municipal,Mujer,Hombre,(12 a 17) Adolescencia,Soacha,Cluster 3
"Intolerancia, machismo","Calle (Autopista,Avenida,Dentro de La Ciudad)",Cabecera municipal,Hombre,Mujer,(18 a 28) Juventud,Soacha,Cluster 2
"Intolerancia, machismo",Vivienda,Cabecera municipal,Hombre,Hombre,(29 a 59) Adultez,Soacha,Cluster 1
"Intolerancia, machismo",Vivienda,Cabecera municipal,Hombre,Hombre,(06 a 11) Infancia,Soacha,Cluster 1
"Intolerancia, machismo",Vía Pública,Cabecera municipal,Mujer,Mujer,(18 a 28) Juventud,Soacha,Cluster 1
"Intolerancia, machismo",Vivienda,Cabecera municipal,Mujer,Mujer,(12 a 17) Adolescencia,Soacha,Cluster 1
"Intolerancia, machismo",Vivienda,Cabecera municipal,Hombre,Hombre,(29 a 59) Adultez,Soacha,Cluster 1
"Intolerancia, machismo",Sin Información,Cabecera municipal,Mujer,Hombre,(29 a 59) Adultez,Soacha,Cluster 3
"Intolerancia, machismo",Sin Información,Cabecera municipal,Mujer,Hombre,(29 a 59) Adultez,Soacha,Cluster 3
"Intolerancia, machismo",Vivienda,Cabecera municipal,Hombre,Hombre,(18 a 28) Juventud,Soacha,Cluster 1
"Intolerancia, machismo",Sin Información,Cabecera municipal,Hombre,Hombre,(29 a 59) Adultez,Soacha,Cluster 3
"Intolerancia, machismo",Vivienda,Cabecera municipal,Hombre,Hombre,(Más de 60) Adulto Mayor,Soacha,Cluster 1
"Intolerancia, machismo",Sin Información,Cabecera municipal,Hombre,Hombre,(00 a 05) Primera Infancia,Soacha,Cluster 3
"Intolerancia, machismo",Vivienda,Cabecera municipal,Mujer,Hombre,(00 a 05) Primera Infancia,Soacha,Cluster 1
"Intolerancia, machismo",Vivienda,Cabecera municipal,Hombre,Hombre,(29 a 59) Adultez,Soacha,Cluster 1
"Intolerancia, machismo",Vivienda,Cabecera municipal,Mujer,Hombre,(12 a 17) Adolescencia,Soacha,Cluster 1
"Intolerancia, machismo",Vivienda,Cabecera municipal,Mujer,Mujer,(29 a 59) Adultez,Soacha,Cluster 1
"Intolerancia, machismo",Vivienda,Cabecera municipal,Mujer,Mujer,(18 a 28) Juventud,Soacha,Cluster 1
"Intolerancia, machismo",Vivienda,Cabecera municipal,Hombre,Hombre,(29 a 59) Adultez,Soacha,Cluster 1
"Intolerancia, machismo",Vivienda,Cabecera municipal,Mujer,Mujer,(06 a 11) Infancia,Soacha,Cluster 1
"Intolerancia, machismo",Vivienda,Cabecera municipal,Hombre,Hombre,(00 a 05) Primera Infancia,Soacha,Cluster 1
"Intolerancia, machismo",Vivienda,Cabecera municipal,Mujer,Hombre,(29 a 59) Adultez,Soacha,Cluster 1
"Intolerancia, machismo",Vivienda,Cabecera municipal,Hombre,Hombre,(29 a 59) Adultez,Soacha,Cluster 1
"Intolerancia, machismo",Vivienda,Cabecera municipal,Hombre,Mujer,(18 a 28) Juventud,Soacha,Cluster 1
"Intolerancia, machismo",Vivienda,Cabecera municipal,Hombre,Hombre,(29 a 59) Adultez,Soacha,Cluster 1
"Intolerancia, machismo","Calle (Autopista,Avenida,Dentro de La Ciudad)",Cabecera municipal,Mujer,Hombre,(18 a 28) Juventud,Soacha,Cluster 2
"Intolerancia, machismo",Vía Pública,Cabecera municipal,Hombre,Hombre,(18 a 28) Juventud,Soacha,Cluster 1
"Intolerancia, machismo",Vivienda,Cabecera municipal,Mujer,Hombre,(29 a 59) Adultez,Soacha,Cluster 1
"Intolerancia, machismo",Vivienda,Cabecera municipal,Mujer,Hombre,(29 a 59) Adultez,Soacha,Cluster 1
"Intolerancia, machismo",Vía Pública,Cabecera municipal,Hombre,Hombre,(29 a 59) Adultez,Soacha,Cluster 1
"Intolerancia, machismo",Vía Pública,Cabecera municipal,Mujer,Mujer,(18 a 28) Juventud,Soacha,Cluster 1
"Intolerancia, machismo",Vivienda,Cabecera municipal,Mujer,Hombre,(29 a 59) Adultez,Soacha,Cluster 1
"Intolerancia, machismo",Vía Pública,Cabecera municipal,Hombre,Hombre,(18 a 28) Juventud,Soacha,Cluster 1
"Intolerancia, machismo",Vivienda,Cabecera municipal,Hombre,Mujer,(06 a 11) Infancia,Soacha,Cluster 1
"Intolerancia, machismo",Vivienda,Cabecera municipal,Hombre,Hombre,(06 a 11) Infancia,Soacha,Cluster 1
"Intolerancia, machismo",Vivienda,Cabecera municipal,Hombre,Hombre,(00 a 05) Primera Infancia,Soacha,Cluster 1
"Intolerancia, machismo",Vivienda,Cabecera municipal,Mujer,Mujer,(29 a 59) Adultez,Soacha,Cluster 1
"Intolerancia, machismo",Vivienda,Cabecera municipal,Mujer,Mujer,(29 a 59) Adultez,Soacha,Cluster 1
Alcoholismo / drogadicción,Vivienda,Cabecera municipal,Hombre,Hombre,(29 a 59) Adultez,Soacha,Cluster 1
"Intolerancia, machismo",Vivienda,Cabecera municipal,Hombre,Hombre,(29 a 59) Adultez,Soacha,Cluster 1
"Intolerancia, machismo",Vivienda,Cabecera municipal,Mujer,Mujer,(18 a 28) Juventud,Chía,Cluster 1
"Intolerancia, machismo",Vivienda,Cabecera municipal,Hombre,Hombre,(29 a 59) Adultez,Chía,Cluster 1
"Intolerancia, machismo",Vivienda,Cabecera municipal,Mujer,Hombre,(06 a 11) Infancia,Cajicá,Cluster 1
Sin información,Vivienda,Cabecera municipal,Hombre,Mujer,(29 a 59) Adultez,Cajicá,Cluster 1
"Intolerancia, machismo",Vivienda,Cabecera municipal,Hombre,Hombre,(00 a 05) Primera Infancia,Soacha,Cluster 1
"Intolerancia, machismo",Vivienda,Cabecera municipal,Hombre,Hombre,(29 a 59) Adultez,Girardot,Cluster 1
"Intolerancia, machismo",Vivienda,Cabecera municipal,Hombre,Mujer,(00 a 05) Primera Infancia,Girardot,Cluster 1
"Intolerancia, machismo",Vivienda,Cabecera municipal,Mujer,Hombre,(12 a 17) Adolescencia,Soacha,Cluster 1
"Intolerancia, machismo","Calle (Autopista,Avenida,Dentro de La Ciudad)",Cabecera municipal,Mujer,Mujer,(18 a 28) Juventud,Soacha,Cluster 2
"Intolerancia, machismo",Vivienda,Cabecera municipal,Mujer,Mujer,(06 a 11) Infancia,Soacha,Cluster 1
"Intolerancia, machismo",Vivienda,Cabecera municipal,Hombre,Hombre,(Más de 60) Adulto Mayor,Soacha,Cluster 1
"Intolerancia, machismo",Vivienda,Cabecera municipal,Mujer,Hombre,(Más de 60) Adulto Mayor,Soacha,Cluster 1
"Intolerancia, machismo",Sin Información,Cabecera municipal,Hombre,Hombre,(00 a 05) Primera Infancia,Soacha,Cluster 3
"Intolerancia, machismo",Vivienda,Cabecera municipal,Mujer,Mujer,(29 a 59) Adultez,Soacha,Cluster 1
"Intolerancia, machismo",Vía Pública,Cabecera municipal,Mujer,Mujer,(18 a 28) Juventud,Soacha,Cluster 1
Sin información,"Calle (Autopista,Avenida,Dentro de La Ciudad)",Cabecera municipal,Mujer,Hombre,(Más de 60) Adulto Mayor,Soacha,Cluster 2
"Intolerancia, machismo",Vivienda,Cabecera municipal,Mujer,Hombre,(12 a 17) Adolescencia,Soacha,Cluster 1
"Intolerancia, machismo",Vivienda,Cabecera municipal,Hombre,Hombre,(06 a 11) Infancia,Soacha,Cluster 1
Sin información,Vivienda,Cabecera municipal,Hombre,Hombre,(00 a 05) Primera Infancia,Chía,Cluster 1
"Intolerancia, machismo",Vivienda,Cabecera municipal,Mujer,Hombre,(29 a 59) Adultez,Chía,Cluster 1
"Intolerancia, machismo",Vivienda,Cabecera municipal,Mujer,Mujer,(18 a 28) Juventud,Chía,Cluster 1
"Intolerancia, machismo",Vivienda,Cabecera municipal,Mujer,Mujer,(00 a 05) Primera Infancia,Soacha,Cluster 1
"Intolerancia, machismo",Vivienda,Cabecera municipal,Mujer,Hombre,(12 a 17) Adolescencia,Girardot,Cluster 1
"Intolerancia, machismo",Vivienda,Cabecera municipal,Hombre,Hombre,(29 a 59) Adultez,Girardot,Cluster 1
"Intolerancia, machismo",Vivienda,Cabecera municipal,Mujer,Hombre,(29 a 59) Adultez,Girardot,Cluster 1
"Intolerancia, machismo",Vivienda,Cabecera municipal,Mujer,Hombre,(18 a 28) Juventud,Girardot,Cluster 1
"Intolerancia, machismo",Vivienda,Cabecera municipal,Mujer,Mujer,(06 a 11) Infancia,Girardot,Cluster 1
"Intolerancia, machismo","Calle (Autopista,Avenida,Dentro de La Ciudad)",Cabecera municipal,Mujer,Mujer,(29 a 59) Adultez,Girardot,Cluster 2
"Intolerancia, machismo",Vivienda,Cabecera municipal,Mujer,Hombre,(29 a 59) Adultez,Girardot,Cluster 1
"Intolerancia, machismo",Vivienda,Cabecera municipal,Hombre,Hombre,(00 a 05) Primera Infancia,Soacha,Cluster 1
"Intolerancia, machismo",Vivienda,Cabecera municipal,Hombre,Mujer,(29 a 59) Adultez,Soacha,Cluster 1
"Intolerancia, machismo",Sin Información,Cabecera municipal,Mujer,Hombre,(00 a 05) Primera Infancia,Soacha,Cluster 3
"Intolerancia, machismo","Calle (Autopista,Avenida,Dentro de La Ciudad)",Cabecera municipal,Mujer,Mujer,(29 a 59) Adultez,Soacha,Cluster 2
"Intolerancia, machismo",Vía Pública,Cabecera municipal,Mujer,Hombre,(29 a 59) Adultez,Soacha,Cluster 1
"Intolerancia, machismo",Sin Información,Cabecera municipal,Hombre,Hombre,(12 a 17) Adolescencia,Soacha,Cluster 3
"Intolerancia, machismo",Vivienda,Cabecera municipal,Mujer,Hombre,(29 a 59) Adultez,Soacha,Cluster 1
"Intolerancia, machismo",Vivienda,Cabecera municipal,Mujer,Mujer,(29 a 59) Adultez,Soacha,Cluster 1
"Intolerancia, machismo",Vivienda,Cabecera municipal,Mujer,Mujer,(06 a 11) Infancia,Soacha,Cluster 1
"Intolerancia, machismo",Vivienda,Cabecera municipal,Hombre,Hombre,(29 a 59) Adultez,Soacha,Cluster 1
"Intolerancia, machismo",Vivienda,Cabecera municipal,Hombre,Hombre,(12 a 17) Adolescencia,Soacha,Cluster 1
"Intolerancia, machismo",Vía Pública,Cabecera municipal,Hombre,Hombre,(18 a 28) Juventud,Soacha,Cluster 1
"Intolerancia, machismo",Vivienda,Parte rural (vereda y campo),Mujer,Mujer,(18 a 28) Juventud,Soacha,Cluster 1
"Intolerancia, machismo",Vivienda,Cabecera municipal,Mujer,Hombre,(18 a 28) Juventud,Soacha,Cluster 1
Sin información,Sin Información,Cabecera municipal,Mujer,Mujer,(12 a 17) Adolescencia,Chía,Cluster 3
Sin información,Sin Información,Parte rural (vereda y campo),Mujer,Mujer,(00 a 05) Primera Infancia,Chía,Cluster 3
Sin información,Vivienda,Parte rural (vereda y campo),Mujer,Mujer,(12 a 17) Adolescencia,Chía,Cluster 1
Sin información,Vivienda,Parte rural (vereda y campo),Mujer,Hombre,(06 a 11) Infancia,Guaduas,Cluster 1
Sin información,Sin Información,Cabecera municipal,Hombre,Hombre,(18 a 28) Juventud,Pacho,Cluster 3
"Intolerancia, machismo",Vivienda,Cabecera municipal,Mujer,Hombre,(18 a 28) Juventud,Cajicá,Cluster 1
"Intolerancia, machismo","Calle (Autopista,Avenida,Dentro de La Ciudad)",Cabecera municipal,Hombre,Hombre,(18 a 28) Juventud,Girardot,Cluster 2
"Intolerancia, machismo",Vivienda,Cabecera municipal,Mujer,Hombre,(29 a 59) Adultez,Girardot,Cluster 1
Alcoholismo / drogadicción,Vivienda,Cabecera municipal,Hombre,Hombre,(29 a 59) Adultez,Girardot,Cluster 1
Alcoholismo / drogadicción,Vivienda,Cabecera municipal,Hombre,Hombre,(12 a 17) Adolescencia,Girardot,Cluster 1
"Intolerancia, machismo","Calle (Autopista,Avenida,Dentro de La Ciudad)",Cabecera municipal,Mujer,Mujer,(Más de 60) Adulto Mayor,Soacha,Cluster 2
"Intolerancia, machismo",Vivienda,Cabecera municipal,Hombre,Mujer,(00 a 05) Primera Infancia,Soacha,Cluster 1
"Intolerancia, machismo",Vivienda,Cabecera municipal,Hombre,Hombre,(00 a 05) Primera Infancia,Soacha,Cluster 1
"Intolerancia, machismo",Vivienda,Cabecera municipal,Mujer,Mujer,(12 a 17) Adolescencia,Soacha,Cluster 1
"Intolerancia, machismo",Vivienda,Cabecera municipal,Mujer,Hombre,(29 a 59) Adultez,Soacha,Cluster 1
"Intolerancia, machismo",Vivienda,Cabecera municipal,Mujer,Hombre,(29 a 59) Adultez,Soacha,Cluster 1
"Intolerancia, machismo",Vivienda,Cabecera municipal,Hombre,Hombre,(06 a 11) Infancia,Soacha,Cluster 1
"Intolerancia, machismo",Vivienda,Cabecera municipal,Mujer,Hombre,(Más de 60) Adulto Mayor,Soacha,Cluster 1
"Intolerancia, machismo",Vivienda,Cabecera municipal,Mujer,Hombre,(06 a 11) Infancia,Soacha,Cluster 1
"Intolerancia, machismo",Vivienda,Cabecera municipal,Mujer,Hombre,(29 a 59) Adultez,Soacha,Cluster 1
Alcoholismo / drogadicción,Vía Pública,Cabecera municipal,Mujer,Mujer,(18 a 28) Juventud,Soacha,Cluster 1
"Intolerancia, machismo",Vía Pública,Cabecera municipal,Mujer,Hombre,(29 a 59) Adultez,Soacha,Cluster 1
"Intolerancia, machismo",Vía Pública,Cabecera municipal,Mujer,Hombre,(29 a 59) Adultez,Soacha,Cluster 1
"Intolerancia, machismo",Vía Pública,Cabecera municipal,Mujer,Mujer,(18 a 28) Juventud,Soacha,Cluster 1
"Intolerancia, machismo",Vivienda,Cabecera municipal,Hombre,Mujer,(Más de 60) Adulto Mayor,Soacha,Cluster 1
"Intolerancia, machismo",Vivienda,Cabecera municipal,Mujer,Mujer,(29 a 59) Adultez,Soacha,Cluster 1
"Intolerancia, machismo",Vivienda,Cabecera municipal,Hombre,Mujer,(Más de 60) Adulto Mayor,Soacha,Cluster 1
"Intolerancia, machismo",Vivienda,Cabecera municipal,Hombre,Hombre,(Más de 60) Adulto Mayor,Soacha,Cluster 1
"Intolerancia, machismo","Calle (Autopista,Avenida,Dentro de La Ciudad)",Cabecera municipal,Mujer,Mujer,(18 a 28) Juventud,Soacha,Cluster 2
"Intolerancia, machismo","Calle (Autopista,Avenida,Dentro de La Ciudad)",Cabecera municipal,Hombre,Mujer,(29 a 59) Adultez,Soacha,Cluster 2
"Intolerancia, machismo",Vivienda,Cabecera municipal,Mujer,Mujer,(29 a 59) Adultez,Soacha,Cluster 1
"Intolerancia, machismo",Vivienda,Cabecera municipal,Hombre,Hombre,(06 a 11) Infancia,Soacha,Cluster 1
"Intolerancia, machismo",Vivienda,Cabecera municipal,Hombre,Hombre,(00 a 05) Primera Infancia,Soacha,Cluster 1
Sin información,"Calle (Autopista,Avenida,Dentro de La Ciudad)",Cabecera municipal,Mujer,Hombre,(29 a 59) Adultez,Soacha,Cluster 2
"Intolerancia, machismo",Vivienda,Cabecera municipal,Mujer,Hombre,(18 a 28) Juventud,Soacha,Cluster 1
"Intolerancia, machismo",Vivienda,Cabecera municipal,Mujer,Mujer,(00 a 05) Primera Infancia,Soacha,Cluster 1
"Intolerancia, machismo",Vivienda,Cabecera municipal,Hombre,Hombre,(29 a 59) Adultez,Pacho,Cluster 1
"Intolerancia, machismo","Calle (Autopista,Avenida,Dentro de La Ciudad)",Cabecera municipal,Mujer,Mujer,(12 a 17) Adolescencia,Soacha,Cluster 2
"Intolerancia, machismo",Vivienda,Cabecera municipal,Hombre,Hombre,(29 a 59) Adultez,Soacha,Cluster 1
"Intolerancia, machismo",Vivienda,Cabecera municipal,Mujer,Mujer,(18 a 28) Juventud,Soacha,Cluster 1
"Intolerancia, machismo",Vivienda,Cabecera municipal,Mujer,Mujer,(18 a 28) Juventud,Soacha,Cluster 1
"Intolerancia, machismo",Vivienda,Cabecera municipal,Mujer,Mujer,(29 a 59) Adultez,Soacha,Cluster 1
"Intolerancia, machismo",Vivienda,Cabecera municipal,Hombre,Hombre,(29 a 59) Adultez,Soacha,Cluster 1
"Intolerancia, machismo",Vía Pública,Cabecera municipal,Hombre,Hombre,(18 a 28) Juventud,Soacha,Cluster 1
"Intolerancia, machismo",Vía Pública,Cabecera municipal,Mujer,Hombre,(00 a 05) Primera Infancia,Soacha,Cluster 1
"Intolerancia, machismo",Vivienda,Cabecera municipal,Hombre,Hombre,(06 a 11) Infancia,Soacha,Cluster 1
"Intolerancia, machismo",Vivienda,Cabecera municipal,Hombre,Mujer,(12 a 17) Adolescencia,Guaduas,Cluster 1
"Intolerancia, machismo",Vivienda,Parte rural (vereda y campo),Mujer,Mujer,(18 a 28) Juventud,Cota,Cluster 1
"Intolerancia, machismo",Vivienda,Cabecera municipal,Mujer,Hombre,(29 a 59) Adultez,Soacha,Cluster 1
"Intolerancia, machismo",Vivienda,Cabecera municipal,Hombre,Hombre,(29 a 59) Adultez,Chía,Cluster 1
Alcoholismo / drogadicción,Vivienda,Cabecera municipal,Mujer,Hombre,(29 a 59) Adultez,Chía,Cluster 1
Sin información,Vivienda,"Centro poblado(corregimiento, inspección de policía y caserío)",Hombre,Mujer,(06 a 11) Infancia,Chía,Cluster 1
Otras,Vivienda,Parte rural (vereda y campo),Mujer,Hombre,(18 a 28) Juventud,Chía,Cluster 1
"Intolerancia, machismo",Vivienda,"Centro poblado(corregimiento, inspección de policía y caserío)",Hombre,Hombre,(29 a 59) Adultez,Chía,Cluster 1
Otras,"Establecimiento Comercial (Tienda,Centro Comercial,Almacén,Plaza de Mercado)",Parte rural (vereda y campo),Hombre,Hombre,(18 a 28) Juventud,Guaduas,Cluster 2
"Intolerancia, machismo",Vivienda,Cabecera municipal,Mujer,Hombre,(12 a 17) Adolescencia,Cajicá,Cluster 1
"Celos, desconfianza, infidelidad",Vía Pública,Cabecera municipal,Mujer,Mujer,(29 a 59) Adultez,Cajicá,Cluster 1
"Intolerancia, machismo",Vivienda,Cabecera municipal,Mujer,Hombre,(06 a 11) Infancia,Soacha,Cluster 1
"Intolerancia, machismo",Vivienda,Cabecera municipal,Mujer,Mujer,(12 a 17) Adolescencia,Soacha,Cluster 1
"Intolerancia, machismo",Vía Pública,Cabecera municipal,Hombre,Hombre,(12 a 17) Adolescencia,Soacha,Cluster 1
"Intolerancia, machismo",Vivienda,Cabecera municipal,Mujer,Hombre,(12 a 17) Adolescencia,Soacha,Cluster 1
"Intolerancia, machismo",Vivienda,Cabecera municipal,Hombre,Hombre,(Más de 60) Adulto Mayor,Soacha,Cluster 1
"Intolerancia, machismo",Vivienda,Cabecera municipal,Mujer,Hombre,(Más de 60) Adulto Mayor,Soacha,Cluster 1
"Intolerancia, machismo",Vía Pública,Cabecera municipal,Mujer,Hombre,(18 a 28) Juventud,Soacha,Cluster 1
"Intolerancia, machismo",Vivienda,Cabecera municipal,Hombre,Mujer,(12 a 17) Adolescencia,Soacha,Cluster 1
"Intolerancia, machismo",Vivienda,Cabecera municipal,Hombre,Mujer,(00 a 05) Primera Infancia,Soacha,Cluster 1
"Intolerancia, machismo",Sin información,Cabecera municipal,Mujer,Hombre,(00 a 05) Primera Infancia,Soacha,Cluster 1
"Intolerancia, machismo",Vivienda,Cabecera municipal,Hombre,Hombre,(12 a 17) Adolescencia,Soacha,Cluster 1
"Intolerancia, machismo",Vivienda,Cabecera municipal,Mujer,Hombre,(12 a 17) Adolescencia,Soacha,Cluster 1
"Intolerancia, machismo",Vivienda,Cabecera municipal,Mujer,Hombre,(18 a 28) Juventud,Soacha,Cluster 1
"Intolerancia, machismo","Calle (Autopista,Avenida,Dentro de La Ciudad)",Parte rural (vereda y campo),Mujer,Hombre,(29 a 59) Adultez,Chía,Cluster 2
"Intolerancia, machismo",Vivienda,Cabecera municipal,Mujer,Mujer,(29 a 59) Adultez,Chía,Cluster 1
"Intolerancia, machismo",Vivienda,Cabecera municipal,Mujer,Mujer,(29 a 59) Adultez,Chía,Cluster 1
Alcoholismo / drogadicción,Vivienda,Cabecera municipal,Mujer,Hombre,(29 a 59) Adultez,Chía,Cluster 1
"Intolerancia, machismo",Vivienda,Cabecera municipal,Mujer,Mujer,(12 a 17) Adolescencia,Chía,Cluster 1
"Intolerancia, machismo",Vivienda,Cabecera municipal,Mujer,Mujer,(00 a 05) Primera Infancia,Cajicá,Cluster 1
"Intolerancia, machismo",Vivienda,Cabecera municipal,Mujer,Hombre,(00 a 05) Primera Infancia,Chía,Cluster 1
Sin información,"Calle (Autopista,Avenida,Dentro de La Ciudad)",Cabecera municipal,Hombre,Mujer,(06 a 11) Infancia,Cajicá,Cluster 2
Alcoholismo / drogadicción,Vivienda,Parte rural (vereda y campo),Mujer,Hombre,(06 a 11) Infancia,Cajicá,Cluster 1
"Intolerancia, machismo",Vivienda,Cabecera municipal,Hombre,Hombre,(06 a 11) Infancia,Girardot,Cluster 1
"Intolerancia, machismo","Calle (Autopista,Avenida,Dentro de La Ciudad)",Cabecera municipal,Mujer,Mujer,(29 a 59) Adultez,Girardot,Cluster 2
Alcoholismo / drogadicción,Vivienda,Cabecera municipal,Hombre,Hombre,(29 a 59) Adultez,Girardot,Cluster 1
"Intolerancia, machismo",Vivienda,Cabecera municipal,Mujer,Mujer,(18 a 28) Juventud,Girardot,Cluster 1
Otras,"Calle (Autopista,Avenida,Dentro de La Ciudad)",Cabecera municipal,Mujer,Mujer,(18 a 28) Juventud,Girardot,Cluster 2
"Intolerancia, machismo",Vivienda,Cabecera municipal,Mujer,Hombre,(29 a 59) Adultez,Girardot,Cluster 1
"Intolerancia, machismo",Vivienda,Cabecera municipal,Hombre,Hombre,(12 a 17) Adolescencia,Girardot,Cluster 1
"Intolerancia, machismo",Vivienda,Cabecera municipal,Hombre,Hombre,(18 a 28) Juventud,Soacha,Cluster 1
"Intolerancia, machismo",Vivienda,Cabecera municipal,Hombre,Hombre,(06 a 11) Infancia,Soacha,Cluster 1
"Intolerancia, machismo",Vivienda,Cabecera municipal,Mujer,Hombre,(12 a 17) Adolescencia,Soacha,Cluster 1
"Intolerancia, machismo",Vivienda,Cabecera municipal,Hombre,Hombre,(29 a 59) Adultez,Soacha,Cluster 1
"Intolerancia, machismo",Vivienda,Cabecera municipal,Hombre,Hombre,(06 a 11) Infancia,Soacha,Cluster 1
"Intolerancia, machismo","Calle (Autopista,Avenida,Dentro de La Ciudad)",Cabecera municipal,Mujer,Hombre,(18 a 28) Juventud,Soacha,Cluster 2
Alcoholismo / drogadicción,Vivienda,Cabecera municipal,Mujer,Hombre,(29 a 59) Adultez,Soacha,Cluster 1
"Intolerancia, machismo",Vía Pública,Cabecera municipal,Hombre,Hombre,(18 a 28) Juventud,Soacha,Cluster 1
"Intolerancia, machismo",Vivienda,Cabecera municipal,Mujer,Hombre,(29 a 59) Adultez,Soacha,Cluster 1
"Intolerancia, machismo",Vivienda,Cabecera municipal,Hombre,Hombre,(12 a 17) Adolescencia,Soacha,Cluster 1
"Intolerancia, machismo",Vivienda,Sin información,Hombre,Hombre,(18 a 28) Juventud,Soacha,Cluster 1
"Intolerancia, machismo",Vivienda,Cabecera municipal,Hombre,Hombre,(12 a 17) Adolescencia,Soacha,Cluster 1
"Intolerancia, machismo",Vivienda,Cabecera municipal,Mujer,Hombre,(29 a 59) Adultez,Soacha,Cluster 1
Sin información,"Calle (Autopista,Avenida,Dentro de La Ciudad)",Cabecera municipal,Hombre,Mujer,(00 a 05) Primera Infancia,Soacha,Cluster 2
"Intolerancia, machismo","Establecimiento Comercial (Tienda,Centro Comercial,Almacén,Plaza de Mercado)",Cabecera municipal,Mujer,Mujer,(29 a 59) Adultez,Soacha,Cluster 2
Sin información,"Calle (Autopista,Avenida,Dentro de La Ciudad)",Cabecera municipal,Mujer,Hombre,(06 a 11) Infancia,Soacha,Cluster 2
"Intolerancia, machismo",Vivienda,Cabecera municipal,Hombre,Mujer,(18 a 28) Juventud,Soacha,Cluster 1
"Intolerancia, machismo",Vivienda,Cabecera municipal,Mujer,Hombre,(00 a 05) Primera Infancia,Soacha,Cluster 1
"Intolerancia, machismo",Vivienda,Cabecera municipal,Hombre,Hombre,(18 a 28) Juventud,Soacha,Cluster 1
"Intolerancia, machismo",Vivienda,Cabecera municipal,Mujer,Hombre,(29 a 59) Adultez,Soacha,Cluster 1
"Intolerancia, machismo",Vivienda,Cabecera municipal,Mujer,Hombre,(29 a 59) Adultez,Soacha,Cluster 1
"Intolerancia, machismo",Vivienda,Cabecera municipal,Mujer,Hombre,(29 a 59) Adultez,Soacha,Cluster 1
"Intolerancia, machismo",Vivienda,Cabecera municipal,Hombre,Hombre,(29 a 59) Adultez,Soacha,Cluster 1
Alcoholismo / drogadicción,Vivienda,Cabecera municipal,Mujer,Hombre,(12 a 17) Adolescencia,Soacha,Cluster 1
"Intolerancia, machismo",Vía Pública,Cabecera municipal,Hombre,Hombre,(18 a 28) Juventud,Soacha,Cluster 1
"Intolerancia, machismo",Vivienda,Cabecera municipal,Mujer,Mujer,(29 a 59) Adultez,Soacha,Cluster 1
Sin información,"Calle (Autopista,Avenida,Dentro de La Ciudad)",Cabecera municipal,Hombre,Hombre,(Más de 60) Adulto Mayor,Soacha,Cluster 2
"Intolerancia, machismo",Vivienda,Cabecera municipal,Mujer,Hombre,(18 a 28) Juventud,Soacha,Cluster 1
"Intolerancia, machismo",Vivienda,Parte rural (vereda y campo),Hombre,Hombre,(29 a 59) Adultez,Chía,Cluster 1
Sin información,Vivienda,Parte rural (vereda y campo),Mujer,Hombre,(12 a 17) Adolescencia,Chía,Cluster 1
"Intolerancia, machismo",Vivienda,Parte rural (vereda y campo),Hombre,Mujer,(29 a 59) Adultez,Chía,Cluster 1
"Intolerancia, machismo",Vivienda,Parte rural (vereda y campo),Hombre,Mujer,(06 a 11) Infancia,Chía,Cluster 1
"Intolerancia, machismo",Vivienda,Cabecera municipal,Mujer,Hombre,(06 a 11) Infancia,Chía,Cluster 1
Alcoholismo / drogadicción,Vivienda,Parte rural (vereda y campo),Mujer,Hombre,(00 a 05) Primera Infancia,Guaduas,Cluster 1
Alcoholismo / drogadicción,"Calle (Autopista,Avenida,Dentro de La Ciudad)",Cabecera municipal,Hombre,Hombre,(18 a 28) Juventud,Guaduas,Cluster 2
Alcoholismo / drogadicción,"Calle (Autopista,Avenida,Dentro de La Ciudad)",Cabecera municipal,Hombre,Hombre,(18 a 28) Juventud,Guaduas,Cluster 2
"Intolerancia, machismo",Vivienda,Cabecera municipal,Mujer,Mujer,(29 a 59) Adultez,Cajicá,Cluster 1
"Intolerancia, machismo",Vivienda,Cabecera municipal,Mujer,Hombre,(29 a 59) Adultez,Cajicá,Cluster 1
Alcoholismo / drogadicción,Vivienda,Cabecera municipal,Mujer,Hombre,(12 a 17) Adolescencia,Cajicá,Cluster 1
"Intolerancia, machismo",Vivienda,Cabecera municipal,Hombre,Hombre,(29 a 59) Adultez,Cajicá,Cluster 1
"Intolerancia, machismo",Vivienda,Cabecera municipal,Hombre,Hombre,(12 a 17) Adolescencia,Girardot,Cluster 1
Alcoholismo / drogadicción,Áreas Deportivas y/o Recreativas,Cabecera municipal,Hombre,Mujer,(29 a 59) Adultez,Girardot,Cluster 1
"Intolerancia, machismo",Vivienda,Cabecera municipal,Hombre,Hombre,(12 a 17) Adolescencia,Girardot,Cluster 1
"Intolerancia, machismo",Vivienda,Cabecera municipal,Mujer,Hombre,(29 a 59) Adultez,Girardot,Cluster 1
Sin información,Vivienda,Cabecera municipal,Mujer,Mujer,(06 a 11) Infancia,Girardot,Cluster 1
"Intolerancia, machismo",Vivienda,Cabecera municipal,Mujer,Mujer,(Más de 60) Adulto Mayor,Girardot,Cluster 1
Alcoholismo / drogadicción,Vivienda,Cabecera municipal,Mujer,Hombre,(29 a 59) Adultez,Soacha,Cluster 1
"Intolerancia, machismo",Vivienda,Cabecera municipal,Hombre,Hombre,(00 a 05) Primera Infancia,Soacha,Cluster 1
"Intolerancia, machismo",Vivienda,Cabecera municipal,Mujer,Mujer,(18 a 28) Juventud,Soacha,Cluster 1
"Intolerancia, machismo",Vivienda,Cabecera municipal,Hombre,Hombre,(29 a 59) Adultez,Soacha,Cluster 1
"Intolerancia, machismo",Vivienda,Cabecera municipal,Mujer,Hombre,(29 a 59) Adultez,Soacha,Cluster 1
"Intolerancia, machismo",Vía Pública,Cabecera municipal,Hombre,Hombre,(18 a 28) Juventud,Soacha,Cluster 1
"Intolerancia, machismo","Calle (Autopista,Avenida,Dentro de La Ciudad)",Cabecera municipal,Hombre,Mujer,(18 a 28) Juventud,Soacha,Cluster 2
"Intolerancia, machismo",Vivienda,Cabecera municipal,Mujer,Mujer,(06 a 11) Infancia,Soacha,Cluster 1
"Intolerancia, machismo",Vivienda,Cabecera municipal,Mujer,Mujer,(29 a 59) Adultez,Soacha,Cluster 1
"Intolerancia, machismo",Vivienda,Cabecera municipal,Mujer,Hombre,(12 a 17) Adolescencia,Soacha,Cluster 1
"Intolerancia, machismo",Vivienda,Cabecera municipal,Mujer,Hombre,(29 a 59) Adultez,Soacha,Cluster 1
"Intolerancia, machismo",Vivienda,Cabecera municipal,Hombre,Mujer,(12 a 17) Adolescencia,Soacha,Cluster 1
"Intolerancia, machismo",Vivienda,Cabecera municipal,Mujer,Mujer,(12 a 17) Adolescencia,Soacha,Cluster 1
"Intolerancia, machismo",Vivienda,Cabecera municipal,Mujer,Hombre,(18 a 28) Juventud,Soacha,Cluster 1
"Intolerancia, machismo",Vivienda,Cabecera municipal,Mujer,Mujer,(29 a 59) Adultez,Soacha,Cluster 1
Alcoholismo / drogadicción,Vivienda,Cabecera municipal,Mujer,Hombre,(12 a 17) Adolescencia,Soacha,Cluster 1
"Intolerancia, machismo",Vivienda,Cabecera municipal,Hombre,Hombre,(18 a 28) Juventud,Soacha,Cluster 1
"Intolerancia, machismo",Vivienda,Cabecera municipal,Hombre,Hombre,(12 a 17) Adolescencia,Soacha,Cluster 1
"Intolerancia, machismo",Vivienda,Cabecera municipal,Hombre,Mujer,(12 a 17) Adolescencia,Soacha,Cluster 1
"Intolerancia, machismo",Sin información,Cabecera municipal,Mujer,Hombre,(06 a 11) Infancia,Soacha,Cluster 1
"Intolerancia, machismo",Vivienda,Cabecera municipal,Mujer,Hombre,(29 a 59) Adultez,Soacha,Cluster 1
"Intolerancia, machismo","Calle (Autopista,Avenida,Dentro de La Ciudad)",Cabecera municipal,Hombre,Hombre,(00 a 05) Primera Infancia,Soacha,Cluster 2
"Intolerancia, machismo",Vivienda,Cabecera municipal,Mujer,Hombre,(18 a 28) Juventud,Soacha,Cluster 1
"Intolerancia, machismo",Vivienda,Cabecera municipal,Mujer,Hombre,(18 a 28) Juventud,Soacha,Cluster 1
"Intolerancia, machismo",Vía Pública,Cabecera municipal,Mujer,Hombre,(29 a 59) Adultez,Soacha,Cluster 1
"Intolerancia, machismo",Vivienda,Cabecera municipal,Mujer,Mujer,(29 a 59) Adultez,Soacha,Cluster 1
"Intolerancia, machismo",Vivienda,Cabecera municipal,Hombre,Hombre,(12 a 17) Adolescencia,Soacha,Cluster 1
"Intolerancia, machismo",Vivienda,Cabecera municipal,Mujer,Hombre,(18 a 28) Juventud,Soacha,Cluster 1
"Intolerancia, machismo",Vía Pública,Cabecera municipal,Mujer,Mujer,(12 a 17) Adolescencia,Soacha,Cluster 1
Alcoholismo / drogadicción,Vivienda,Cabecera municipal,Hombre,Hombre,(29 a 59) Adultez,Soacha,Cluster 1
"Intolerancia, machismo",Vivienda,Parte rural (vereda y campo),Mujer,Mujer,(Más de 60) Adulto Mayor,Chía,Cluster 1
Alcoholismo / drogadicción,Vivienda,Cabecera municipal,Hombre,Hombre,(18 a 28) Juventud,Chía,Cluster 1
"Intolerancia, machismo","Calle (Autopista,Avenida,Dentro de La Ciudad)",Cabecera municipal,Mujer,Hombre,(29 a 59) Adultez,Chía,Cluster 2
Otras,Vivienda,Cabecera municipal,Hombre,Hombre,(Más de 60) Adulto Mayor,Chía,Cluster 1
"Intolerancia, machismo",Vivienda,Cabecera municipal,Mujer,Mujer,(29 a 59) Adultez,Chía,Cluster 1
"Intolerancia, machismo",Vivienda,"Centro poblado(corregimiento, inspección de policía y caserío)",Mujer,Mujer,(12 a 17) Adolescencia,Chía,Cluster 1
"Intolerancia, machismo",Vivienda,Cabecera municipal,Mujer,Mujer,(29 a 59) Adultez,Soacha,Cluster 1
"Intolerancia, machismo",Vivienda,Parte rural (vereda y campo),Hombre,Hombre,(06 a 11) Infancia,Cajicá,Cluster 1
"Celos, desconfianza, infidelidad",Vivienda,Parte rural (vereda y campo),Mujer,Hombre,(00 a 05) Primera Infancia,Cajicá,Cluster 1
"Intolerancia, machismo",Vivienda,"Centro poblado(corregimiento, inspección de policía y caserío)",Hombre,Hombre,(18 a 28) Juventud,Cajicá,Cluster 1
"Intolerancia, machismo",Vivienda,"Centro poblado(corregimiento, inspección de policía y caserío)",Hombre,Hombre,(18 a 28) Juventud,Cajicá,Cluster 1
Sin información,Áreas Deportivas y/o Recreativas,Cabecera municipal,Hombre,Mujer,(06 a 11) Infancia,Cajicá,Cluster 1
"Intolerancia, machismo",Vivienda,Cabecera municipal,Mujer,Mujer,(12 a 17) Adolescencia,Cajicá,Cluster 1
"Intolerancia, machismo",Vivienda,Parte rural (vereda y campo),Mujer,Hombre,(18 a 28) Juventud,Cajicá,Cluster 1
"Intolerancia, machismo",Vivienda,Parte rural (vereda y campo),Hombre,Hombre,(29 a 59) Adultez,Cajicá,Cluster 1
"Intolerancia, machismo",Vivienda,Cabecera municipal,Mujer,Hombre,(12 a 17) Adolescencia,Soacha,Cluster 1
"Intolerancia, machismo","Establecimiento Comercial (Tienda,Centro Comercial,Almacén,Plaza de Mercado)",Cabecera municipal,Hombre,Hombre,(00 a 05) Primera Infancia,Soacha,Cluster 2
"Celos, desconfianza, infidelidad","Calle (Autopista,Avenida,Dentro de La Ciudad)",Cabecera municipal,Mujer,Mujer,(29 a 59) Adultez,Girardot,Cluster 2
"Intolerancia, machismo","Calle (Autopista,Avenida,Dentro de La Ciudad)",Cabecera municipal,Hombre,Hombre,(12 a 17) Adolescencia,Girardot,Cluster 2
"Intolerancia, machismo",Vivienda,Cabecera municipal,Hombre,Mujer,(00 a 05) Primera Infancia,Girardot,Cluster 1
"Intolerancia, machismo",Vivienda,Cabecera municipal,Mujer,Mujer,(29 a 59) Adultez,Girardot,Cluster 1
Otras,Vivienda,Cabecera municipal,Mujer,Hombre,(18 a 28) Juventud,Girardot,Cluster 1
"Intolerancia, machismo",Vivienda,Cabecera municipal,Mujer,Mujer,(18 a 28) Juventud,Girardot,Cluster 1
"Intolerancia, machismo",Vivienda,Cabecera municipal,Hombre,Hombre,(29 a 59) Adultez,Cajicá,Cluster 1
"Intolerancia, machismo",Vivienda,Cabecera municipal,Hombre,Hombre,(29 a 59) Adultez,Soacha,Cluster 1
"Intolerancia, machismo",Vivienda,Cabecera municipal,Hombre,Mujer,(00 a 05) Primera Infancia,Soacha,Cluster 1
"Intolerancia, machismo",Vivienda,Cabecera municipal,Hombre,Mujer,(00 a 05) Primera Infancia,Soacha,Cluster 1
"Intolerancia, machismo",Vivienda,Cabecera municipal,Mujer,Mujer,(06 a 11) Infancia,Soacha,Cluster 1
"Intolerancia, machismo",Vivienda,Cabecera municipal,Hombre,Hombre,(29 a 59) Adultez,Soacha,Cluster 1
"Celos, desconfianza, infidelidad","Establecimiento Comercial (Tienda,Centro Comercial,Almacén,Plaza de Mercado)",Cabecera municipal,Mujer,Hombre,(00 a 05) Primera Infancia,Soacha,Cluster 2
"Intolerancia, machismo",Vivienda,Cabecera municipal,Mujer,Hombre,(12 a 17) Adolescencia,Soacha,Cluster 1
"Intolerancia, machismo",Vivienda,Cabecera municipal,Hombre,Hombre,(Más de 60) Adulto Mayor,Soacha,Cluster 1
Alcoholismo / drogadicción,Vía Pública,Cabecera municipal,Hombre,Hombre,(29 a 59) Adultez,Soacha,Cluster 1
"Intolerancia, machismo",Vivienda,Cabecera municipal,Hombre,Hombre,(12 a 17) Adolescencia,Soacha,Cluster 1
"Intolerancia, machismo",Vivienda,Cabecera municipal,Mujer,Hombre,(29 a 59) Adultez,Soacha,Cluster 1
"Intolerancia, machismo",Vivienda,Cabecera municipal,Hombre,Hombre,(Más de 60) Adulto Mayor,Soacha,Cluster 1
"Intolerancia, machismo",Vivienda,Cabecera municipal,Mujer,Hombre,(18 a 28) Juventud,Soacha,Cluster 1
"Intolerancia, machismo",Vivienda,Cabecera municipal,Hombre,Hombre,(29 a 59) Adultez,Soacha,Cluster 1
"Intolerancia, machismo",Vivienda,Cabecera municipal,Hombre,Hombre,(Más de 60) Adulto Mayor,Soacha,Cluster 1
"Intolerancia, machismo",Vivienda,Cabecera municipal,Mujer,Mujer,(00 a 05) Primera Infancia,Soacha,Cluster 1
"Intolerancia, machismo",Vivienda,Cabecera municipal,Mujer,Hombre,(29 a 59) Adultez,Soacha,Cluster 1
"Intolerancia, machismo",Vía Pública,Cabecera municipal,Hombre,Hombre,(29 a 59) Adultez,Soacha,Cluster 1
"Intolerancia, machismo",Vivienda,Cabecera municipal,Mujer,Hombre,(18 a 28) Juventud,Soacha,Cluster 1
"Intolerancia, machismo",Vivienda,Cabecera municipal,Mujer,Hombre,(29 a 59) Adultez,Soacha,Cluster 1
"Intolerancia, machismo",Vivienda,Cabecera municipal,Hombre,Mujer,(06 a 11) Infancia,Soacha,Cluster 1
"Intolerancia, machismo",Vivienda,Cabecera municipal,Mujer,Mujer,(29 a 59) Adultez,Soacha,Cluster 1
"Intolerancia, machismo",Vivienda,Cabecera municipal,Mujer,Mujer,(12 a 17) Adolescencia,Soacha,Cluster 1
"Intolerancia, machismo",Vivienda,Cabecera municipal,Mujer,Hombre,(29 a 59) Adultez,Soacha,Cluster 1
"Intolerancia, machismo",Vivienda,Cabecera municipal,Hombre,Mujer,(29 a 59) Adultez,Soacha,Cluster 1
"Intolerancia, machismo",Vivienda,Cabecera municipal,Mujer,Mujer,(29 a 59) Adultez,Soacha,Cluster 1
"Intolerancia, machismo",Vivienda,Cabecera municipal,Mujer,Hombre,(Más de 60) Adulto Mayor,Soacha,Cluster 1
"Intolerancia, machismo","Calle (Autopista,Avenida,Dentro de La Ciudad)",Cabecera municipal,Mujer,Hombre,(18 a 28) Juventud,Soacha,Cluster 2
"Intolerancia, machismo","Calle (Autopista,Avenida,Dentro de La Ciudad)",Cabecera municipal,Hombre,Hombre,(00 a 05) Primera Infancia,Soacha,Cluster 2
"Intolerancia, machismo",Vivienda,Cabecera municipal,Mujer,Mujer,(29 a 59) Adultez,Soacha,Cluster 1
"Intolerancia, machismo",Vivienda,"Centro poblado(corregimiento, inspección de policía y caserío)",Mujer,Hombre,(29 a 59) Adultez,Chía,Cluster 1
Alcoholismo / drogadicción,Vivienda,Sin información,Mujer,Hombre,(29 a 59) Adultez,Chía,Cluster 1
Sin información,Vivienda,Parte rural (vereda y campo),Mujer,Mujer,(06 a 11) Infancia,Chía,Cluster 1
"Intolerancia, machismo",Vivienda,Cabecera municipal,Hombre,Hombre,(06 a 11) Infancia,Chía,Cluster 1
"Intolerancia, machismo",Vivienda,Parte rural (vereda y campo),Mujer,Mujer,(Más de 60) Adulto Mayor,Chía,Cluster 1
Sin información,Vivienda,Parte rural (vereda y campo),Mujer,Hombre,(06 a 11) Infancia,Chía,Cluster 1
"Intolerancia, machismo",Vivienda,Cabecera municipal,Hombre,Hombre,(29 a 59) Adultez,Chía,Cluster 1
"Intolerancia, machismo",Vivienda,Sin información,Mujer,Hombre,(18 a 28) Juventud,Chía,Cluster 1
"Celos, desconfianza, infidelidad","Calle (Autopista,Avenida,Dentro de La Ciudad)",Cabecera municipal,Hombre,Hombre,(29 a 59) Adultez,Guaduas,Cluster 2
"Celos, desconfianza, infidelidad","Calle (Autopista,Avenida,Dentro de La Ciudad)",Cabecera municipal,Hombre,Hombre,(18 a 28) Juventud,Guaduas,Cluster 2
"Intolerancia, machismo",Vivienda,"Centro poblado(corregimiento, inspección de policía y caserío)",Hombre,Hombre,(12 a 17) Adolescencia,Cajicá,Cluster 1
"Intolerancia, machismo",Vivienda,Cabecera municipal,Mujer,Mujer,(18 a 28) Juventud,Cajicá,Cluster 1
"Intolerancia, machismo",Vivienda,Parte rural (vereda y campo),Mujer,Mujer,(18 a 28) Juventud,Cajicá,Cluster 1
Otras,Vivienda,Cabecera municipal,Hombre,Mujer,(Más de 60) Adulto Mayor,Cajicá,Cluster 1
"Intolerancia, machismo",Vivienda,Parte rural (vereda y campo),Mujer,Mujer,(12 a 17) Adolescencia,Cajicá,Cluster 1
Sin información,Vivienda,"Centro poblado(corregimiento, inspección de policía y caserío)",Mujer,Hombre,(06 a 11) Infancia,Cajicá,Cluster 1
Sin información,Sin información,Cabecera municipal,Hombre,Mujer,(00 a 05) Primera Infancia,Cajicá,Cluster 3
Sin información,Vivienda,Cabecera municipal,Mujer,Mujer,(12 a 17) Adolescencia,Cajicá,Cluster 1
"Intolerancia, machismo",Vivienda,Cabecera municipal,Mujer,Hombre,(29 a 59) Adultez,Girardot,Cluster 1
"Intolerancia, machismo",Vivienda,Cabecera municipal,Hombre,Hombre,(29 a 59) Adultez,Girardot,Cluster 1
Alcoholismo / drogadicción,Vía Pública,Cabecera municipal,Mujer,Hombre,(18 a 28) Juventud,Girardot,Cluster 1
"Intolerancia, machismo",Vivienda,Cabecera municipal,Mujer,Mujer,(29 a 59) Adultez,Soacha,Cluster 1
"Intolerancia, machismo",Vivienda,Cabecera municipal,Hombre,Mujer,(Más de 60) Adulto Mayor,Soacha,Cluster 1
"Intolerancia, machismo",Vivienda,Cabecera municipal,Mujer,Mujer,(18 a 28) Juventud,Soacha,Cluster 1
"Intolerancia, machismo",Vivienda,Cabecera municipal,Mujer,Hombre,(00 a 05) Primera Infancia,Soacha,Cluster 1
"Intolerancia, machismo",Vivienda,Cabecera municipal,Hombre,Hombre,(29 a 59) Adultez,Soacha,Cluster 1
"Intolerancia, machismo",Vivienda,Cabecera municipal,Hombre,Hombre,(06 a 11) Infancia,Soacha,Cluster 1
"Intolerancia, machismo",Carretera (Fuera de La Ciudad),Cabecera municipal,Mujer,Hombre,(12 a 17) Adolescencia,Soacha,Cluster 2
"Intolerancia, machismo",Vivienda,Cabecera municipal,Mujer,Hombre,(29 a 59) Adultez,Soacha,Cluster 1
"Intolerancia, machismo",Vivienda,Cabecera municipal,Hombre,Hombre,(29 a 59) Adultez,Soacha,Cluster 1
"Intolerancia, machismo",Vivienda,Cabecera municipal,Mujer,Hombre,(00 a 05) Primera Infancia,Soacha,Cluster 1
"Intolerancia, machismo",Vivienda,Cabecera municipal,Mujer,Mujer,(18 a 28) Juventud,Soacha,Cluster 1
"Intolerancia, machismo",Vivienda,Cabecera municipal,Hombre,Hombre,(29 a 59) Adultez,Soacha,Cluster 1
"Intolerancia, machismo",Vivienda,Cabecera municipal,Hombre,Mujer,(00 a 05) Primera Infancia,Soacha,Cluster 1
"Intolerancia, machismo",Vivienda,Cabecera municipal,Mujer,Hombre,(12 a 17) Adolescencia,Soacha,Cluster 1
"Intolerancia, machismo",Vivienda,Cabecera municipal,Mujer,Mujer,(29 a 59) Adultez,Soacha,Cluster 1
Alcoholismo / drogadicción,Vía Pública,Cabecera municipal,Mujer,Hombre,(18 a 28) Juventud,Soacha,Cluster 1
"Celos, desconfianza, infidelidad",Vía Pública,Cabecera municipal,Mujer,Mujer,(29 a 59) Adultez,Soacha,Cluster 1
"Celos, desconfianza, infidelidad",Vivienda,Cabecera municipal,Mujer,Hombre,(29 a 59) Adultez,Soacha,Cluster 1
"Intolerancia, machismo",Vivienda,Cabecera municipal,Mujer,Hombre,(06 a 11) Infancia,Soacha,Cluster 1
"Intolerancia, machismo",Vivienda,Cabecera municipal,Mujer,Mujer,(12 a 17) Adolescencia,Soacha,Cluster 1
Alcoholismo / drogadicción,Vivienda,Cabecera municipal,Mujer,Hombre,(29 a 59) Adultez,Soacha,Cluster 1
"Intolerancia, machismo",Vivienda,Cabecera municipal,Mujer,Mujer,(29 a 59) Adultez,Soacha,Cluster 1
"Intolerancia, machismo","Establecimiento Comercial (Tienda,Centro Comercial,Almacén,Plaza de Mercado)",Cabecera municipal,Hombre,Hombre,(12 a 17) Adolescencia,Soacha,Cluster 2
"Intolerancia, machismo",Vivienda,Cabecera municipal,Mujer,Hombre,(18 a 28) Juventud,Soacha,Cluster 1
"Intolerancia, machismo",Vivienda,Cabecera municipal,Hombre,Mujer,(18 a 28) Juventud,Soacha,Cluster 1
"Intolerancia, machismo",Vivienda,Cabecera municipal,Mujer,Hombre,(29 a 59) Adultez,Soacha,Cluster 1
"Intolerancia, machismo",Vivienda,Cabecera municipal,Hombre,Mujer,(06 a 11) Infancia,Soacha,Cluster 1
"Intolerancia, machismo",Vivienda,Cabecera municipal,Hombre,Hombre,(18 a 28) Juventud,Soacha,Cluster 1
"Intolerancia, machismo",Vivienda,Cabecera municipal,Mujer,Mujer,(12 a 17) Adolescencia,Soacha,Cluster 1
"Intolerancia, machismo",Vía Pública,Cabecera municipal,Mujer,Hombre,(12 a 17) Adolescencia,Soacha,Cluster 1
Sin información,Sin información,Cabecera municipal,Hombre,Mujer,(18 a 28) Juventud,Soacha,Cluster 1
"Intolerancia, machismo",Vivienda,Cabecera municipal,Hombre,Mujer,(18 a 28) Juventud,Soacha,Cluster 1
Sin información,Vivienda,"Centro poblado(corregimiento, inspección de policía y caserío)",Hombre,Hombre,(06 a 11) Infancia,Chía,Cluster 1
"Intolerancia, machismo",Vivienda,Cabecera municipal,Mujer,Hombre,(29 a 59) Adultez,Chía,Cluster 1
"Intolerancia, machismo",Vivienda,Cabecera municipal,Mujer,Hombre,(18 a 28) Juventud,Chía,Cluster 1
Sin información,Vivienda,Parte rural (vereda y campo),Mujer,Hombre,(12 a 17) Adolescencia,Chía,Cluster 1
"Intolerancia, machismo","Calle (Autopista,Avenida,Dentro de La Ciudad)",Cabecera municipal,Mujer,Hombre,(12 a 17) Adolescencia,Chía,Cluster 2
Alcoholismo / drogadicción,Vivienda,Cabecera municipal,Mujer,Hombre,(18 a 28) Juventud,Chía,Cluster 1
"Intolerancia, machismo",Vivienda,Cabecera municipal,Mujer,Hombre,(06 a 11) Infancia,Cajicá,Cluster 1
"Intolerancia, machismo","Calle (Autopista,Avenida,Dentro de La Ciudad)",Cabecera municipal,Hombre,Hombre,(00 a 05) Primera Infancia,Cajicá,Cluster 2
"Intolerancia, machismo",Vía Pública,Cabecera municipal,Mujer,Hombre,(29 a 59) Adultez,Soacha,Cluster 1
Alcoholismo / drogadicción,Vía Pública,Cabecera municipal,Hombre,Hombre,(18 a 28) Juventud,Girardot,Cluster 1
"Intolerancia, machismo","Calle (Autopista,Avenida,Dentro de La Ciudad)",Cabecera municipal,Hombre,Mujer,(18 a 28) Juventud,Girardot,Cluster 2
"Intolerancia, machismo",Vivienda,Parte rural (vereda y campo),Mujer,Mujer,(29 a 59) Adultez,Girardot,Cluster 1
"Intolerancia, machismo",Vivienda,Cabecera municipal,Hombre,Mujer,(06 a 11) Infancia,Soacha,Cluster 1
"Intolerancia, machismo",Vivienda,Cabecera municipal,Hombre,Hombre,(06 a 11) Infancia,Soacha,Cluster 1
"Intolerancia, machismo",Vivienda,Cabecera municipal,Mujer,Mujer,(12 a 17) Adolescencia,Soacha,Cluster 1
"Intolerancia, machismo",Vivienda,Cabecera municipal,Hombre,Hombre,(Más de 60) Adulto Mayor,Soacha,Cluster 1
Alcoholismo / drogadicción,"Calle (Autopista,Avenida,Dentro de La Ciudad)",Cabecera municipal,Hombre,Hombre,(29 a 59) Adultez,Soacha,Cluster 2
"Intolerancia, machismo","Calle (Autopista,Avenida,Dentro de La Ciudad)",Cabecera municipal,Mujer,Mujer,(29 a 59) Adultez,Soacha,Cluster 2
"Intolerancia, machismo",Vivienda,Cabecera municipal,Hombre,Hombre,(Más de 60) Adulto Mayor,Soacha,Cluster 1
"Intolerancia, machismo",Vivienda,Cabecera municipal,Mujer,Mujer,(12 a 17) Adolescencia,Soacha,Cluster 1
"Intolerancia, machismo",Vía Pública,Cabecera municipal,Mujer,Mujer,(18 a 28) Juventud,Soacha,Cluster 1
"Intolerancia, machismo",Vivienda,Cabecera municipal,Hombre,Mujer,(29 a 59) Adultez,Soacha,Cluster 1
"Intolerancia, machismo",Vivienda,Cabecera municipal,Hombre,Hombre,(06 a 11) Infancia,Soacha,Cluster 1
"Intolerancia, machismo",Vivienda,Cabecera municipal,Mujer,Hombre,(29 a 59) Adultez,Soacha,Cluster 1
Alcoholismo / drogadicción,Vivienda,Cabecera municipal,Hombre,Hombre,(29 a 59) Adultez,Soacha,Cluster 1
"Intolerancia, machismo",Vivienda,Cabecera municipal,Mujer,Mujer,(29 a 59) Adultez,Soacha,Cluster 1
"Intolerancia, machismo",Vivienda,Cabecera municipal,Mujer,Hombre,(12 a 17) Adolescencia,Soacha,Cluster 1
"Intolerancia, machismo",Vivienda,Cabecera municipal,Mujer,Hombre,(18 a 28) Juventud,Soacha,Cluster 1
"Intolerancia, machismo",Vivienda,Cabecera municipal,Hombre,Hombre,(29 a 59) Adultez,Soacha,Cluster 1
"Intolerancia, machismo",Vivienda,Cabecera municipal,Mujer,Hombre,(12 a 17) Adolescencia,Soacha,Cluster 1
"Intolerancia, machismo",Vivienda,Cabecera municipal,Hombre,Mujer,(18 a 28) Juventud,Soacha,Cluster 1
"Intolerancia, machismo",Vivienda,Cabecera municipal,Mujer,Hombre,(18 a 28) Juventud,Soacha,Cluster 1
"Intolerancia, machismo",Vivienda,Cabecera municipal,Hombre,Hombre,(18 a 28) Juventud,Soacha,Cluster 1
"Intolerancia, machismo",Vivienda,Cabecera municipal,Mujer,Hombre,(29 a 59) Adultez,Soacha,Cluster 1
"Intolerancia, machismo",Vía Pública,Cabecera municipal,Mujer,Hombre,(29 a 59) Adultez,Soacha,Cluster 1
Alcoholismo / drogadicción,"Calle (Autopista,Avenida,Dentro de La Ciudad)",Cabecera municipal,Hombre,Hombre,(12 a 17) Adolescencia,Soacha,Cluster 2
"Intolerancia, machismo",Vivienda,Cabecera municipal,Hombre,Hombre,(00 a 05) Primera Infancia,Soacha,Cluster 1
"Intolerancia, machismo",Vivienda,Cabecera municipal,Mujer,Hombre,(18 a 28) Juventud,Soacha,Cluster 1
"Intolerancia, machismo",Vivienda,Cabecera municipal,Mujer,Mujer,(06 a 11) Infancia,Soacha,Cluster 1
Alcoholismo / drogadicción,Vivienda,Cabecera municipal,Hombre,Mujer,(00 a 05) Primera Infancia,Soacha,Cluster 1
"Intolerancia, machismo",Vivienda,Cabecera municipal,Hombre,Mujer,(12 a 17) Adolescencia,Soacha,Cluster 1
"Intolerancia, machismo",Sin información,Cabecera municipal,Mujer,Mujer,(29 a 59) Adultez,Soacha,Cluster 1
"Intolerancia, machismo",Vivienda,Cabecera municipal,Mujer,Hombre,(Más de 60) Adulto Mayor,Soacha,Cluster 1
"Intolerancia, machismo",Vía Pública,Cabecera municipal,Hombre,Hombre,(29 a 59) Adultez,Soacha,Cluster 1
"Intolerancia, machismo","Calle (Autopista,Avenida,Dentro de La Ciudad)",Cabecera municipal,Mujer,Hombre,(29 a 59) Adultez,Pacho,Cluster 2
"Intolerancia, machismo","Calle (Autopista,Avenida,Dentro de La Ciudad)",Cabecera municipal,Mujer,Hombre,(29 a 59) Adultez,Soacha,Cluster 2
"Intolerancia, machismo",Vía Pública,Cabecera municipal,Hombre,Hombre,(29 a 59) Adultez,Soacha,Cluster 1
"Intolerancia, machismo",Vivienda,Cabecera municipal,Mujer,Hombre,(12 a 17) Adolescencia,Soacha,Cluster 1
"Intolerancia, machismo",Vivienda,Cabecera municipal,Mujer,Hombre,(18 a 28) Juventud,Soacha,Cluster 1
"Intolerancia, machismo",Vivienda,Cabecera municipal,Mujer,Hombre,(29 a 59) Adultez,Soacha,Cluster 1
"Intolerancia, machismo","Lugares de Hospedaje (Hoteles,Campamentos Y Otros Tipos de Hospedaje No Permanente,Moteles,Etc)",Cabecera municipal,Mujer,Mujer,(06 a 11) Infancia,Chía,Cluster 3
"Intolerancia, machismo",Vivienda,Cabecera municipal,Hombre,Hombre,(12 a 17) Adolescencia,Chía,Cluster 1
"Intolerancia, machismo",Vivienda,Parte rural (vereda y campo),Hombre,Hombre,(29 a 59) Adultez,Chía,Cluster 1
"Intolerancia, machismo","Calle (Autopista,Avenida,Dentro de La Ciudad)",Parte rural (vereda y campo),Mujer,Hombre,(06 a 11) Infancia,Chía,Cluster 2
Otras,"Lugares de Hospedaje (Hoteles,Campamentos Y Otros Tipos de Hospedaje No Permanente,Moteles,Etc)",Cabecera municipal,Mujer,Mujer,(06 a 11) Infancia,Chía,Cluster 3
"Intolerancia, machismo","Lugares de Hospedaje (Hoteles,Campamentos Y Otros Tipos de Hospedaje No Permanente,Moteles,Etc)",Cabecera municipal,Hombre,Hombre,(12 a 17) Adolescencia,Chía,Cluster 3
Otras,Vivienda,Sin información,Hombre,Hombre,(06 a 11) Infancia,Chía,Cluster 1
Otras,Vivienda,"Centro poblado(corregimiento, inspección de policía y caserío)",Hombre,Mujer,(29 a 59) Adultez,Chía,Cluster 1
Otras,Vivienda,Cabecera municipal,Hombre,Mujer,(06 a 11) Infancia,Cajicá,Cluster 1
"Intolerancia, machismo",Vía Pública,Cabecera municipal,Mujer,Hombre,(18 a 28) Juventud,Cajicá,Cluster 1
Enfermedad fisica o mental,Vivienda,Cabecera municipal,Hombre,Mujer,(06 a 11) Infancia,Cajicá,Cluster 1
Sin información,Vivienda,Parte rural (vereda y campo),Mujer,Hombre,(06 a 11) Infancia,Cajicá,Cluster 1
"Intolerancia, machismo",Vivienda,Cabecera municipal,Hombre,Hombre,(29 a 59) Adultez,Cajicá,Cluster 1
Otras,Sin información,Cabecera municipal,Mujer,Hombre,(06 a 11) Infancia,Cajicá,Cluster 3
"Intolerancia, machismo",Vivienda,Cabecera municipal,Hombre,Hombre,(29 a 59) Adultez,Soacha,Cluster 1
Otras,Vivienda,Cabecera municipal,Hombre,Hombre,(12 a 17) Adolescencia,Soacha,Cluster 1
Sin información,"Calle (Autopista,Avenida,Dentro de La Ciudad)",Cabecera municipal,Hombre,Hombre,(00 a 05) Primera Infancia,Soacha,Cluster 2
"Intolerancia, machismo",Vivienda,Cabecera municipal,Hombre,Mujer,(18 a 28) Juventud,Soacha,Cluster 1
"Intolerancia, machismo",Vivienda,Cabecera municipal,Mujer,Hombre,(29 a 59) Adultez,Girardot,Cluster 1
"Intolerancia, machismo",Vivienda,Cabecera municipal,Hombre,Hombre,(Más de 60) Adulto Mayor,Girardot,Cluster 1
"Celos, desconfianza, infidelidad","Calle (Autopista,Avenida,Dentro de La Ciudad)",Cabecera municipal,Hombre,Mujer,(29 a 59) Adultez,Girardot,Cluster 2
"Intolerancia, machismo",Vivienda,Cabecera municipal,Hombre,Hombre,(18 a 28) Juventud,Girardot,Cluster 1
"Intolerancia, machismo","Calle (Autopista,Avenida,Dentro de La Ciudad)",Cabecera municipal,Hombre,Hombre,(29 a 59) Adultez,Girardot,Cluster 2
"Intolerancia, machismo",Vivienda,Cabecera municipal,Mujer,Hombre,(29 a 59) Adultez,Girardot,Cluster 1
Alcoholismo / drogadicción,Vivienda,Cabecera municipal,Mujer,Hombre,(12 a 17) Adolescencia,Soacha,Cluster 1
"Intolerancia, machismo",Vivienda,Cabecera municipal,Hombre,Mujer,(06 a 11) Infancia,Soacha,Cluster 1
"Intolerancia, machismo",Vivienda,Cabecera municipal,Hombre,Hombre,(18 a 28) Juventud,Soacha,Cluster 1
"Intolerancia, machismo",Vía Pública,Cabecera municipal,Hombre,Hombre,(06 a 11) Infancia,Soacha,Cluster 1
Otras,Vivienda,Cabecera municipal,Hombre,Hombre,(06 a 11) Infancia,Soacha,Cluster 1
Alcoholismo / drogadicción,"Calle (Autopista,Avenida,Dentro de La Ciudad)",Cabecera municipal,Mujer,Hombre,(12 a 17) Adolescencia,Soacha,Cluster 2
Alcoholismo / drogadicción,Vía Pública,Cabecera municipal,Mujer,Hombre,(12 a 17) Adolescencia,Soacha,Cluster 1
"Intolerancia, machismo","Calle (Autopista,Avenida,Dentro de La Ciudad)",Cabecera municipal,Hombre,Hombre,(00 a 05) Primera Infancia,Soacha,Cluster 2
"Intolerancia, machismo",Vivienda,Cabecera municipal,Mujer,Hombre,(29 a 59) Adultez,Soacha,Cluster 1
Sin información,Vivienda,Cabecera municipal,Mujer,Hombre,(06 a 11) Infancia,Soacha,Cluster 1
"Intolerancia, machismo",Vivienda,Cabecera municipal,Hombre,Hombre,(00 a 05) Primera Infancia,Soacha,Cluster 1
"Intolerancia, machismo",Vivienda,Cabecera municipal,Hombre,Hombre,(Más de 60) Adulto Mayor,Soacha,Cluster 1
"Intolerancia, machismo",Vivienda,Cabecera municipal,Hombre,Hombre,(18 a 28) Juventud,Soacha,Cluster 1
"Intolerancia, machismo",Vivienda,Cabecera municipal,Hombre,Hombre,(29 a 59) Adultez,Soacha,Cluster 1
"Intolerancia, machismo",Vivienda,Cabecera municipal,Hombre,Hombre,(29 a 59) Adultez,Soacha,Cluster 1
"Intolerancia, machismo",Vivienda,Cabecera municipal,Mujer,Hombre,(29 a 59) Adultez,Soacha,Cluster 1
"Intolerancia, machismo",Vivienda,Cabecera municipal,Mujer,Hombre,(18 a 28) Juventud,Soacha,Cluster 1
"Intolerancia, machismo",Vivienda,Cabecera municipal,Mujer,Hombre,(06 a 11) Infancia,Soacha,Cluster 1
Sin información,Vivienda,Cabecera municipal,Mujer,Mujer,(06 a 11) Infancia,Soacha,Cluster 1
"Intolerancia, machismo",Vivienda,Cabecera municipal,Mujer,Mujer,(12 a 17) Adolescencia,Soacha,Cluster 1
"Intolerancia, machismo",Vivienda,Cabecera municipal,Mujer,Hombre,(29 a 59) Adultez,Soacha,Cluster 1
"Intolerancia, machismo",Vivienda,Cabecera municipal,Mujer,Hombre,(18 a 28) Juventud,Soacha,Cluster 1
"Intolerancia, machismo",Vivienda,Cabecera municipal,Hombre,Hombre,(12 a 17) Adolescencia,Soacha,Cluster 1
"Intolerancia, machismo",Vivienda,Cabecera municipal,Mujer,Mujer,(12 a 17) Adolescencia,Soacha,Cluster 1
"Intolerancia, machismo",Vivienda,Cabecera municipal,Hombre,Hombre,(06 a 11) Infancia,Soacha,Cluster 1
"Intolerancia, machismo",Vivienda,Cabecera municipal,Hombre,Hombre,(06 a 11) Infancia,Soacha,Cluster 1
"Intolerancia, machismo",Vivienda,Cabecera municipal,Mujer,Mujer,(00 a 05) Primera Infancia,Soacha,Cluster 1
"Intolerancia, machismo",Vivienda,Cabecera municipal,Hombre,Hombre,(12 a 17) Adolescencia,Soacha,Cluster 1
"Intolerancia, machismo",Vivienda,Cabecera municipal,Mujer,Mujer,(29 a 59) Adultez,Chía,Cluster 1
"Celos, desconfianza, infidelidad","Calle (Autopista,Avenida,Dentro de La Ciudad)",Cabecera municipal,Mujer,Hombre,(12 a 17) Adolescencia,Chía,Cluster 2
"Intolerancia, machismo",Vivienda,Cabecera municipal,Mujer,Mujer,(29 a 59) Adultez,Chía,Cluster 1
"Intolerancia, machismo",Vivienda,Cabecera municipal,Mujer,Mujer,(12 a 17) Adolescencia,Chía,Cluster 1
"Intolerancia, machismo",Vivienda,Cabecera municipal,Mujer,Hombre,(06 a 11) Infancia,Chía,Cluster 1
"Intolerancia, machismo",Vivienda,Cabecera municipal,Mujer,Mujer,(12 a 17) Adolescencia,Cajicá,Cluster 1
"Intolerancia, machismo",Vivienda,Sin información,Mujer,Mujer,(18 a 28) Juventud,Cajicá,Cluster 1
Sin información,Vivienda,Cabecera municipal,Mujer,Mujer,(00 a 05) Primera Infancia,Cajicá,Cluster 1
Sin información,Vivienda,Parte rural (vereda y campo),Hombre,Hombre,(00 a 05) Primera Infancia,Cajicá,Cluster 1
Otras,Vivienda,Cabecera municipal,Hombre,Hombre,(06 a 11) Infancia,Cajicá,Cluster 1
"Intolerancia, machismo",Vivienda,Cabecera municipal,Hombre,Mujer,(06 a 11) Infancia,Cajicá,Cluster 1
"Intolerancia, machismo",Vivienda,Cabecera municipal,Hombre,Mujer,(06 a 11) Infancia,Soacha,Cluster 1
"Intolerancia, machismo",Vivienda,Cabecera municipal,Hombre,Hombre,(12 a 17) Adolescencia,Soacha,Cluster 1
"Intolerancia, machismo",Vivienda,Cabecera municipal,Mujer,Hombre,(29 a 59) Adultez,Girardot,Cluster 1
"Intolerancia, machismo",Vivienda,Cabecera municipal,Hombre,Hombre,(18 a 28) Juventud,Girardot,Cluster 1
"Intolerancia, machismo","Calle (Autopista,Avenida,Dentro de La Ciudad)",Cabecera municipal,Mujer,Hombre,(29 a 59) Adultez,Girardot,Cluster 2
"Intolerancia, machismo",Vivienda,Cabecera municipal,Hombre,Hombre,(12 a 17) Adolescencia,Soacha,Cluster 1
"Intolerancia, machismo",Vivienda,Cabecera municipal,Mujer,Hombre,(18 a 28) Juventud,Soacha,Cluster 1
"Intolerancia, machismo",Vivienda,Cabecera municipal,Mujer,Hombre,(29 a 59) Adultez,Soacha,Cluster 1
"Intolerancia, machismo",Vivienda,Cabecera municipal,Hombre,Mujer,(12 a 17) Adolescencia,Soacha,Cluster 1
"Celos, desconfianza, infidelidad",Vivienda,Cabecera municipal,Mujer,Hombre,(18 a 28) Juventud,Soacha,Cluster 1
"Intolerancia, machismo","Calle (Autopista,Avenida,Dentro de La Ciudad)",Cabecera municipal,Mujer,Mujer,(12 a 17) Adolescencia,Soacha,Cluster 2
"Intolerancia, machismo",Vía Pública,Cabecera municipal,Hombre,Hombre,(12 a 17) Adolescencia,Soacha,Cluster 1
Alcoholismo / drogadicción,Vivienda,Cabecera municipal,Hombre,Hombre,(12 a 17) Adolescencia,Soacha,Cluster 1
"Intolerancia, machismo",Vía Pública,Cabecera municipal,Hombre,Hombre,(12 a 17) Adolescencia,Soacha,Cluster 1
"Intolerancia, machismo",Vivienda,Cabecera municipal,Hombre,Hombre,(06 a 11) Infancia,Soacha,Cluster 1
"Intolerancia, machismo",Vía Pública,Cabecera municipal,Mujer,Hombre,(29 a 59) Adultez,Soacha,Cluster 1
"Intolerancia, machismo",Vía Pública,Cabecera municipal,Mujer,Hombre,(29 a 59) Adultez,Soacha,Cluster 1
"Intolerancia, machismo",Vivienda,Cabecera municipal,Mujer,Hombre,(12 a 17) Adolescencia,Soacha,Cluster 1
"Intolerancia, machismo",Vivienda,Cabecera municipal,Hombre,Hombre,(29 a 59) Adultez,Soacha,Cluster 1
Alcoholismo / drogadicción,Vivienda,Cabecera municipal,Hombre,Hombre,(Más de 60) Adulto Mayor,Soacha,Cluster 1
"Intolerancia, machismo",Vivienda,Cabecera municipal,Mujer,Mujer,(06 a 11) Infancia,Soacha,Cluster 1
"Intolerancia, machismo",Vivienda,Cabecera municipal,Mujer,Mujer,(29 a 59) Adultez,Soacha,Cluster 1
"Intolerancia, machismo","Lugares de Actividades Culturales (Cines,Teatros,Museos,Bibliotecas,Etc)",Cabecera municipal,Mujer,Mujer,(29 a 59) Adultez,Soacha,Cluster 3
Alcoholismo / drogadicción,Vivienda,Cabecera municipal,Hombre,Mujer,(18 a 28) Juventud,Soacha,Cluster 1
"Intolerancia, machismo",Vivienda,Cabecera municipal,Hombre,Mujer,(00 a 05) Primera Infancia,Soacha,Cluster 1
"Intolerancia, machismo",Vivienda,Cabecera municipal,Mujer,Hombre,(18 a 28) Juventud,Soacha,Cluster 1
"Intolerancia, machismo",Vivienda,Cabecera municipal,Hombre,Hombre,(18 a 28) Juventud,Soacha,Cluster 1
"Intolerancia, machismo",Vivienda,Cabecera municipal,Mujer,Hombre,(18 a 28) Juventud,Soacha,Cluster 1
"Celos, desconfianza, infidelidad","Calle (Autopista,Avenida,Dentro de La Ciudad)",Cabecera municipal,Mujer,Hombre,(29 a 59) Adultez,Soacha,Cluster 2
"Intolerancia, machismo",Vivienda,Cabecera municipal,Mujer,Mujer,(29 a 59) Adultez,Soacha,Cluster 1
"Intolerancia, machismo",Vivienda,Cabecera municipal,Mujer,Hombre,(18 a 28) Juventud,Soacha,Cluster 1
Alcoholismo / drogadicción,Vivienda,Cabecera municipal,Mujer,Hombre,(Más de 60) Adulto Mayor,Soacha,Cluster 1
"Intolerancia, machismo",Vivienda,Cabecera municipal,Hombre,Hombre,(12 a 17) Adolescencia,Soacha,Cluster 1
"Intolerancia, machismo","Calle (Autopista,Avenida,Dentro de La Ciudad)",Cabecera municipal,Hombre,Hombre,(18 a 28) Juventud,Soacha,Cluster 2
"Intolerancia, machismo",Vivienda,Parte rural (vereda y campo),Mujer,Hombre,(00 a 05) Primera Infancia,Chía,Cluster 1
"Intolerancia, machismo",Vivienda,Parte rural (vereda y campo),Hombre,Hombre,(06 a 11) Infancia,Chía,Cluster 1
"Intolerancia, machismo",Vivienda,"Centro poblado(corregimiento, inspección de policía y caserío)",Mujer,Mujer,(00 a 05) Primera Infancia,Chía,Cluster 1
"Intolerancia, machismo",Vivienda,Parte rural (vereda y campo),Hombre,Mujer,(12 a 17) Adolescencia,Chía,Cluster 1
"Intolerancia, machismo",Vivienda,"Centro poblado(corregimiento, inspección de policía y caserío)",Hombre,Mujer,(06 a 11) Infancia,Cajicá,Cluster 1
"Intolerancia, machismo",Vivienda,Cabecera municipal,Hombre,Mujer,(06 a 11) Infancia,Cajicá,Cluster 1
"Intolerancia, machismo",Vivienda,"Centro poblado(corregimiento, inspección de policía y caserío)",Mujer,Mujer,(06 a 11) Infancia,Chía,Cluster 1
Alcoholismo / drogadicción,Vivienda,Cabecera municipal,Mujer,Hombre,(29 a 59) Adultez,Chía,Cluster 1
Sin información,Vivienda,Cabecera municipal,Mujer,Hombre,(12 a 17) Adolescencia,Cajicá,Cluster 1
"Intolerancia, machismo",Otros,Cabecera municipal,Mujer,Hombre,(12 a 17) Adolescencia,Cajicá,Cluster 3
Sin información,Sin información,Cabecera municipal,Hombre,Hombre,(06 a 11) Infancia,Cajicá,Cluster 3
Sin información,Sin información,Cabecera municipal,Hombre,Hombre,(00 a 05) Primera Infancia,Cajicá,Cluster 3
"Intolerancia, machismo",Vivienda,Cabecera municipal,Mujer,Mujer,(18 a 28) Juventud,Cajicá,Cluster 1
Alcoholismo / drogadicción,Vivienda,Parte rural (vereda y campo),Mujer,Hombre,(29 a 59) Adultez,Cajicá,Cluster 1
Alcoholismo / drogadicción,"Calle (Autopista,Avenida,Dentro de La Ciudad)",Cabecera municipal,Mujer,Mujer,(29 a 59) Adultez,Cajicá,Cluster 2
"Intolerancia, machismo",Vivienda,Cabecera municipal,Mujer,Hombre,(29 a 59) Adultez,Cajicá,Cluster 1
"Intolerancia, machismo",Vivienda,Cabecera municipal,Hombre,Hombre,(12 a 17) Adolescencia,Soacha,Cluster 1
"Intolerancia, machismo",Vivienda,Cabecera municipal,Mujer,Hombre,(18 a 28) Juventud,Girardot,Cluster 1
"Intolerancia, machismo",Vivienda,Cabecera municipal,Hombre,Mujer,(29 a 59) Adultez,Girardot,Cluster 1
"Intolerancia, machismo",Vivienda,Cabecera municipal,Mujer,Hombre,(06 a 11) Infancia,Girardot,Cluster 1
"Intolerancia, machismo",Vivienda,Cabecera municipal,Mujer,Hombre,(29 a 59) Adultez,Girardot,Cluster 1
"Intolerancia, machismo",Vivienda,Cabecera municipal,Mujer,Hombre,(Más de 60) Adulto Mayor,Girardot,Cluster 1
"Intolerancia, machismo",Vivienda,Parte rural (vereda y campo),Mujer,Mujer,(29 a 59) Adultez,Girardot,Cluster 1
"Intolerancia, machismo",Vivienda,Cabecera municipal,Hombre,Hombre,(29 a 59) Adultez,Soacha,Cluster 1
"Intolerancia, machismo",Vivienda,Cabecera municipal,Hombre,Mujer,(18 a 28) Juventud,Soacha,Cluster 1
"Intolerancia, machismo",Vivienda,Cabecera municipal,Mujer,Hombre,(12 a 17) Adolescencia,Soacha,Cluster 1
"Intolerancia, machismo","Establecimiento Comercial (Tienda,Centro Comercial,Almacén,Plaza de Mercado)",Cabecera municipal,Mujer,Mujer,(29 a 59) Adultez,Soacha,Cluster 2
Alcoholismo / drogadicción,Vivienda,Cabecera municipal,Mujer,Hombre,(18 a 28) Juventud,Soacha,Cluster 1
"Intolerancia, machismo",Vivienda,Cabecera municipal,Mujer,Mujer,(06 a 11) Infancia,Soacha,Cluster 1
"Intolerancia, machismo",Vivienda,Cabecera municipal,Hombre,Hombre,(06 a 11) Infancia,Soacha,Cluster 1
"Intolerancia, machismo",Vivienda,Cabecera municipal,Mujer,Mujer,(29 a 59) Adultez,Soacha,Cluster 1
"Intolerancia, machismo",Otros,Cabecera municipal,Mujer,Mujer,(29 a 59) Adultez,Soacha,Cluster 3
"Intolerancia, machismo",Vivienda,Cabecera municipal,Hombre,Hombre,(29 a 59) Adultez,Soacha,Cluster 1
"Intolerancia, machismo",Vivienda,Cabecera municipal,Mujer,Hombre,(18 a 28) Juventud,Soacha,Cluster 1
Alcoholismo / drogadicción,Vivienda,Cabecera municipal,Mujer,Hombre,(29 a 59) Adultez,Soacha,Cluster 1
"Intolerancia, machismo",Vivienda,Cabecera municipal,Mujer,Mujer,(12 a 17) Adolescencia,Soacha,Cluster 1
"Intolerancia, machismo",Vivienda,Cabecera municipal,Hombre,Hombre,(06 a 11) Infancia,Soacha,Cluster 1
"Intolerancia, machismo",Vivienda,Cabecera municipal,Hombre,Mujer,(06 a 11) Infancia,Soacha,Cluster 1
"Intolerancia, machismo",Vivienda,Cabecera municipal,Hombre,Hombre,(06 a 11) Infancia,Soacha,Cluster 1
"Intolerancia, machismo",Vivienda,Cabecera municipal,Hombre,Hombre,(06 a 11) Infancia,Soacha,Cluster 1
"Intolerancia, machismo",Vivienda,Cabecera municipal,Mujer,Mujer,(29 a 59) Adultez,Soacha,Cluster 1
"Intolerancia, machismo",Vivienda,Cabecera municipal,Mujer,Mujer,(00 a 05) Primera Infancia,Soacha,Cluster 1
"Intolerancia, machismo",Vivienda,Cabecera municipal,Mujer,Mujer,(18 a 28) Juventud,Soacha,Cluster 1
"Intolerancia, machismo",Vivienda,Cabecera municipal,Hombre,Mujer,(18 a 28) Juventud,Soacha,Cluster 1
"Intolerancia, machismo",Vivienda,Cabecera municipal,Mujer,Mujer,(12 a 17) Adolescencia,Soacha,Cluster 1
Alcoholismo / drogadicción,Vivienda,Cabecera municipal,Hombre,Hombre,(29 a 59) Adultez,Soacha,Cluster 1
"Intolerancia, machismo",Vivienda,Cabecera municipal,Hombre,Hombre,(00 a 05) Primera Infancia,Soacha,Cluster 1
"Intolerancia, machismo",Vivienda,Cabecera municipal,Mujer,Mujer,(06 a 11) Infancia,Soacha,Cluster 1
Alcoholismo / drogadicción,"Calle (Autopista,Avenida,Dentro de La Ciudad)",Cabecera municipal,Mujer,Hombre,(29 a 59) Adultez,Soacha,Cluster 2
"Intolerancia, machismo",Vía Pública,Cabecera municipal,Hombre,Hombre,(29 a 59) Adultez,Soacha,Cluster 1
"Intolerancia, machismo",Vía Pública,Cabecera municipal,Hombre,Hombre,(18 a 28) Juventud,Soacha,Cluster 1
"Intolerancia, machismo",Vía Pública,Cabecera municipal,Mujer,Mujer,(18 a 28) Juventud,Soacha,Cluster 1
"Intolerancia, machismo","Calle (Autopista,Avenida,Dentro de La Ciudad)",Cabecera municipal,Mujer,Mujer,(29 a 59) Adultez,Soacha,Cluster 2
"Intolerancia, machismo",Vivienda,"Centro poblado(corregimiento, inspección de policía y caserío)",Hombre,Mujer,(06 a 11) Infancia,Chía,Cluster 1
"Intolerancia, machismo",Vivienda,Parte rural (vereda y campo),Mujer,Hombre,(18 a 28) Juventud,Chía,Cluster 1
"Intolerancia, machismo","Calle (Autopista,Avenida,Dentro de La Ciudad)",Cabecera municipal,Hombre,Hombre,(00 a 05) Primera Infancia,Chía,Cluster 2
"Intolerancia, machismo",Vivienda,Parte rural (vereda y campo),Hombre,Hombre,(12 a 17) Adolescencia,Chía,Cluster 1
Sin información,Vivienda,Cabecera municipal,Hombre,Hombre,(18 a 28) Juventud,Cajicá,Cluster 1
"Celos, desconfianza, infidelidad","Calle (Autopista,Avenida,Dentro de La Ciudad)",Cabecera municipal,Mujer,Mujer,(18 a 28) Juventud,Cajicá,Cluster 2
Sin información,"Calle (Autopista,Avenida,Dentro de La Ciudad)",Cabecera municipal,Mujer,Mujer,(00 a 05) Primera Infancia,Cajicá,Cluster 2
Sin información,Vivienda,Parte rural (vereda y campo),Mujer,Mujer,(06 a 11) Infancia,Cajicá,Cluster 1
"Intolerancia, machismo",Vivienda,Cabecera municipal,Mujer,Mujer,(06 a 11) Infancia,Cajicá,Cluster 1
Alcoholismo / drogadicción,Vivienda,Cabecera municipal,Mujer,Hombre,(29 a 59) Adultez,Cajicá,Cluster 1
"Intolerancia, machismo","Calle (Autopista,Avenida,Dentro de La Ciudad)",Cabecera municipal,Hombre,Hombre,(06 a 11) Infancia,Cajicá,Cluster 2
"Intolerancia, machismo",Vivienda,Parte rural (vereda y campo),Hombre,Mujer,(12 a 17) Adolescencia,Cajicá,Cluster 1
"Intolerancia, machismo",Vivienda,Cabecera municipal,Hombre,Hombre,(12 a 17) Adolescencia,Soacha,Cluster 1
"Intolerancia, machismo",Vivienda,Cabecera municipal,Hombre,Mujer,(12 a 17) Adolescencia,Soacha,Cluster 1
"Intolerancia, machismo",Vivienda,Cabecera municipal,Hombre,Hombre,(06 a 11) Infancia,Soacha,Cluster 1
"Intolerancia, machismo","Calle (Autopista,Avenida,Dentro de La Ciudad)",Cabecera municipal,Hombre,Mujer,(18 a 28) Juventud,Girardot,Cluster 2
"Intolerancia, machismo",Vivienda,Cabecera municipal,Mujer,Mujer,(18 a 28) Juventud,Girardot,Cluster 1
Alcoholismo / drogadicción,Vivienda,Cabecera municipal,Mujer,Mujer,(29 a 59) Adultez,Girardot,Cluster 1
"Intolerancia, machismo",Vivienda,Cabecera municipal,Mujer,Hombre,(18 a 28) Juventud,Girardot,Cluster 1
"Intolerancia, machismo",Vivienda,Cabecera municipal,Mujer,Hombre,(29 a 59) Adultez,Soacha,Cluster 1
"Celos, desconfianza, infidelidad","Calle (Autopista,Avenida,Dentro de La Ciudad)",Cabecera municipal,Hombre,Hombre,(Más de 60) Adulto Mayor,Soacha,Cluster 2
"Intolerancia, machismo",Vivienda,Cabecera municipal,Mujer,Mujer,(29 a 59) Adultez,Soacha,Cluster 1
"Intolerancia, machismo",Vivienda,Cabecera municipal,Mujer,Hombre,(29 a 59) Adultez,Soacha,Cluster 1
"Intolerancia, machismo",Vivienda,Cabecera municipal,Mujer,Mujer,(00 a 05) Primera Infancia,Soacha,Cluster 1
"Intolerancia, machismo",Vía Pública,Cabecera municipal,Mujer,Mujer,(18 a 28) Juventud,Soacha,Cluster 1
"Intolerancia, machismo",Vía Pública,Cabecera municipal,Hombre,Hombre,(29 a 59) Adultez,Soacha,Cluster 1
"Intolerancia, machismo",Vía Pública,Cabecera municipal,Hombre,Mujer,(18 a 28) Juventud,Soacha,Cluster 1
"Intolerancia, machismo",Vivienda,Cabecera municipal,Hombre,Hombre,(06 a 11) Infancia,Soacha,Cluster 1
"Intolerancia, machismo",Vivienda,Cabecera municipal,Hombre,Hombre,(00 a 05) Primera Infancia,Soacha,Cluster 1
"Intolerancia, machismo",Vivienda,Cabecera municipal,Mujer,Hombre,(12 a 17) Adolescencia,Soacha,Cluster 1
"Intolerancia, machismo",Vivienda,Cabecera municipal,Mujer,Hombre,(06 a 11) Infancia,Soacha,Cluster 1
Alcoholismo / drogadicción,Vivienda,Cabecera municipal,Hombre,Hombre,(Más de 60) Adulto Mayor,Soacha,Cluster 1
"Intolerancia, machismo",Vivienda,Cabecera municipal,Hombre,Mujer,(18 a 28) Juventud,Soacha,Cluster 1
"Intolerancia, machismo",Vivienda,Cabecera municipal,Mujer,Hombre,(18 a 28) Juventud,Soacha,Cluster 1
Alcoholismo / drogadicción,Vivienda,Cabecera municipal,Hombre,Hombre,(12 a 17) Adolescencia,Soacha,Cluster 1
"Intolerancia, machismo",Vivienda,Cabecera municipal,Mujer,Hombre,(18 a 28) Juventud,Soacha,Cluster 1
"Intolerancia, machismo",Vivienda,Cabecera municipal,Hombre,Hombre,(00 a 05) Primera Infancia,Soacha,Cluster 1
"Intolerancia, machismo",Vía Pública,Cabecera municipal,Mujer,Mujer,(12 a 17) Adolescencia,Soacha,Cluster 1
"Intolerancia, machismo",Vivienda,Cabecera municipal,Mujer,Mujer,(06 a 11) Infancia,Soacha,Cluster 1
"Intolerancia, machismo",Vivienda,Cabecera municipal,Hombre,Mujer,(06 a 11) Infancia,Soacha,Cluster 1
"Intolerancia, machismo",Vivienda,Cabecera municipal,Hombre,Hombre,(29 a 59) Adultez,Soacha,Cluster 1
"Intolerancia, machismo",Vivienda,Cabecera municipal,Hombre,Mujer,(29 a 59) Adultez,Soacha,Cluster 1
"Intolerancia, machismo",Vivienda,Cabecera municipal,Mujer,Hombre,(00 a 05) Primera Infancia,Soacha,Cluster 1
Alcoholismo / drogadicción,Vivienda,Parte rural (vereda y campo),Mujer,Hombre,(29 a 59) Adultez,Chía,Cluster 1
"Intolerancia, machismo",Vivienda,Cabecera municipal,Mujer,Mujer,(29 a 59) Adultez,Chía,Cluster 1
"Intolerancia, machismo",Vivienda,Parte rural (vereda y campo),Hombre,Hombre,(12 a 17) Adolescencia,Chía,Cluster 1
"Intolerancia, machismo",Vivienda,Cabecera municipal,Mujer,Hombre,(12 a 17) Adolescencia,Chía,Cluster 1
Sin información,Sin información,Parte rural (vereda y campo),Hombre,Mujer,(06 a 11) Infancia,Chía,Cluster 3
Sin información,Vivienda,Cabecera municipal,Hombre,Mujer,(00 a 05) Primera Infancia,Cajicá,Cluster 1
Otras,Vivienda,Cabecera municipal,Mujer,Hombre,(06 a 11) Infancia,Cajicá,Cluster 1
Sin información,Vivienda,Cabecera municipal,Mujer,Hombre,(12 a 17) Adolescencia,Chía,Cluster 1
Alcoholismo / drogadicción,Vivienda,Parte rural (vereda y campo),Hombre,Hombre,(29 a 59) Adultez,Cajicá,Cluster 1
"Intolerancia, machismo",Vivienda,Parte rural (vereda y campo),Hombre,Hombre,(Más de 60) Adulto Mayor,Cajicá,Cluster 1
Alcoholismo / drogadicción,Vivienda,Cabecera municipal,Mujer,Mujer,(06 a 11) Infancia,Cajicá,Cluster 1
Alcoholismo / drogadicción,Vivienda,Cabecera municipal,Mujer,Mujer,(12 a 17) Adolescencia,Cajicá,Cluster 1
"Intolerancia, machismo",Vivienda,Parte rural (vereda y campo),Hombre,Mujer,(06 a 11) Infancia,Cajicá,Cluster 1
"Intolerancia, machismo",Vivienda,Cabecera municipal,Hombre,Hombre,(29 a 59) Adultez,Girardot,Cluster 1
"Intolerancia, machismo","Calle (Autopista,Avenida,Dentro de La Ciudad)",Cabecera municipal,Hombre,Hombre,(29 a 59) Adultez,Girardot,Cluster 2
"Intolerancia, machismo",Vivienda,Cabecera municipal,Mujer,Hombre,(29 a 59) Adultez,Girardot,Cluster 1
"Intolerancia, machismo",Sin información,Cabecera municipal,Mujer,Hombre,(18 a 28) Juventud,Soacha,Cluster 1
"Intolerancia, machismo",Vivienda,Cabecera municipal,Mujer,Mujer,(29 a 59) Adultez,Soacha,Cluster 1
Alcoholismo / drogadicción,Vivienda,Cabecera municipal,Hombre,Hombre,(12 a 17) Adolescencia,Soacha,Cluster 1
Alcoholismo / drogadicción,Vivienda,Cabecera municipal,Mujer,Hombre,(18 a 28) Juventud,Soacha,Cluster 1
"Intolerancia, machismo",Vivienda,Cabecera municipal,Mujer,Mujer,(12 a 17) Adolescencia,Soacha,Cluster 1
"Intolerancia, machismo",Vivienda,Cabecera municipal,Hombre,Hombre,(12 a 17) Adolescencia,Soacha,Cluster 1
"Intolerancia, machismo",Vía Pública,Cabecera municipal,Hombre,Hombre,(29 a 59) Adultez,Soacha,Cluster 1
"Intolerancia, machismo",Vía Pública,Cabecera municipal,Hombre,Hombre,(18 a 28) Juventud,Soacha,Cluster 1
"Intolerancia, machismo",Sin información,Cabecera municipal,Mujer,Mujer,(00 a 05) Primera Infancia,Soacha,Cluster 1
"Intolerancia, machismo",Vivienda,Cabecera municipal,Hombre,Hombre,(06 a 11) Infancia,Soacha,Cluster 1
"Intolerancia, machismo",Vivienda,Cabecera municipal,Hombre,Hombre,(12 a 17) Adolescencia,Soacha,Cluster 1
Alcoholismo / drogadicción,Vivienda,Cabecera municipal,Hombre,Hombre,(18 a 28) Juventud,Soacha,Cluster 1
"Intolerancia, machismo",Vivienda,Cabecera municipal,Hombre,Mujer,(29 a 59) Adultez,Soacha,Cluster 1
"Intolerancia, machismo",Vivienda,Cabecera municipal,Mujer,Mujer,(00 a 05) Primera Infancia,Soacha,Cluster 1
"Intolerancia, machismo",Sin información,Cabecera municipal,Hombre,Mujer,(06 a 11) Infancia,Soacha,Cluster 1
"Intolerancia, machismo",Vivienda,Cabecera municipal,Mujer,Hombre,(18 a 28) Juventud,Soacha,Cluster 1
Alcoholismo / drogadicción,Vivienda,Cabecera municipal,Mujer,Hombre,(29 a 59) Adultez,Chía,Cluster 1
"Intolerancia, machismo",Vivienda,"Centro poblado(corregimiento, inspección de policía y caserío)",Mujer,Hombre,(29 a 59) Adultez,Chía,Cluster 1
"Intolerancia, machismo",Vivienda,"Centro poblado(corregimiento, inspección de policía y caserío)",Mujer,Hombre,(29 a 59) Adultez,Chía,Cluster 1
"Intolerancia, machismo",Vivienda,Parte rural (vereda y campo),Mujer,Mujer,(18 a 28) Juventud,Chía,Cluster 1
"Intolerancia, machismo",Vivienda,Parte rural (vereda y campo),Mujer,Hombre,(18 a 28) Juventud,Chía,Cluster 1
"Intolerancia, machismo",Vivienda,Cabecera municipal,Mujer,Hombre,(18 a 28) Juventud,Pacho,Cluster 1
"Intolerancia, machismo",Vivienda,"Centro poblado(corregimiento, inspección de policía y caserío)",Mujer,Mujer,(00 a 05) Primera Infancia,Cajicá,Cluster 1
"Intolerancia, machismo",Vivienda,Parte rural (vereda y campo),Hombre,Mujer,(00 a 05) Primera Infancia,Cajicá,Cluster 1
Sin información,Sin información,Cabecera municipal,Mujer,Mujer,(12 a 17) Adolescencia,Cajicá,Cluster 3
Sin información,Vivienda,Sin información,Hombre,Hombre,(12 a 17) Adolescencia,Cajicá,Cluster 1
"Intolerancia, machismo",Vivienda,Parte rural (vereda y campo),Mujer,Hombre,(29 a 59) Adultez,Cajicá,Cluster 1
Alcoholismo / drogadicción,Vía Pública,Cabecera municipal,Hombre,Hombre,(Más de 60) Adulto Mayor,Cajicá,Cluster 1
"Intolerancia, machismo",Vivienda,Cabecera municipal,Mujer,Hombre,(12 a 17) Adolescencia,Soacha,Cluster 1
"Intolerancia, machismo","Calle (Autopista,Avenida,Dentro de La Ciudad)",Cabecera municipal,Hombre,Hombre,(12 a 17) Adolescencia,Soacha,Cluster 2
"Intolerancia, machismo",Vivienda,Cabecera municipal,Mujer,Hombre,(12 a 17) Adolescencia,Soacha,Cluster 1
"Intolerancia, machismo",Vivienda,Cabecera municipal,Hombre,Hombre,(29 a 59) Adultez,Soacha,Cluster 1
"Intolerancia, machismo",Vía Pública,Cabecera municipal,Mujer,Hombre,(12 a 17) Adolescencia,Soacha,Cluster 1
"Intolerancia, machismo",Vía Pública,Cabecera municipal,Hombre,Hombre,(12 a 17) Adolescencia,Soacha,Cluster 1
"Intolerancia, machismo",Vivienda,Cabecera municipal,Mujer,Hombre,(18 a 28) Juventud,Soacha,Cluster 1
"Intolerancia, machismo",Vivienda,Cabecera municipal,Hombre,Hombre,(29 a 59) Adultez,Soacha,Cluster 1
"Intolerancia, machismo",Vivienda,Cabecera municipal,Hombre,Hombre,(12 a 17) Adolescencia,Soacha,Cluster 1
"Intolerancia, machismo",Vivienda,Cabecera municipal,Mujer,Mujer,(18 a 28) Juventud,Soacha,Cluster 1
"Intolerancia, machismo",Vivienda,Cabecera municipal,Hombre,Hombre,(06 a 11) Infancia,Soacha,Cluster 1
"Intolerancia, machismo",Vivienda,Cabecera municipal,Hombre,Mujer,(12 a 17) Adolescencia,Soacha,Cluster 1
"Intolerancia, machismo",Vía Pública,Cabecera municipal,Mujer,Hombre,(12 a 17) Adolescencia,Soacha,Cluster 1
"Intolerancia, machismo",Vía Pública,Cabecera municipal,Mujer,Mujer,(29 a 59) Adultez,Soacha,Cluster 1
"Intolerancia, machismo",Vivienda,Cabecera municipal,Mujer,Hombre,(12 a 17) Adolescencia,Soacha,Cluster 1
"Intolerancia, machismo",Vía Pública,Cabecera municipal,Mujer,Hombre,(18 a 28) Juventud,Soacha,Cluster 1
"Intolerancia, machismo",Vivienda,Cabecera municipal,Mujer,Mujer,(18 a 28) Juventud,Soacha,Cluster 1
"Celos, desconfianza, infidelidad",Vía Pública,Cabecera municipal,Hombre,Hombre,(12 a 17) Adolescencia,Soacha,Cluster 1
"Intolerancia, machismo",Vivienda,Cabecera municipal,Hombre,Hombre,(29 a 59) Adultez,Soacha,Cluster 1
"Intolerancia, machismo",Vivienda,Cabecera municipal,Hombre,Hombre,(18 a 28) Juventud,Soacha,Cluster 1
"Intolerancia, machismo",Vivienda,Cabecera municipal,Hombre,Hombre,(12 a 17) Adolescencia,Soacha,Cluster 1
"Intolerancia, machismo",Vivienda,Cabecera municipal,Mujer,Mujer,(18 a 28) Juventud,Soacha,Cluster 1
"Intolerancia, machismo",Vivienda,Cabecera municipal,Hombre,Hombre,(12 a 17) Adolescencia,Soacha,Cluster 1
"Celos, desconfianza, infidelidad",Vivienda,Cabecera municipal,Mujer,Hombre,(18 a 28) Juventud,Soacha,Cluster 1
"Intolerancia, machismo",Vía Pública,Cabecera municipal,Hombre,Hombre,(18 a 28) Juventud,Soacha,Cluster 1
"Intolerancia, machismo",Vivienda,Cabecera municipal,Hombre,Hombre,(29 a 59) Adultez,Soacha,Cluster 1
"Intolerancia, machismo",Vivienda,Cabecera municipal,Mujer,Hombre,(18 a 28) Juventud,Soacha,Cluster 1
"Intolerancia, machismo",Vivienda,Cabecera municipal,Mujer,Mujer,(29 a 59) Adultez,Soacha,Cluster 1
"Celos, desconfianza, infidelidad",Vivienda,Cabecera municipal,Mujer,Hombre,(29 a 59) Adultez,Chía,Cluster 1
"Intolerancia, machismo",Vía Pública,Cabecera municipal,Mujer,Hombre,(18 a 28) Juventud,Guaduas,Cluster 1
"Intolerancia, machismo",Vivienda,Parte rural (vereda y campo),Hombre,Mujer,(06 a 11) Infancia,Cajicá,Cluster 1
"Intolerancia, machismo",Vivienda,Parte rural (vereda y campo),Hombre,Mujer,(06 a 11) Infancia,Cajicá,Cluster 1
"Intolerancia, machismo","Calle (Autopista,Avenida,Dentro de La Ciudad)",Cabecera municipal,Mujer,Mujer,(12 a 17) Adolescencia,Cajicá,Cluster 2
"Intolerancia, machismo",Vía Pública,Cabecera municipal,Hombre,Hombre,(29 a 59) Adultez,Cajicá,Cluster 1
"Intolerancia, machismo",Vivienda,Cabecera municipal,Mujer,Mujer,(18 a 28) Juventud,Cajicá,Cluster 1
"Intolerancia, machismo",Vivienda,Cabecera municipal,Mujer,Hombre,(18 a 28) Juventud,Cajicá,Cluster 1
Sin información,Vivienda,Cabecera municipal,Mujer,Hombre,(29 a 59) Adultez,Cajicá,Cluster 1
Sin información,Vivienda,Parte rural (vereda y campo),Mujer,Hombre,(Más de 60) Adulto Mayor,Cajicá,Cluster 1
Alcoholismo / drogadicción,Vivienda,Cabecera municipal,Mujer,Hombre,(12 a 17) Adolescencia,Cajicá,Cluster 1
Otras,Vivienda,Cabecera municipal,Hombre,Mujer,(06 a 11) Infancia,Cajicá,Cluster 1
"Intolerancia, machismo",Vivienda,Cabecera municipal,Hombre,Hombre,(12 a 17) Adolescencia,Soacha,Cluster 1
"Intolerancia, machismo",Vivienda,Cabecera municipal,Hombre,Mujer,(06 a 11) Infancia,Soacha,Cluster 1
"Intolerancia, machismo",Vía Pública,Cabecera municipal,Hombre,Mujer,(00 a 05) Primera Infancia,Girardot,Cluster 1
"Intolerancia, machismo",Vía Pública,Cabecera municipal,Hombre,Mujer,(00 a 05) Primera Infancia,Girardot,Cluster 1
"Intolerancia, machismo",Vivienda,Parte rural (vereda y campo),Hombre,Hombre,(29 a 59) Adultez,Girardot,Cluster 1
Alcoholismo / drogadicción,Vivienda,Cabecera municipal,Hombre,Hombre,(29 a 59) Adultez,Soacha,Cluster 1
"Intolerancia, machismo",Vía Pública,Cabecera municipal,Hombre,Hombre,(18 a 28) Juventud,Soacha,Cluster 1
"Intolerancia, machismo",Vivienda,Cabecera municipal,Hombre,Hombre,(29 a 59) Adultez,Soacha,Cluster 1
"Intolerancia, machismo",Vivienda,Cabecera municipal,Mujer,Mujer,(18 a 28) Juventud,Soacha,Cluster 1
"Intolerancia, machismo",Vivienda,Cabecera municipal,Mujer,Hombre,(29 a 59) Adultez,Soacha,Cluster 1
"Intolerancia, machismo",Vivienda,Cabecera municipal,Mujer,Hombre,(18 a 28) Juventud,Soacha,Cluster 1
"Intolerancia, machismo",Vivienda,Cabecera municipal,Hombre,Hombre,(12 a 17) Adolescencia,Soacha,Cluster 1
"Intolerancia, machismo",Vivienda,Cabecera municipal,Mujer,Hombre,(00 a 05) Primera Infancia,Soacha,Cluster 1
"Intolerancia, machismo",Vivienda,Cabecera municipal,Hombre,Mujer,(29 a 59) Adultez,Soacha,Cluster 1
"Intolerancia, machismo",Vivienda,Cabecera municipal,Hombre,Hombre,(18 a 28) Juventud,Soacha,Cluster 1
"Intolerancia, machismo",Vía Pública,Cabecera municipal,Mujer,Hombre,(12 a 17) Adolescencia,Soacha,Cluster 1
"Intolerancia, machismo",Sin información,Cabecera municipal,Mujer,Hombre,(00 a 05) Primera Infancia,Soacha,Cluster 1
"Intolerancia, machismo",Vivienda,Cabecera municipal,Mujer,Hombre,(12 a 17) Adolescencia,Soacha,Cluster 1
"Intolerancia, machismo",Vía Pública,Cabecera municipal,Hombre,Hombre,(29 a 59) Adultez,Soacha,Cluster 1
"Intolerancia, machismo",Vivienda,Cabecera municipal,Hombre,Mujer,(18 a 28) Juventud,Soacha,Cluster 1
"Intolerancia, machismo",Vivienda,Cabecera municipal,Mujer,Mujer,(29 a 59) Adultez,Soacha,Cluster 1
"Intolerancia, machismo",Vivienda,Cabecera municipal,Mujer,Mujer,(12 a 17) Adolescencia,Cajicá,Cluster 1
"Intolerancia, machismo",Vivienda,Cabecera municipal,Hombre,Hombre,(29 a 59) Adultez,Chía,Cluster 1
Alcoholismo / drogadicción,Vivienda,Sin información,Hombre,Hombre,(06 a 11) Infancia,Chía,Cluster 1
Otras,Vivienda,Parte rural (vereda y campo),Hombre,Hombre,(18 a 28) Juventud,Chía,Cluster 1
"Intolerancia, machismo",Vivienda,Cabecera municipal,Mujer,Hombre,(06 a 11) Infancia,Guaduas,Cluster 1
Sin información,Centros Educativos,Cabecera municipal,Hombre,Hombre,(12 a 17) Adolescencia,Cajicá,Cluster 2
"Intolerancia, machismo",Vivienda,Parte rural (vereda y campo),Mujer,Mujer,(06 a 11) Infancia,Cajicá,Cluster 1
"Intolerancia, machismo",Vivienda,Cabecera municipal,Mujer,Mujer,(Más de 60) Adulto Mayor,Cajicá,Cluster 1
"Intolerancia, machismo",Vivienda,Cabecera municipal,Mujer,Hombre,(18 a 28) Juventud,Cajicá,Cluster 1
"Intolerancia, machismo",Vivienda,Parte rural (vereda y campo),Mujer,Mujer,(29 a 59) Adultez,Cajicá,Cluster 1
"Intolerancia, machismo",Vivienda,Cabecera municipal,Hombre,Hombre,(29 a 59) Adultez,Cajicá,Cluster 1
"Intolerancia, machismo",Vivienda,Parte rural (vereda y campo),Hombre,Mujer,(29 a 59) Adultez,Cajicá,Cluster 1
"Intolerancia, machismo",Vivienda,Parte rural (vereda y campo),Hombre,Hombre,(12 a 17) Adolescencia,Cajicá,Cluster 1
"Intolerancia, machismo",Vivienda,Cabecera municipal,Mujer,Mujer,(12 a 17) Adolescencia,Soacha,Cluster 1
"Intolerancia, machismo",Vivienda,Cabecera municipal,Hombre,Hombre,(12 a 17) Adolescencia,Girardot,Cluster 1
"Intolerancia, machismo",Vivienda,Cabecera municipal,Hombre,Hombre,(12 a 17) Adolescencia,Girardot,Cluster 1
"Intolerancia, machismo",Vivienda,Cabecera municipal,Mujer,Hombre,(29 a 59) Adultez,Girardot,Cluster 1
"Intolerancia, machismo","Calle (Autopista,Avenida,Dentro de La Ciudad)",Cabecera municipal,Hombre,Hombre,(18 a 28) Juventud,Girardot,Cluster 2
"Intolerancia, machismo",Vivienda,Cabecera municipal,Mujer,Hombre,(18 a 28) Juventud,Girardot,Cluster 1
"Intolerancia, machismo",Áreas Deportivas y/o Recreativas,Cabecera municipal,Hombre,Hombre,(18 a 28) Juventud,Girardot,Cluster 1
"Intolerancia, machismo",Vivienda,Cabecera municipal,Hombre,Hombre,(18 a 28) Juventud,Girardot,Cluster 1
"Intolerancia, machismo",Vivienda,Cabecera municipal,Hombre,Mujer,(00 a 05) Primera Infancia,Girardot,Cluster 1
Alcoholismo / drogadicción,Vivienda,Cabecera municipal,Hombre,Hombre,(29 a 59) Adultez,Girardot,Cluster 1
"Intolerancia, machismo",Vivienda,Cabecera municipal,Hombre,Hombre,(29 a 59) Adultez,Girardot,Cluster 1
"Intolerancia, machismo",Vía Pública,Cabecera municipal,Mujer,Mujer,(29 a 59) Adultez,Soacha,Cluster 1
Alcoholismo / drogadicción,Vivienda,Cabecera municipal,Mujer,Hombre,(29 a 59) Adultez,Soacha,Cluster 1
Alcoholismo / drogadicción,Vivienda,Cabecera municipal,Mujer,Hombre,(18 a 28) Juventud,Soacha,Cluster 1
"Celos, desconfianza, infidelidad",Vivienda,Cabecera municipal,Mujer,Hombre,(29 a 59) Adultez,Soacha,Cluster 1
"Intolerancia, machismo",Vivienda,Cabecera municipal,Mujer,Mujer,(18 a 28) Juventud,Soacha,Cluster 1
"Intolerancia, machismo",Vivienda,Cabecera municipal,Hombre,Mujer,(12 a 17) Adolescencia,Soacha,Cluster 1
"Intolerancia, machismo",Vía Pública,Cabecera municipal,Hombre,Hombre,(29 a 59) Adultez,Soacha,Cluster 1
Alcoholismo / drogadicción,Vivienda,Cabecera municipal,Hombre,Hombre,(12 a 17) Adolescencia,Soacha,Cluster 1
"Celos, desconfianza, infidelidad",Vivienda,Cabecera municipal,Mujer,Hombre,(18 a 28) Juventud,Soacha,Cluster 1
"Intolerancia, machismo",Vivienda,Cabecera municipal,Hombre,Mujer,(06 a 11) Infancia,Soacha,Cluster 1
"Intolerancia, machismo",Vivienda,Cabecera municipal,Hombre,Hombre,(12 a 17) Adolescencia,Soacha,Cluster 1
"Intolerancia, machismo",Vivienda,Cabecera municipal,Hombre,Hombre,(06 a 11) Infancia,Soacha,Cluster 1
"Intolerancia, machismo",Vivienda,Cabecera municipal,Hombre,Hombre,(29 a 59) Adultez,Soacha,Cluster 1
"Intolerancia, machismo",Vivienda,Cabecera municipal,Mujer,Hombre,(18 a 28) Juventud,Soacha,Cluster 1
"Intolerancia, machismo",Vivienda,Cabecera municipal,Mujer,Hombre,(12 a 17) Adolescencia,Soacha,Cluster 1
"Intolerancia, machismo",Vía Pública,Cabecera municipal,Mujer,Hombre,(18 a 28) Juventud,Soacha,Cluster 1
"Intolerancia, machismo",Vivienda,Cabecera municipal,Hombre,Mujer,(18 a 28) Juventud,Soacha,Cluster 1
"Intolerancia, machismo",Vivienda,Cabecera municipal,Mujer,Hombre,(18 a 28) Juventud,Soacha,Cluster 1
"Intolerancia, machismo","Calle (Autopista,Avenida,Dentro de La Ciudad)",Cabecera municipal,Mujer,Hombre,(18 a 28) Juventud,Soacha,Cluster 2
"Intolerancia, machismo",Vía Pública,Cabecera municipal,Mujer,Hombre,(29 a 59) Adultez,Soacha,Cluster 1
"Intolerancia, machismo",Vivienda,Cabecera municipal,Mujer,Hombre,(29 a 59) Adultez,Soacha,Cluster 1
"Celos, desconfianza, infidelidad",Vivienda,Cabecera municipal,Mujer,Hombre,(18 a 28) Juventud,Soacha,Cluster 1
"Intolerancia, machismo",Vía Pública,Cabecera municipal,Hombre,Hombre,(29 a 59) Adultez,Soacha,Cluster 1
Alcoholismo / drogadicción,Vivienda,Cabecera municipal,Mujer,Hombre,(29 a 59) Adultez,Soacha,Cluster 1
"Intolerancia, machismo",Vivienda,Cabecera municipal,Mujer,Hombre,(29 a 59) Adultez,Soacha,Cluster 1
"Intolerancia, machismo","Calle (Autopista,Avenida,Dentro de La Ciudad)",Cabecera municipal,Mujer,Mujer,(06 a 11) Infancia,Soacha,Cluster 2
"Intolerancia, machismo","Calle (Autopista,Avenida,Dentro de La Ciudad)",Cabecera municipal,Hombre,Hombre,(12 a 17) Adolescencia,Soacha,Cluster 2
"Intolerancia, machismo",Sin información,Cabecera municipal,Hombre,Mujer,(00 a 05) Primera Infancia,Soacha,Cluster 1
Alcoholismo / drogadicción,Vivienda,Cabecera municipal,Hombre,Hombre,(18 a 28) Juventud,Soacha,Cluster 1
"Intolerancia, machismo",Vivienda,Cabecera municipal,Mujer,Hombre,(29 a 59) Adultez,Soacha,Cluster 1
"Intolerancia, machismo",Vivienda,"Centro poblado(corregimiento, inspección de policía y caserío)",Mujer,Hombre,(00 a 05) Primera Infancia,Chía,Cluster 1
"Intolerancia, machismo",Vivienda,Cabecera municipal,Mujer,Mujer,(06 a 11) Infancia,Chía,Cluster 1
"Intolerancia, machismo",Vivienda,Cabecera municipal,Mujer,Hombre,(29 a 59) Adultez,Chía,Cluster 1
"Intolerancia, machismo",Vivienda,Cabecera municipal,Hombre,Hombre,(29 a 59) Adultez,Chía,Cluster 1
Otras,"Calle (Autopista,Avenida,Dentro de La Ciudad)",Cabecera municipal,Mujer,Hombre,(29 a 59) Adultez,Chía,Cluster 2
"Intolerancia, machismo",Vivienda,Parte rural (vereda y campo),Mujer,Mujer,(29 a 59) Adultez,Chía,Cluster 1
"Intolerancia, machismo",Vivienda,Parte rural (vereda y campo),Mujer,Hombre,(29 a 59) Adultez,Chía,Cluster 1
"Intolerancia, machismo",Vivienda,Cabecera municipal,Hombre,Mujer,(29 a 59) Adultez,Chía,Cluster 1
"Intolerancia, machismo",Vivienda,"Centro poblado(corregimiento, inspección de policía y caserío)",Hombre,Mujer,(18 a 28) Juventud,Chía,Cluster 1
"Intolerancia, machismo",Vivienda,Cabecera municipal,Mujer,Hombre,(18 a 28) Juventud,Chía,Cluster 1
"Intolerancia, machismo",Vivienda,Cabecera municipal,Mujer,Hombre,(29 a 59) Adultez,Chía,Cluster 1
Sin información,Vivienda,"Centro poblado(corregimiento, inspección de policía y caserío)",Mujer,Mujer,(12 a 17) Adolescencia,Guaduas,Cluster 1
Sin información,Vivienda,Cabecera municipal,Mujer,Mujer,(12 a 17) Adolescencia,Guaduas,Cluster 1
Sin información,Vivienda,Sin información,Hombre,Mujer,(06 a 11) Infancia,Guaduas,Cluster 1
Sin información,Vivienda,Sin información,Hombre,Hombre,(00 a 05) Primera Infancia,Guaduas,Cluster 1
Sin información,Vivienda,Cabecera municipal,Mujer,Hombre,(00 a 05) Primera Infancia,Guaduas,Cluster 1
Alcoholismo / drogadicción,Vivienda,Parte rural (vereda y campo),Mujer,Hombre,(12 a 17) Adolescencia,Guaduas,Cluster 1
"Intolerancia, machismo",Vivienda,Cabecera municipal,Mujer,Hombre,(29 a 59) Adultez,Cajicá,Cluster 1
"Intolerancia, machismo",Vivienda,Cabecera municipal,Mujer,Hombre,(12 a 17) Adolescencia,Soacha,Cluster 1
Alcoholismo / drogadicción,"Calle (Autopista,Avenida,Dentro de La Ciudad)",Cabecera municipal,Hombre,Hombre,(18 a 28) Juventud,Girardot,Cluster 2
"Intolerancia, machismo",Vivienda,Cabecera municipal,Mujer,Mujer,(18 a 28) Juventud,Girardot,Cluster 1
"Intolerancia, machismo","Calle (Autopista,Avenida,Dentro de La Ciudad)",Cabecera municipal,Hombre,Hombre,(29 a 59) Adultez,Girardot,Cluster 2
"Intolerancia, machismo",Vivienda,Cabecera municipal,Mujer,Mujer,(06 a 11) Infancia,Girardot,Cluster 1
"Intolerancia, machismo",Vivienda,Cabecera municipal,Hombre,Hombre,(29 a 59) Adultez,Girardot,Cluster 1
"Intolerancia, machismo",Vivienda,Cabecera municipal,Hombre,Hombre,(12 a 17) Adolescencia,Soacha,Cluster 1
"Intolerancia, machismo",Vivienda,Cabecera municipal,Mujer,Hombre,(18 a 28) Juventud,Soacha,Cluster 1
"Intolerancia, machismo",Vivienda,Cabecera municipal,Mujer,Mujer,(12 a 17) Adolescencia,Soacha,Cluster 1
"Intolerancia, machismo","Calle (Autopista,Avenida,Dentro de La Ciudad)",Cabecera municipal,Mujer,Mujer,(06 a 11) Infancia,Soacha,Cluster 2
"Intolerancia, machismo","Calle (Autopista,Avenida,Dentro de La Ciudad)",Cabecera municipal,Hombre,Hombre,(06 a 11) Infancia,Soacha,Cluster 2
"Intolerancia, machismo",Vivienda,Cabecera municipal,Hombre,Hombre,(06 a 11) Infancia,Soacha,Cluster 1
"Intolerancia, machismo",Vivienda,Cabecera municipal,Hombre,Hombre,(18 a 28) Juventud,Soacha,Cluster 1
"Intolerancia, machismo","Calle (Autopista,Avenida,Dentro de La Ciudad)",Cabecera municipal,Mujer,Mujer,(12 a 17) Adolescencia,Soacha,Cluster 2
"Intolerancia, machismo",Vía Pública,Cabecera municipal,Hombre,Mujer,(18 a 28) Juventud,Soacha,Cluster 1
"Intolerancia, machismo",Vivienda,Cabecera municipal,Hombre,Hombre,(29 a 59) Adultez,Soacha,Cluster 1
"Intolerancia, machismo",Vivienda,Cabecera municipal,Mujer,Mujer,(06 a 11) Infancia,Soacha,Cluster 1
"Intolerancia, machismo",Vivienda,Cabecera municipal,Mujer,Mujer,(12 a 17) Adolescencia,Soacha,Cluster 1
"Intolerancia, machismo",Vivienda,Cabecera municipal,Mujer,Mujer,(00 a 05) Primera Infancia,Soacha,Cluster 1
Alcoholismo / drogadicción,Vía Pública,Cabecera municipal,Mujer,Mujer,(18 a 28) Juventud,Soacha,Cluster 1
"Intolerancia, machismo",Vivienda,Cabecera municipal,Hombre,Hombre,(18 a 28) Juventud,Soacha,Cluster 1
"Intolerancia, machismo",Vivienda,Cabecera municipal,Mujer,Hombre,(06 a 11) Infancia,Soacha,Cluster 1
"Intolerancia, machismo",Vivienda,Cabecera municipal,Hombre,Hombre,(06 a 11) Infancia,Soacha,Cluster 1
"Intolerancia, machismo",Vivienda,Cabecera municipal,Hombre,Hombre,(29 a 59) Adultez,Soacha,Cluster 1
"Intolerancia, machismo",Vivienda,Cabecera municipal,Hombre,Hombre,(Más de 60) Adulto Mayor,Soacha,Cluster 1
"Intolerancia, machismo",Vivienda,Cabecera municipal,Mujer,Hombre,(12 a 17) Adolescencia,Soacha,Cluster 1
"Intolerancia, machismo",Vivienda,Cabecera municipal,Mujer,Hombre,(12 a 17) Adolescencia,Soacha,Cluster 1
"Intolerancia, machismo",Vivienda,Cabecera municipal,Mujer,Hombre,(12 a 17) Adolescencia,Soacha,Cluster 1
Sin información,Vivienda,Parte rural (vereda y campo),Mujer,Mujer,(29 a 59) Adultez,Girardot,Cluster 1
Sin información,"Lugares de Hospedaje (Hoteles,Campamentos Y Otros Tipos de Hospedaje No Permanente,Moteles,Etc)",Cabecera municipal,Hombre,Mujer,(00 a 05) Primera Infancia,Soacha,Cluster 3
Sin información,Vivienda,"Centro poblado(corregimiento, inspección de policía y caserío)",Hombre,Mujer,(00 a 05) Primera Infancia,Chía,Cluster 1
"Intolerancia, machismo",Vivienda,Parte rural (vereda y campo),Hombre,Hombre,(12 a 17) Adolescencia,Chía,Cluster 1
Alcoholismo / drogadicción,Vivienda,Cabecera municipal,Hombre,Hombre,(29 a 59) Adultez,Chía,Cluster 1
"Intolerancia, machismo",Vivienda,Parte rural (vereda y campo),Hombre,Hombre,(18 a 28) Juventud,Chía,Cluster 1
Alcoholismo / drogadicción,"Calle (Autopista,Avenida,Dentro de La Ciudad)",Parte rural (vereda y campo),Mujer,Hombre,(29 a 59) Adultez,Chía,Cluster 2
Sin información,"Calle (Autopista,Avenida,Dentro de La Ciudad)",Parte rural (vereda y campo),Mujer,Mujer,(00 a 05) Primera Infancia,Chía,Cluster 2
"Intolerancia, machismo",Vivienda,"Centro poblado(corregimiento, inspección de policía y caserío)",Hombre,Hombre,(18 a 28) Juventud,Chía,Cluster 1
"Intolerancia, machismo",Vivienda,Parte rural (vereda y campo),Hombre,Hombre,(00 a 05) Primera Infancia,Chía,Cluster 1
Sin información,Vivienda,Cabecera municipal,Mujer,Mujer,(06 a 11) Infancia,Guaduas,Cluster 1
Sin información,Vivienda,Sin información,Hombre,Mujer,(00 a 05) Primera Infancia,Guaduas,Cluster 1
Otras,Vivienda,Parte rural (vereda y campo),Mujer,Hombre,(06 a 11) Infancia,Guaduas,Cluster 1
Sin información,Vivienda,Parte rural (vereda y campo),Mujer,Hombre,(06 a 11) Infancia,Guaduas,Cluster 1
Alcoholismo / drogadicción,Vivienda,Sin información,Mujer,Mujer,(29 a 59) Adultez,Guaduas,Cluster 1
"Intolerancia, machismo",Vivienda,Cabecera municipal,Mujer,Hombre,(18 a 28) Juventud,Guaduas,Cluster 1
"Intolerancia, machismo",Vivienda,Sin información,Hombre,Hombre,(06 a 11) Infancia,Guaduas,Cluster 1
"Intolerancia, machismo",Vivienda,Cabecera municipal,Hombre,Mujer,(29 a 59) Adultez,Guaduas,Cluster 1
Alcoholismo / drogadicción,Vivienda,Cabecera municipal,Mujer,Hombre,(Más de 60) Adulto Mayor,Cajicá,Cluster 1
Alcoholismo / drogadicción,Vivienda,Parte rural (vereda y campo),Hombre,Mujer,(18 a 28) Juventud,Cajicá,Cluster 1
Alcoholismo / drogadicción,Vivienda,Parte rural (vereda y campo),Mujer,Hombre,(29 a 59) Adultez,Cajicá,Cluster 1
"Intolerancia, machismo",Vivienda,"Centro poblado(corregimiento, inspección de policía y caserío)",Mujer,Mujer,(12 a 17) Adolescencia,Cajicá,Cluster 1
"Intolerancia, machismo",Vivienda,"Centro poblado(corregimiento, inspección de policía y caserío)",Hombre,Hombre,(12 a 17) Adolescencia,Cajicá,Cluster 1
"Intolerancia, machismo",Vivienda,Parte rural (vereda y campo),Mujer,Hombre,(06 a 11) Infancia,Chía,Cluster 1
"Intolerancia, machismo",Vivienda,Cabecera municipal,Hombre,Hombre,(12 a 17) Adolescencia,Soacha,Cluster 1
"Intolerancia, machismo",Vivienda,Cabecera municipal,Hombre,Hombre,(Más de 60) Adulto Mayor,Girardot,Cluster 1
"Intolerancia, machismo",Vivienda,Cabecera municipal,Mujer,Hombre,(29 a 59) Adultez,Girardot,Cluster 1
Alcoholismo / drogadicción,Vivienda,Cabecera municipal,Mujer,Hombre,(29 a 59) Adultez,Girardot,Cluster 1
"Intolerancia, machismo","Establecimientos de Expendio de Comidas (Restaurantes,Asaderos,Salsamentarias,Etc)",Cabecera municipal,Hombre,Hombre,(12 a 17) Adolescencia,Girardot,Cluster 3
"Intolerancia, machismo",Vivienda,Cabecera municipal,Mujer,Mujer,(29 a 59) Adultez,Soacha,Cluster 1
"Intolerancia, machismo",Vivienda,Cabecera municipal,Mujer,Hombre,(29 a 59) Adultez,Soacha,Cluster 1
"Celos, desconfianza, infidelidad",Vía Pública,Cabecera municipal,Hombre,Hombre,(18 a 28) Juventud,Soacha,Cluster 1
"Intolerancia, machismo",Vivienda,Cabecera municipal,Hombre,Hombre,(18 a 28) Juventud,Soacha,Cluster 1
"Intolerancia, machismo","Calle (Autopista,Avenida,Dentro de La Ciudad)",Cabecera municipal,Mujer,Mujer,(18 a 28) Juventud,Soacha,Cluster 2
Alcoholismo / drogadicción,Vivienda,Cabecera municipal,Mujer,Hombre,(Más de 60) Adulto Mayor,Soacha,Cluster 1
"Intolerancia, machismo",Vivienda,Cabecera municipal,Hombre,Hombre,(00 a 05) Primera Infancia,Soacha,Cluster 1
"Intolerancia, machismo",Vivienda,Cabecera municipal,Hombre,Mujer,(12 a 17) Adolescencia,Soacha,Cluster 1
"Intolerancia, machismo",Vivienda,Cabecera municipal,Hombre,Mujer,(06 a 11) Infancia,Soacha,Cluster 1
"Intolerancia, machismo",Vivienda,Cabecera municipal,Mujer,Hombre,(29 a 59) Adultez,Soacha,Cluster 1
"Intolerancia, machismo",Vivienda,Cabecera municipal,Mujer,Hombre,(29 a 59) Adultez,Soacha,Cluster 1
Alcoholismo / drogadicción,Vivienda,Cabecera municipal,Mujer,Hombre,(18 a 28) Juventud,Soacha,Cluster 1
"Intolerancia, machismo",Vivienda,Cabecera municipal,Mujer,Mujer,(29 a 59) Adultez,Soacha,Cluster 1
Alcoholismo / drogadicción,Vivienda,Cabecera municipal,Mujer,Hombre,(12 a 17) Adolescencia,Soacha,Cluster 1
"Intolerancia, machismo",Vivienda,Cabecera municipal,Mujer,Mujer,(18 a 28) Juventud,Soacha,Cluster 1
Otras,Vivienda,Cabecera municipal,Hombre,Hombre,(00 a 05) Primera Infancia,Soacha,Cluster 1
"Intolerancia, machismo",Vivienda,Cabecera municipal,Hombre,Hombre,(00 a 05) Primera Infancia,Soacha,Cluster 1
Alcoholismo / drogadicción,"Calle (Autopista,Avenida,Dentro de La Ciudad)",Cabecera municipal,Hombre,Hombre,(29 a 59) Adultez,Soacha,Cluster 2
"Intolerancia, machismo",Vivienda,Cabecera municipal,Mujer,Hombre,(Más de 60) Adulto Mayor,Soacha,Cluster 1
"Intolerancia, machismo",Vivienda,Cabecera municipal,Hombre,Hombre,(29 a 59) Adultez,Soacha,Cluster 1
"Intolerancia, machismo",Vivienda,Cabecera municipal,Mujer,Hombre,(29 a 59) Adultez,Soacha,Cluster 1
"Intolerancia, machismo",Vivienda,Cabecera municipal,Mujer,Hombre,(00 a 05) Primera Infancia,Chía,Cluster 1
"Intolerancia, machismo",Vivienda,Cabecera municipal,Hombre,Hombre,(12 a 17) Adolescencia,Soacha,Cluster 1
"Intolerancia, machismo",Vivienda,Cabecera municipal,Hombre,Hombre,(00 a 05) Primera Infancia,Chía,Cluster 1
Alcoholismo / drogadicción,Vivienda,Cabecera municipal,Hombre,Hombre,(29 a 59) Adultez,Chía,Cluster 1
"Intolerancia, machismo",Centros de Reclusión,Cabecera municipal,Hombre,Mujer,(00 a 05) Primera Infancia,Chía,Cluster 2
"Intolerancia, machismo",Vivienda,Cabecera municipal,Hombre,Hombre,(06 a 11) Infancia,Soacha,Cluster 1
"Intolerancia, machismo",Vivienda,Cabecera municipal,Mujer,Hombre,(18 a 28) Juventud,Girardot,Cluster 1
"Intolerancia, machismo",Vivienda,Cabecera municipal,Mujer,Hombre,(29 a 59) Adultez,Girardot,Cluster 1
"Celos, desconfianza, infidelidad",Vivienda,Cabecera municipal,Mujer,Hombre,(29 a 59) Adultez,Girardot,Cluster 1
"Intolerancia, machismo",Vivienda,Cabecera municipal,Mujer,Mujer,(29 a 59) Adultez,Girardot,Cluster 1
Otras,"Calle (Autopista,Avenida,Dentro de La Ciudad)",Cabecera municipal,Mujer,Mujer,(18 a 28) Juventud,Girardot,Cluster 2
"Intolerancia, machismo","Calle (Autopista,Avenida,Dentro de La Ciudad)",Cabecera municipal,Mujer,Mujer,(18 a 28) Juventud,Girardot,Cluster 2
"Intolerancia, machismo","Calle (Autopista,Avenida,Dentro de La Ciudad)",Cabecera municipal,Mujer,Mujer,(29 a 59) Adultez,Girardot,Cluster 2
"Intolerancia, machismo",Vivienda,Cabecera municipal,Mujer,Hombre,(18 a 28) Juventud,Girardot,Cluster 1
Económicas,Vivienda,Cabecera municipal,Mujer,Mujer,(29 a 59) Adultez,Girardot,Cluster 1
"Intolerancia, machismo","Calle (Autopista,Avenida,Dentro de La Ciudad)",Cabecera municipal,Mujer,Hombre,(Más de 60) Adulto Mayor,Soacha,Cluster 2
"Intolerancia, machismo",Vía Pública,Cabecera municipal,Hombre,Hombre,(12 a 17) Adolescencia,Soacha,Cluster 1
"Celos, desconfianza, infidelidad",Vivienda,Cabecera municipal,Mujer,Hombre,(29 a 59) Adultez,Soacha,Cluster 1
Sin información,Vivienda,Cabecera municipal,Mujer,Mujer,(00 a 05) Primera Infancia,Soacha,Cluster 1
Alcoholismo / drogadicción,Vivienda,Cabecera municipal,Hombre,Hombre,(18 a 28) Juventud,Soacha,Cluster 1
"Intolerancia, machismo",Vivienda,Cabecera municipal,Mujer,Hombre,(12 a 17) Adolescencia,Soacha,Cluster 1
"Intolerancia, machismo",Vivienda,Cabecera municipal,Hombre,Hombre,(18 a 28) Juventud,Soacha,Cluster 1
"Intolerancia, machismo",Vivienda,Cabecera municipal,Mujer,Hombre,(06 a 11) Infancia,Soacha,Cluster 1
"Intolerancia, machismo",Vía Pública,Cabecera municipal,Mujer,Mujer,(06 a 11) Infancia,Soacha,Cluster 1
"Intolerancia, machismo",Vía Pública,Cabecera municipal,Mujer,Hombre,(29 a 59) Adultez,Soacha,Cluster 1
Alcoholismo / drogadicción,Vivienda,Parte rural (vereda y campo),Mujer,Hombre,(12 a 17) Adolescencia,Soacha,Cluster 1
"Intolerancia, machismo",Vivienda,Cabecera municipal,Hombre,Hombre,(06 a 11) Infancia,Soacha,Cluster 1
"Intolerancia, machismo",Vivienda,Cabecera municipal,Hombre,Hombre,(29 a 59) Adultez,Soacha,Cluster 1
"Intolerancia, machismo",Vivienda,Cabecera municipal,Mujer,Hombre,(18 a 28) Juventud,Soacha,Cluster 1
"Intolerancia, machismo",Vivienda,Cabecera municipal,Hombre,Hombre,(06 a 11) Infancia,Soacha,Cluster 1
"Intolerancia, machismo",Vía Pública,Cabecera municipal,Mujer,Mujer,(29 a 59) Adultez,Soacha,Cluster 1
"Intolerancia, machismo",Vivienda,Cabecera municipal,Hombre,Hombre,(29 a 59) Adultez,Soacha,Cluster 1
"Intolerancia, machismo",Vivienda,Cabecera municipal,Mujer,Hombre,(18 a 28) Juventud,Cota,Cluster 1
"Intolerancia, machismo",Vivienda,"Centro poblado(corregimiento, inspección de policía y caserío)",Hombre,Mujer,(12 a 17) Adolescencia,Cajicá,Cluster 1
"Intolerancia, machismo",Vivienda,Cabecera municipal,Mujer,Hombre,(29 a 59) Adultez,Chía,Cluster 1
"Intolerancia, machismo",Vivienda,Parte rural (vereda y campo),Hombre,Hombre,(29 a 59) Adultez,Chía,Cluster 1
"Intolerancia, machismo",Vivienda,Cabecera municipal,Mujer,Hombre,(06 a 11) Infancia,Chía,Cluster 1
"Intolerancia, machismo",Vivienda,Sin información,Mujer,Hombre,(06 a 11) Infancia,Chía,Cluster 1
Alcoholismo / drogadicción,Vivienda,Cabecera municipal,Hombre,Hombre,(29 a 59) Adultez,Cota,Cluster 1
"Intolerancia, machismo",Vivienda,Cabecera municipal,Mujer,Mujer,(29 a 59) Adultez,Girardot,Cluster 1
Alcoholismo / drogadicción,"Calle (Autopista,Avenida,Dentro de La Ciudad)",Cabecera municipal,Hombre,Hombre,(18 a 28) Juventud,Girardot,Cluster 2
"Intolerancia, machismo",Vivienda,Cabecera municipal,Hombre,Hombre,(29 a 59) Adultez,Soacha,Cluster 1
Alcoholismo / drogadicción,Vivienda,Cabecera municipal,Mujer,Hombre,(29 a 59) Adultez,Soacha,Cluster 1
"Intolerancia, machismo",Vivienda,Cabecera municipal,Hombre,Hombre,(12 a 17) Adolescencia,Soacha,Cluster 1
"Intolerancia, machismo",Vivienda,Cabecera municipal,Mujer,Hombre,(29 a 59) Adultez,Soacha,Cluster 1
"Intolerancia, machismo",Vía Pública,Cabecera municipal,Hombre,Mujer,(00 a 05) Primera Infancia,Soacha,Cluster 1
"Celos, desconfianza, infidelidad",Vivienda,Cabecera municipal,Hombre,Mujer,(29 a 59) Adultez,Soacha,Cluster 1
"Celos, desconfianza, infidelidad",Vivienda,Cabecera municipal,Hombre,Hombre,(12 a 17) Adolescencia,Soacha,Cluster 1
"Intolerancia, machismo",Vivienda,Cabecera municipal,Mujer,Mujer,(Más de 60) Adulto Mayor,Soacha,Cluster 1
"Intolerancia, machismo",Vivienda,Cabecera municipal,Hombre,Mujer,(Más de 60) Adulto Mayor,Soacha,Cluster 1
"Intolerancia, machismo",Vivienda,Cabecera municipal,Mujer,Mujer,(06 a 11) Infancia,Soacha,Cluster 1
"Intolerancia, machismo",Vivienda,Cabecera municipal,Mujer,Mujer,(12 a 17) Adolescencia,Soacha,Cluster 1
Alcoholismo / drogadicción,Vivienda,Cabecera municipal,Hombre,Hombre,(06 a 11) Infancia,Soacha,Cluster 1
"Intolerancia, machismo",Vivienda,Cabecera municipal,Mujer,Hombre,(18 a 28) Juventud,Soacha,Cluster 1
"Intolerancia, machismo",Vivienda,Cabecera municipal,Hombre,Hombre,(06 a 11) Infancia,Soacha,Cluster 1
"Intolerancia, machismo",Vivienda,Cabecera municipal,Mujer,Hombre,(Más de 60) Adulto Mayor,Soacha,Cluster 1
"Intolerancia, machismo",Vivienda,Cabecera municipal,Mujer,Hombre,(18 a 28) Juventud,Soacha,Cluster 1
"Intolerancia, machismo",Vivienda,Cabecera municipal,Hombre,Mujer,(06 a 11) Infancia,Soacha,Cluster 1
"Intolerancia, machismo",Vivienda,Cabecera municipal,Mujer,Mujer,(00 a 05) Primera Infancia,Soacha,Cluster 1
"Intolerancia, machismo",Vivienda,Cabecera municipal,Mujer,Mujer,(12 a 17) Adolescencia,Soacha,Cluster 1
"Intolerancia, machismo",Vivienda,Cabecera municipal,Mujer,Hombre,(00 a 05) Primera Infancia,Soacha,Cluster 1
"Intolerancia, machismo",Vivienda,Cabecera municipal,Hombre,Hombre,(00 a 05) Primera Infancia,Soacha,Cluster 1
"Intolerancia, machismo",Vivienda,Cabecera municipal,Mujer,Mujer,(29 a 59) Adultez,Soacha,Cluster 1
"Intolerancia, machismo",Carretera (Fuera de La Ciudad),Cabecera municipal,Hombre,Hombre,(18 a 28) Juventud,Cajicá,Cluster 2
Alcoholismo / drogadicción,"Calle (Autopista,Avenida,Dentro de La Ciudad)",Cabecera municipal,Hombre,Hombre,(18 a 28) Juventud,Soacha,Cluster 2
Alcoholismo / drogadicción,Lugares de Esparcimiento con Expendio de Alcohol,Cabecera municipal,Hombre,Hombre,(29 a 59) Adultez,Soacha,Cluster 3
Alcoholismo / drogadicción,Vivienda,Cabecera municipal,Hombre,Hombre,(Más de 60) Adulto Mayor,Chía,Cluster 1
"Intolerancia, machismo",Centros Educativos,Cabecera municipal,Hombre,Hombre,(12 a 17) Adolescencia,Chía,Cluster 2
"Intolerancia, machismo",Vivienda,"Centro poblado(corregimiento, inspección de policía y caserío)",Mujer,Mujer,(29 a 59) Adultez,Chía,Cluster 1
"Intolerancia, machismo",Vivienda,Cabecera municipal,Hombre,Mujer,(12 a 17) Adolescencia,Chía,Cluster 1
Sin información,Vivienda,Cabecera municipal,Hombre,Mujer,(00 a 05) Primera Infancia,Guaduas,Cluster 1
"Intolerancia, machismo",Vivienda,Cabecera municipal,Mujer,Mujer,(06 a 11) Infancia,Cajicá,Cluster 1
"Intolerancia, machismo",Vivienda,Cabecera municipal,Hombre,Mujer,(06 a 11) Infancia,Cajicá,Cluster 1
Alcoholismo / drogadicción,Vivienda,Cabecera municipal,Mujer,Mujer,(00 a 05) Primera Infancia,Cajicá,Cluster 1
Otras,"Lugares de Hospedaje (Hoteles,Campamentos Y Otros Tipos de Hospedaje No Permanente,Moteles,Etc)",Cabecera municipal,Hombre,Mujer,(29 a 59) Adultez,Guaduas,Cluster 3
Otras,"Lugares de Hospedaje (Hoteles,Campamentos Y Otros Tipos de Hospedaje No Permanente,Moteles,Etc)",Cabecera municipal,Mujer,Hombre,(29 a 59) Adultez,Guaduas,Cluster 3
"Intolerancia, machismo","Calle (Autopista,Avenida,Dentro de La Ciudad)",Cabecera municipal,Hombre,Hombre,(18 a 28) Juventud,Girardot,Cluster 2
"Intolerancia, machismo",Vivienda,Cabecera municipal,Hombre,Mujer,(29 a 59) Adultez,Girardot,Cluster 1
"Intolerancia, machismo",Vía Pública,Cabecera municipal,Mujer,Hombre,(12 a 17) Adolescencia,Soacha,Cluster 1
"Intolerancia, machismo",Vía Pública,Cabecera municipal,Mujer,Hombre,(29 a 59) Adultez,Soacha,Cluster 1
"Intolerancia, machismo",Vivienda,Cabecera municipal,Mujer,Mujer,(29 a 59) Adultez,Soacha,Cluster 1
"Intolerancia, machismo",Vivienda,Cabecera municipal,Hombre,Hombre,(Más de 60) Adulto Mayor,Soacha,Cluster 1
Otras,Vivienda,Cabecera municipal,Hombre,Hombre,(06 a 11) Infancia,Soacha,Cluster 1
"Intolerancia, machismo",Vivienda,Cabecera municipal,Mujer,Mujer,(18 a 28) Juventud,Soacha,Cluster 1
"Intolerancia, machismo","Calle (Autopista,Avenida,Dentro de La Ciudad)",Cabecera municipal,Mujer,Hombre,(12 a 17) Adolescencia,Soacha,Cluster 2
"Intolerancia, machismo",Vivienda,Cabecera municipal,Mujer,Mujer,(06 a 11) Infancia,Soacha,Cluster 1
"Intolerancia, machismo","Calle (Autopista,Avenida,Dentro de La Ciudad)",Cabecera municipal,Hombre,Mujer,(06 a 11) Infancia,Soacha,Cluster 2
"Intolerancia, machismo",Vivienda,Cabecera municipal,Mujer,Hombre,(29 a 59) Adultez,Soacha,Cluster 1
Alcoholismo / drogadicción,Vivienda,Cabecera municipal,Mujer,Hombre,(18 a 28) Juventud,Soacha,Cluster 1
Sin información,Vivienda,Cabecera municipal,Mujer,Hombre,(06 a 11) Infancia,Soacha,Cluster 1
"Intolerancia, machismo",Vivienda,Parte rural (vereda y campo),Hombre,Mujer,(12 a 17) Adolescencia,Chía,Cluster 1
"Intolerancia, machismo",Vivienda,Parte rural (vereda y campo),Mujer,Mujer,(12 a 17) Adolescencia,Chía,Cluster 1
Alcoholismo / drogadicción,"Establecimiento Comercial (Tienda,Centro Comercial,Almacén,Plaza de Mercado)",Cabecera municipal,Hombre,Hombre,(18 a 28) Juventud,Chía,Cluster 2
"Intolerancia, machismo",Vivienda,Parte rural (vereda y campo),Mujer,Hombre,(06 a 11) Infancia,Chía,Cluster 1
"Intolerancia, machismo",Vivienda,"Centro poblado(corregimiento, inspección de policía y caserío)",Mujer,Mujer,(29 a 59) Adultez,Chía,Cluster 1
"Intolerancia, machismo",Vivienda,Parte rural (vereda y campo),Mujer,Mujer,(29 a 59) Adultez,Chía,Cluster 1
"Intolerancia, machismo",Vivienda,Parte rural (vereda y campo),Mujer,Hombre,(18 a 28) Juventud,Chía,Cluster 1
Sin información,Sin información,Cabecera municipal,Hombre,Hombre,(06 a 11) Infancia,Guaduas,Cluster 3
Sin información,Vivienda,Cabecera municipal,Hombre,Hombre,(00 a 05) Primera Infancia,Guaduas,Cluster 1
"Intolerancia, machismo",Vivienda,Cabecera municipal,Mujer,Mujer,(29 a 59) Adultez,Cajicá,Cluster 1
"Intolerancia, machismo",Vivienda,Cabecera municipal,Hombre,Mujer,(06 a 11) Infancia,Cajicá,Cluster 1
"Intolerancia, machismo",Vivienda,Cabecera municipal,Hombre,Hombre,(29 a 59) Adultez,Girardot,Cluster 1
"Intolerancia, machismo",Vivienda,Cabecera municipal,Hombre,Mujer,(Más de 60) Adulto Mayor,Soacha,Cluster 1
Alcoholismo / drogadicción,Vivienda,Cabecera municipal,Mujer,Hombre,(29 a 59) Adultez,Soacha,Cluster 1
"Intolerancia, machismo",Vivienda,Cabecera municipal,Hombre,Hombre,(29 a 59) Adultez,Soacha,Cluster 1
"Intolerancia, machismo",Vivienda,Cabecera municipal,Hombre,Hombre,(Más de 60) Adulto Mayor,Soacha,Cluster 1
Alcoholismo / drogadicción,Vivienda,Cabecera municipal,Mujer,Hombre,(18 a 28) Juventud,Soacha,Cluster 1
"Intolerancia, machismo",Vía Pública,Cabecera municipal,Mujer,Mujer,(06 a 11) Infancia,Soacha,Cluster 1
"Intolerancia, machismo",Vivienda,Cabecera municipal,Mujer,Hombre,(12 a 17) Adolescencia,Soacha,Cluster 1
"Intolerancia, machismo",Vivienda,Cabecera municipal,Hombre,Mujer,(29 a 59) Adultez,Soacha,Cluster 1
"Intolerancia, machismo",Vivienda,Cabecera municipal,Hombre,Hombre,(18 a 28) Juventud,Soacha,Cluster 1
"Intolerancia, machismo",Vivienda,Cabecera municipal,Hombre,Mujer,(06 a 11) Infancia,Soacha,Cluster 1
"Intolerancia, machismo",Vía Pública,Cabecera municipal,Mujer,Mujer,(18 a 28) Juventud,Soacha,Cluster 1
"Intolerancia, machismo",Vivienda,Cabecera municipal,Hombre,Hombre,(29 a 59) Adultez,Soacha,Cluster 1
"Intolerancia, machismo",Vivienda,Cabecera municipal,Mujer,Mujer,(29 a 59) Adultez,Soacha,Cluster 1
"Intolerancia, machismo",Vivienda,Cabecera municipal,Hombre,Hombre,(29 a 59) Adultez,Soacha,Cluster 1
"Intolerancia, machismo",Vivienda,Cabecera municipal,Hombre,Hombre,(06 a 11) Infancia,Soacha,Cluster 1
"Intolerancia, machismo",Vía Pública,Cabecera municipal,Hombre,Hombre,(06 a 11) Infancia,Soacha,Cluster 1
"Intolerancia, machismo",Vivienda,Cabecera municipal,Mujer,Hombre,(06 a 11) Infancia,Soacha,Cluster 1
"Intolerancia, machismo",Vivienda,Cabecera municipal,Hombre,Hombre,(29 a 59) Adultez,Soacha,Cluster 1
"Intolerancia, machismo",Vivienda,Cabecera municipal,Hombre,Mujer,(18 a 28) Juventud,Soacha,Cluster 1
"Intolerancia, machismo",Vía Pública,Cabecera municipal,Hombre,Hombre,(29 a 59) Adultez,Soacha,Cluster 1
Alcoholismo / drogadicción,Vía Pública,Cabecera municipal,Hombre,Hombre,(29 a 59) Adultez,Soacha,Cluster 1
"Intolerancia, machismo",Vivienda,Cabecera municipal,Hombre,Hombre,(18 a 28) Juventud,Soacha,Cluster 1
"Intolerancia, machismo",Vivienda,Cabecera municipal,Hombre,Hombre,(06 a 11) Infancia,Soacha,Cluster 1
"Intolerancia, machismo",Vivienda,Cabecera municipal,Hombre,Hombre,(12 a 17) Adolescencia,Soacha,Cluster 1
"Intolerancia, machismo",Vivienda,Cabecera municipal,Mujer,Hombre,(29 a 59) Adultez,Soacha,Cluster 1
"Intolerancia, machismo","Calle (Autopista,Avenida,Dentro de La Ciudad)",Cabecera municipal,Hombre,Hombre,(18 a 28) Juventud,Soacha,Cluster 2
Sin información,Vivienda,Cabecera municipal,Hombre,Hombre,(18 a 28) Juventud,Soacha,Cluster 1
"Intolerancia, machismo",Vivienda,Cabecera municipal,Mujer,Hombre,(29 a 59) Adultez,Girardot,Cluster 1
"Intolerancia, machismo",Vivienda,Cabecera municipal,Hombre,Mujer,(12 a 17) Adolescencia,Chía,Cluster 1
"Intolerancia, machismo",Vivienda,Parte rural (vereda y campo),Mujer,Hombre,(29 a 59) Adultez,Chía,Cluster 1
Sin información,Vivienda,Cabecera municipal,Hombre,Mujer,(06 a 11) Infancia,Chía,Cluster 1
Económicas,Vivienda,Cabecera municipal,Mujer,Mujer,(29 a 59) Adultez,Guaduas,Cluster 1
Alcoholismo / drogadicción,Vivienda,Parte rural (vereda y campo),Mujer,Hombre,(Más de 60) Adulto Mayor,Guaduas,Cluster 1
"Intolerancia, machismo",Vivienda,Cabecera municipal,Hombre,Hombre,(06 a 11) Infancia,Cajicá,Cluster 1
Sin información,Vivienda,Cabecera municipal,Hombre,Hombre,(06 a 11) Infancia,Cajicá,Cluster 1
"Intolerancia, machismo",Vivienda,Sin información,Mujer,Hombre,(12 a 17) Adolescencia,Cajicá,Cluster 1
"Intolerancia, machismo",Vivienda,Cabecera municipal,Mujer,Hombre,(29 a 59) Adultez,Cajicá,Cluster 1
"Intolerancia, machismo",Vivienda,Cabecera municipal,Mujer,Hombre,(18 a 28) Juventud,Cajicá,Cluster 1
"Intolerancia, machismo",Vivienda,Cabecera municipal,Mujer,Hombre,(18 a 28) Juventud,Cajicá,Cluster 1
Otras,Vivienda,Cabecera municipal,Hombre,Mujer,(06 a 11) Infancia,Cajicá,Cluster 1
Sin información,Vivienda,Cabecera municipal,Hombre,Mujer,(06 a 11) Infancia,Cajicá,Cluster 1
Sin información,Sin información,Cabecera municipal,Hombre,Mujer,(06 a 11) Infancia,Cajicá,Cluster 3
"Intolerancia, machismo","Calle (Autopista,Avenida,Dentro de La Ciudad)",Parte rural (vereda y campo),Mujer,Hombre,(18 a 28) Juventud,Cajicá,Cluster 2
"Intolerancia, machismo","Calle (Autopista,Avenida,Dentro de La Ciudad)",Cabecera municipal,Mujer,Hombre,(12 a 17) Adolescencia,Soacha,Cluster 2
Alcoholismo / drogadicción,Vivienda,Cabecera municipal,Mujer,Hombre,(12 a 17) Adolescencia,Soacha,Cluster 1
"Intolerancia, machismo","Calle (Autopista,Avenida,Dentro de La Ciudad)",Cabecera municipal,Mujer,Hombre,(06 a 11) Infancia,Soacha,Cluster 2
"Intolerancia, machismo","Calle (Autopista,Avenida,Dentro de La Ciudad)",Cabecera municipal,Hombre,Hombre,(06 a 11) Infancia,Soacha,Cluster 2
"Intolerancia, machismo","Calle (Autopista,Avenida,Dentro de La Ciudad)",Cabecera municipal,Mujer,Hombre,(12 a 17) Adolescencia,Soacha,Cluster 2
"Intolerancia, machismo",Vivienda,Parte rural (vereda y campo),Mujer,Hombre,(12 a 17) Adolescencia,Cota,Cluster 1
"Intolerancia, machismo",Sin información,Cabecera municipal,Mujer,Mujer,(00 a 05) Primera Infancia,Girardot,Cluster 3
"Intolerancia, machismo",Vivienda,Cabecera municipal,Hombre,Hombre,(18 a 28) Juventud,Girardot,Cluster 1
"Intolerancia, machismo",Vivienda,Cabecera municipal,Mujer,Hombre,(29 a 59) Adultez,Girardot,Cluster 1
Económicas,Vía Pública,Cabecera municipal,Hombre,Hombre,(Más de 60) Adulto Mayor,Girardot,Cluster 1
"Intolerancia, machismo",Vivienda,Cabecera municipal,Hombre,Hombre,(29 a 59) Adultez,Girardot,Cluster 1
"Intolerancia, machismo",Vivienda,Cabecera municipal,Mujer,Hombre,(29 a 59) Adultez,Soacha,Cluster 1
"Intolerancia, machismo",Vivienda,Cabecera municipal,Mujer,Mujer,(06 a 11) Infancia,Soacha,Cluster 1
"Intolerancia, machismo",Vivienda,Cabecera municipal,Mujer,Mujer,(Más de 60) Adulto Mayor,Soacha,Cluster 1
"Intolerancia, machismo",Vivienda,Cabecera municipal,Mujer,Mujer,(06 a 11) Infancia,Soacha,Cluster 1
"Intolerancia, machismo",Vivienda,Cabecera municipal,Hombre,Hombre,(00 a 05) Primera Infancia,Soacha,Cluster 1
"Intolerancia, machismo",Vivienda,Cabecera municipal,Hombre,Hombre,(00 a 05) Primera Infancia,Soacha,Cluster 1
Alcoholismo / drogadicción,Vivienda,Cabecera municipal,Mujer,Hombre,(29 a 59) Adultez,Soacha,Cluster 1
"Intolerancia, machismo",Vivienda,Cabecera municipal,Mujer,Mujer,(Más de 60) Adulto Mayor,Soacha,Cluster 1
"Intolerancia, machismo",Vehículo Servicio Particular,Cabecera municipal,Mujer,Mujer,(18 a 28) Juventud,Soacha,Cluster 1
"Intolerancia, machismo",Vivienda,Cabecera municipal,Mujer,Hombre,(06 a 11) Infancia,Soacha,Cluster 1
"Intolerancia, machismo",Vivienda,Cabecera municipal,Hombre,Hombre,(29 a 59) Adultez,Soacha,Cluster 1
Alcoholismo / drogadicción,Vivienda,Cabecera municipal,Mujer,Hombre,(Más de 60) Adulto Mayor,Soacha,Cluster 1
"Intolerancia, machismo",Vivienda,Cabecera municipal,Mujer,Hombre,(18 a 28) Juventud,Soacha,Cluster 1
"Intolerancia, machismo",Vivienda,Cabecera municipal,Mujer,Hombre,(29 a 59) Adultez,Soacha,Cluster 1
"Intolerancia, machismo",Vivienda,Cabecera municipal,Mujer,Hombre,(06 a 11) Infancia,Soacha,Cluster 1
"Intolerancia, machismo",Vivienda,Cabecera municipal,Mujer,Hombre,(12 a 17) Adolescencia,Soacha,Cluster 1
"Intolerancia, machismo","Calle (Autopista,Avenida,Dentro de La Ciudad)",Cabecera municipal,Mujer,Hombre,(18 a 28) Juventud,Soacha,Cluster 2
"Intolerancia, machismo",Vivienda,Cabecera municipal,Hombre,Mujer,(06 a 11) Infancia,Soacha,Cluster 1
Alcoholismo / drogadicción,Vivienda,Cabecera municipal,Hombre,Hombre,(00 a 05) Primera Infancia,Soacha,Cluster 1
"Intolerancia, machismo",Vivienda,Cabecera municipal,Hombre,Hombre,(12 a 17) Adolescencia,Soacha,Cluster 1
"Intolerancia, machismo",Vivienda,Cabecera municipal,Mujer,Hombre,(06 a 11) Infancia,Soacha,Cluster 1
"Celos, desconfianza, infidelidad",Vía Pública,Cabecera municipal,Mujer,Mujer,(06 a 11) Infancia,Soacha,Cluster 1
"Intolerancia, machismo",Vivienda,Cabecera municipal,Mujer,Mujer,(06 a 11) Infancia,Soacha,Cluster 1
"Intolerancia, machismo",Vivienda,Cabecera municipal,Mujer,Hombre,(Más de 60) Adulto Mayor,Soacha,Cluster 1
"Intolerancia, machismo",Vivienda,Cabecera municipal,Mujer,Hombre,(12 a 17) Adolescencia,Soacha,Cluster 1
"Intolerancia, machismo",Vivienda,Cabecera municipal,Mujer,Hombre,(29 a 59) Adultez,Soacha,Cluster 1
"Intolerancia, machismo",Vivienda,Cabecera municipal,Mujer,Hombre,(29 a 59) Adultez,Soacha,Cluster 1
"Celos, desconfianza, infidelidad",Vivienda,Cabecera municipal,Mujer,Hombre,(29 a 59) Adultez,Soacha,Cluster 1
"Intolerancia, machismo",Vivienda,Cabecera municipal,Mujer,Hombre,(18 a 28) Juventud,Soacha,Cluster 1
"Intolerancia, machismo",Vivienda,"Centro poblado(corregimiento, inspección de policía y caserío)",Hombre,Mujer,(12 a 17) Adolescencia,Chía,Cluster 1
"Intolerancia, machismo",Vivienda,Cabecera municipal,Mujer,Hombre,(29 a 59) Adultez,Chía,Cluster 1
"Intolerancia, machismo",Vivienda,Parte rural (vereda y campo),Hombre,Hombre,(06 a 11) Infancia,Chía,Cluster 1
"Intolerancia, machismo",Vivienda,"Centro poblado(corregimiento, inspección de policía y caserío)",Hombre,Hombre,(06 a 11) Infancia,Chía,Cluster 1
Alcoholismo / drogadicción,Vivienda,Parte rural (vereda y campo),Mujer,Hombre,(Más de 60) Adulto Mayor,Chía,Cluster 1
"Intolerancia, machismo",Vivienda,Parte rural (vereda y campo),Mujer,Mujer,(29 a 59) Adultez,Guaduas,Cluster 1
"Intolerancia, machismo",Vivienda,Parte rural (vereda y campo),Mujer,Mujer,(29 a 59) Adultez,Cajicá,Cluster 1
"Intolerancia, machismo",Áreas Deportivas y/o Recreativas,Cabecera municipal,Hombre,Hombre,(18 a 28) Juventud,Cajicá,Cluster 1
Sin información,Vivienda,Parte rural (vereda y campo),Hombre,Hombre,(00 a 05) Primera Infancia,Cajicá,Cluster 1
"Intolerancia, machismo",Vivienda,Cabecera municipal,Mujer,Hombre,(18 a 28) Juventud,Cajicá,Cluster 1
"Intolerancia, machismo",Centros de Reclusión,Cabecera municipal,Hombre,Hombre,(12 a 17) Adolescencia,Cajicá,Cluster 2
"Intolerancia, machismo",Vivienda,Cabecera municipal,Mujer,Hombre,(29 a 59) Adultez,Girardot,Cluster 1
Alcoholismo / drogadicción,Lugares de Esparcimiento con Expendio de Alcohol,Cabecera municipal,Hombre,Hombre,(29 a 59) Adultez,Girardot,Cluster 3
"Celos, desconfianza, infidelidad",Vía Pública,Cabecera municipal,Mujer,Hombre,(29 a 59) Adultez,Girardot,Cluster 1
"Intolerancia, machismo","Calle (Autopista,Avenida,Dentro de La Ciudad)",Cabecera municipal,Hombre,Hombre,(Más de 60) Adulto Mayor,Girardot,Cluster 2
"Intolerancia, machismo",Vivienda,Cabecera municipal,Mujer,Hombre,(29 a 59) Adultez,Soacha,Cluster 1
"Intolerancia, machismo",Vivienda,Cabecera municipal,Hombre,Hombre,(00 a 05) Primera Infancia,Soacha,Cluster 1
"Intolerancia, machismo",Vivienda,Cabecera municipal,Mujer,Hombre,(12 a 17) Adolescencia,Soacha,Cluster 1
"Intolerancia, machismo",Vivienda,Cabecera municipal,Mujer,Hombre,(29 a 59) Adultez,Soacha,Cluster 1
Alcoholismo / drogadicción,Vivienda,Cabecera municipal,Mujer,Hombre,(18 a 28) Juventud,Soacha,Cluster 1
"Intolerancia, machismo",Vivienda,Cabecera municipal,Mujer,Hombre,(29 a 59) Adultez,Soacha,Cluster 1
"Intolerancia, machismo",Vía Pública,Cabecera municipal,Hombre,Hombre,(18 a 28) Juventud,Soacha,Cluster 1
"Intolerancia, machismo",Vivienda,Cabecera municipal,Mujer,Hombre,(18 a 28) Juventud,Soacha,Cluster 1
"Intolerancia, machismo",Vivienda,Cabecera municipal,Hombre,Mujer,(12 a 17) Adolescencia,Soacha,Cluster 1
"Intolerancia, machismo",Vía Pública,Cabecera municipal,Hombre,Hombre,(18 a 28) Juventud,Soacha,Cluster 1
"Intolerancia, machismo",Vivienda,Cabecera municipal,Hombre,Hombre,(06 a 11) Infancia,Soacha,Cluster 1
"Intolerancia, machismo",Vía Pública,Cabecera municipal,Hombre,Hombre,(29 a 59) Adultez,Soacha,Cluster 1
"Intolerancia, machismo",Vía Pública,Cabecera municipal,Mujer,Hombre,(18 a 28) Juventud,Soacha,Cluster 1
"Intolerancia, machismo",Vivienda,Cabecera municipal,Mujer,Mujer,(29 a 59) Adultez,Soacha,Cluster 1
"Intolerancia, machismo",Vía Pública,Cabecera municipal,Mujer,Mujer,(29 a 59) Adultez,Soacha,Cluster 1
"Intolerancia, machismo",Vía Pública,Cabecera municipal,Hombre,Hombre,(29 a 59) Adultez,Soacha,Cluster 1
"Intolerancia, machismo",Vivienda,Cabecera municipal,Mujer,Hombre,(18 a 28) Juventud,Soacha,Cluster 1
"Intolerancia, machismo",Vivienda,Cabecera municipal,Hombre,Hombre,(00 a 05) Primera Infancia,Soacha,Cluster 1
"Intolerancia, machismo",Vivienda,Cabecera municipal,Hombre,Hombre,(00 a 05) Primera Infancia,Soacha,Cluster 1
"Intolerancia, machismo",Vivienda,Cabecera municipal,Mujer,Hombre,(12 a 17) Adolescencia,Chía,Cluster 1
"Intolerancia, machismo",Vivienda,Parte rural (vereda y campo),Mujer,Hombre,(29 a 59) Adultez,Chía,Cluster 1
"Intolerancia, machismo",Vivienda,Cabecera municipal,Hombre,Hombre,(18 a 28) Juventud,Chía,Cluster 1
"Intolerancia, machismo",Vivienda,Parte rural (vereda y campo),Hombre,Hombre,(Más de 60) Adulto Mayor,Chía,Cluster 1
Otras,Vivienda,Cabecera municipal,Hombre,Hombre,(00 a 05) Primera Infancia,Chía,Cluster 1
Otras,"Establecimiento Comercial (Tienda,Centro Comercial,Almacén,Plaza de Mercado)",Cabecera municipal,Mujer,Hombre,(Más de 60) Adulto Mayor,Chía,Cluster 2
"Intolerancia, machismo",Vivienda,Cabecera municipal,Mujer,Hombre,(18 a 28) Juventud,Chía,Cluster 1
Otras,Vivienda,"Centro poblado(corregimiento, inspección de policía y caserío)",Hombre,Hombre,(Más de 60) Adulto Mayor,Chía,Cluster 1
Otras,Vivienda,Cabecera municipal,Mujer,Hombre,(12 a 17) Adolescencia,Guaduas,Cluster 1
"Intolerancia, machismo",Vivienda,Cabecera municipal,Mujer,Hombre,(18 a 28) Juventud,Guaduas,Cluster 1
"Intolerancia, machismo",Vivienda,Cabecera municipal,Hombre,Mujer,(18 a 28) Juventud,Guaduas,Cluster 1
"Intolerancia, machismo",Vivienda,Cabecera municipal,Mujer,Mujer,(29 a 59) Adultez,Guaduas,Cluster 1
Sin información,Sin información,Cabecera municipal,Mujer,Mujer,(00 a 05) Primera Infancia,Cajicá,Cluster 3
Otras,"Calle (Autopista,Avenida,Dentro de La Ciudad)",Cabecera municipal,Mujer,Mujer,(12 a 17) Adolescencia,Cajicá,Cluster 2
"Intolerancia, machismo",Vivienda,Cabecera municipal,Hombre,Mujer,(12 a 17) Adolescencia,Soacha,Cluster 1
"Intolerancia, machismo",Vivienda,Cabecera municipal,Mujer,Hombre,(12 a 17) Adolescencia,Soacha,Cluster 1
"Intolerancia, machismo","Calle (Autopista,Avenida,Dentro de La Ciudad)",Cabecera municipal,Mujer,Hombre,(29 a 59) Adultez,Girardot,Cluster 2
"Intolerancia, machismo",Vivienda,Cabecera municipal,Mujer,Mujer,(12 a 17) Adolescencia,Girardot,Cluster 1
"Intolerancia, machismo",Vivienda,Cabecera municipal,Mujer,Mujer,(00 a 05) Primera Infancia,Girardot,Cluster 1
"Intolerancia, machismo","Calle (Autopista,Avenida,Dentro de La Ciudad)",Cabecera municipal,Mujer,Mujer,(29 a 59) Adultez,Girardot,Cluster 2
"Intolerancia, machismo",Vivienda,Cabecera municipal,Mujer,Hombre,(18 a 28) Juventud,Soacha,Cluster 1
"Intolerancia, machismo",Vivienda,Cabecera municipal,Mujer,Hombre,(29 a 59) Adultez,Soacha,Cluster 1
"Intolerancia, machismo",Vivienda,Cabecera municipal,Hombre,Hombre,(Más de 60) Adulto Mayor,Soacha,Cluster 1
"Intolerancia, machismo",Vía Pública,Cabecera municipal,Mujer,Mujer,(18 a 28) Juventud,Soacha,Cluster 1
"Celos, desconfianza, infidelidad",Vivienda,Cabecera municipal,Mujer,Hombre,(29 a 59) Adultez,Soacha,Cluster 1
"Intolerancia, machismo",Vivienda,Cabecera municipal,Hombre,Hombre,(29 a 59) Adultez,Soacha,Cluster 1
Alcoholismo / drogadicción,Vivienda,Cabecera municipal,Mujer,Hombre,(29 a 59) Adultez,Soacha,Cluster 1
"Intolerancia, machismo",Vivienda,Cabecera municipal,Mujer,Hombre,(29 a 59) Adultez,Soacha,Cluster 1
"Intolerancia, machismo",Vivienda,Cabecera municipal,Mujer,Hombre,(06 a 11) Infancia,Soacha,Cluster 1
"Intolerancia, machismo",Vivienda,Cabecera municipal,Mujer,Hombre,(18 a 28) Juventud,Soacha,Cluster 1
"Intolerancia, machismo",Vivienda,Cabecera municipal,Hombre,Hombre,(29 a 59) Adultez,Soacha,Cluster 1
"Intolerancia, machismo",Vivienda,Cabecera municipal,Mujer,Mujer,(12 a 17) Adolescencia,Soacha,Cluster 1
"Intolerancia, machismo",Vivienda,Cabecera municipal,Mujer,Hombre,(29 a 59) Adultez,Soacha,Cluster 1
"Intolerancia, machismo","Calle (Autopista,Avenida,Dentro de La Ciudad)",Cabecera municipal,Hombre,Hombre,(Más de 60) Adulto Mayor,Chía,Cluster 2
"Intolerancia, machismo",Vivienda,Cabecera municipal,Hombre,Hombre,(29 a 59) Adultez,Chía,Cluster 1
"Intolerancia, machismo",Vivienda,Cabecera municipal,Mujer,Hombre,(Más de 60) Adulto Mayor,Chía,Cluster 1
Alcoholismo / drogadicción,Vivienda,Cabecera municipal,Hombre,Hombre,(29 a 59) Adultez,Chía,Cluster 1
Alcoholismo / drogadicción,Vivienda,Parte rural (vereda y campo),Mujer,Hombre,(00 a 05) Primera Infancia,Chía,Cluster 1
"Intolerancia, machismo","Calle (Autopista,Avenida,Dentro de La Ciudad)",Cabecera municipal,Hombre,Hombre,(18 a 28) Juventud,Chía,Cluster 2
"Intolerancia, machismo",Vivienda,Cabecera municipal,Mujer,Mujer,(29 a 59) Adultez,Chía,Cluster 1
"Intolerancia, machismo",Vivienda,Cabecera municipal,Hombre,Hombre,(Más de 60) Adulto Mayor,Guaduas,Cluster 1
Otras,"Calle (Autopista,Avenida,Dentro de La Ciudad)",Cabecera municipal,Mujer,Mujer,(29 a 59) Adultez,Guaduas,Cluster 2
Sin información,Sin información,Parte rural (vereda y campo),Hombre,Hombre,(00 a 05) Primera Infancia,Cajicá,Cluster 3
"Intolerancia, machismo",Vivienda,Cabecera municipal,Hombre,Mujer,(06 a 11) Infancia,Cajicá,Cluster 1
Alcoholismo / drogadicción,Vivienda,Cabecera municipal,Hombre,Hombre,(18 a 28) Juventud,Cajicá,Cluster 1
"Intolerancia, machismo","Lugares de Cuidado de Personas (Hospicios,Orfelinatos,Hogares Geriatricos,Etc)",Cabecera municipal,Hombre,Hombre,(12 a 17) Adolescencia,Pacho,Cluster 3
Alcoholismo / drogadicción,Vivienda,Parte rural (vereda y campo),Mujer,Hombre,(29 a 59) Adultez,Girardot,Cluster 1
Alcoholismo / drogadicción,Vivienda,Cabecera municipal,Mujer,Mujer,(18 a 28) Juventud,Girardot,Cluster 1
"Intolerancia, machismo",Otros,Cabecera municipal,Hombre,Hombre,(29 a 59) Adultez,Soacha,Cluster 3
Alcoholismo / drogadicción,Vivienda,Cabecera municipal,Hombre,Hombre,(18 a 28) Juventud,Soacha,Cluster 1
"Intolerancia, machismo",Vivienda,Cabecera municipal,Mujer,Hombre,(29 a 59) Adultez,Soacha,Cluster 1
"Intolerancia, machismo",Vivienda,Cabecera municipal,Mujer,Mujer,(29 a 59) Adultez,Soacha,Cluster 1
"Intolerancia, machismo",Vivienda,Cabecera municipal,Mujer,Hombre,(18 a 28) Juventud,Soacha,Cluster 1
"Intolerancia, machismo",Vivienda,Cabecera municipal,Mujer,Hombre,(29 a 59) Adultez,Soacha,Cluster 1
"Intolerancia, machismo","Calle (Autopista,Avenida,Dentro de La Ciudad)",Cabecera municipal,Hombre,Hombre,(00 a 05) Primera Infancia,Soacha,Cluster 2
Alcoholismo / drogadicción,Vía Pública,Cabecera municipal,Hombre,Hombre,(18 a 28) Juventud,Soacha,Cluster 1
"Intolerancia, machismo",Vía Pública,Cabecera municipal,Mujer,Hombre,(12 a 17) Adolescencia,Soacha,Cluster 1
"Intolerancia, machismo",Vivienda,Cabecera municipal,Mujer,Mujer,(29 a 59) Adultez,Soacha,Cluster 1
"Intolerancia, machismo",Vivienda,Cabecera municipal,Hombre,Hombre,(29 a 59) Adultez,Soacha,Cluster 1
"Intolerancia, machismo","Calle (Autopista,Avenida,Dentro de La Ciudad)",Cabecera municipal,Hombre,Hombre,(12 a 17) Adolescencia,Soacha,Cluster 2
"Intolerancia, machismo",Vivienda,Cabecera municipal,Mujer,Hombre,(29 a 59) Adultez,Soacha,Cluster 1
"Intolerancia, machismo","Calle (Autopista,Avenida,Dentro de La Ciudad)",Cabecera municipal,Mujer,Mujer,(18 a 28) Juventud,Soacha,Cluster 2
"Intolerancia, machismo",Vivienda,Cabecera municipal,Mujer,Mujer,(12 a 17) Adolescencia,Girardot,Cluster 1
"Intolerancia, machismo",Vivienda,Parte rural (vereda y campo),Mujer,Hombre,(29 a 59) Adultez,Cajicá,Cluster 1
"Intolerancia, machismo","Calle (Autopista,Avenida,Dentro de La Ciudad)",Cabecera municipal,Hombre,Hombre,(06 a 11) Infancia,Cajicá,Cluster 2
"Intolerancia, machismo",Vivienda,Cabecera municipal,Mujer,Mujer,(29 a 59) Adultez,Girardot,Cluster 1
"Intolerancia, machismo","Calle (Autopista,Avenida,Dentro de La Ciudad)",Cabecera municipal,Hombre,Hombre,(18 a 28) Juventud,Girardot,Cluster 2
Alcoholismo / drogadicción,Vivienda,Cabecera municipal,Mujer,Hombre,(Más de 60) Adulto Mayor,Soacha,Cluster 1
Alcoholismo / drogadicción,Sin información,Cabecera municipal,Mujer,Hombre,(29 a 59) Adultez,Soacha,Cluster 1
Sin información,Vivienda,Cabecera municipal,Mujer,Hombre,(00 a 05) Primera Infancia,Soacha,Cluster 1
"Intolerancia, machismo",Vía Pública,Cabecera municipal,Mujer,Mujer,(29 a 59) Adultez,Soacha,Cluster 1
Alcoholismo / drogadicción,Vía Pública,Cabecera municipal,Hombre,Hombre,(Más de 60) Adulto Mayor,Soacha,Cluster 1
Alcoholismo / drogadicción,Vivienda,Cabecera municipal,Mujer,Hombre,(29 a 59) Adultez,Soacha,Cluster 1
"Intolerancia, machismo",Vivienda,Cabecera municipal,Hombre,Hombre,(00 a 05) Primera Infancia,Soacha,Cluster 1
"Intolerancia, machismo",Vivienda,Cabecera municipal,Mujer,Hombre,(12 a 17) Adolescencia,Soacha,Cluster 1
Otras,Vivienda,Cabecera municipal,Hombre,Mujer,(06 a 11) Infancia,Guaduas,Cluster 1
Alcoholismo / drogadicción,Vivienda,Cabecera municipal,Mujer,Mujer,(18 a 28) Juventud,Chía,Cluster 1
Alcoholismo / drogadicción,Vivienda,Cabecera municipal,Mujer,Mujer,(18 a 28) Juventud,Chía,Cluster 1
Alcoholismo / drogadicción,Vivienda,Cabecera municipal,Mujer,Hombre,(29 a 59) Adultez,Chía,Cluster 1
Alcoholismo / drogadicción,Vivienda,Cabecera municipal,Mujer,Hombre,(29 a 59) Adultez,Chía,Cluster 1
Sin información,Otros,Parte rural (vereda y campo),Hombre,Hombre,(29 a 59) Adultez,Cajicá,Cluster 3
"Intolerancia, machismo",Vivienda,Sin información,Mujer,Mujer,(12 a 17) Adolescencia,Chía,Cluster 1
Alcoholismo / drogadicción,Vivienda,Cabecera municipal,Mujer,Hombre,(29 a 59) Adultez,Girardot,Cluster 1
Alcoholismo / drogadicción,Vivienda,Cabecera municipal,Mujer,Hombre,(Más de 60) Adulto Mayor,Girardot,Cluster 1
"Intolerancia, machismo",Vivienda,Cabecera municipal,Hombre,Hombre,(Más de 60) Adulto Mayor,Girardot,Cluster 1
Alcoholismo / drogadicción,"Calle (Autopista,Avenida,Dentro de La Ciudad)",Cabecera municipal,Mujer,Hombre,(29 a 59) Adultez,Soacha,Cluster 2
Alcoholismo / drogadicción,Vivienda,Cabecera municipal,Hombre,Hombre,(29 a 59) Adultez,Soacha,Cluster 1
"Intolerancia, machismo",Vivienda,Cabecera municipal,Hombre,Hombre,(29 a 59) Adultez,Soacha,Cluster 1
"Intolerancia, machismo",Vía Pública,Cabecera municipal,Mujer,Hombre,(29 a 59) Adultez,Soacha,Cluster 1
"Intolerancia, machismo",Vía Pública,Cabecera municipal,Mujer,Hombre,(29 a 59) Adultez,Soacha,Cluster 1
"Intolerancia, machismo",Vivienda,Cabecera municipal,Mujer,Hombre,(29 a 59) Adultez,Soacha,Cluster 1
Sin información,Vía Pública,Cabecera municipal,Hombre,Hombre,(00 a 05) Primera Infancia,Soacha,Cluster 1
"Intolerancia, machismo",Vivienda,Cabecera municipal,Hombre,Hombre,(18 a 28) Juventud,Soacha,Cluster 1
"Intolerancia, machismo",Vivienda,Cabecera municipal,Mujer,Hombre,(29 a 59) Adultez,Soacha,Cluster 1
"Intolerancia, machismo",Vivienda,Cabecera municipal,Mujer,Hombre,(18 a 28) Juventud,Soacha,Cluster 1
"Intolerancia, machismo",Vivienda,Cabecera municipal,Hombre,Hombre,(29 a 59) Adultez,Soacha,Cluster 1
"Intolerancia, machismo",Vivienda,Cabecera municipal,Hombre,Hombre,(29 a 59) Adultez,Soacha,Cluster 1
"Intolerancia, machismo",Vivienda,Cabecera municipal,Hombre,Mujer,(29 a 59) Adultez,Soacha,Cluster 1
"Intolerancia, machismo",Vivienda,Cabecera municipal,Hombre,Hombre,(29 a 59) Adultez,Soacha,Cluster 1
"Intolerancia, machismo",Vivienda,Cabecera municipal,Mujer,Hombre,(29 a 59) Adultez,Soacha,Cluster 1
"Intolerancia, machismo",Vivienda,Cabecera municipal,Hombre,Hombre,(29 a 59) Adultez,Soacha,Cluster 1
Alcoholismo / drogadicción,Vivienda,Cabecera municipal,Hombre,Hombre,(29 a 59) Adultez,Soacha,Cluster 1
"Intolerancia, machismo",Vivienda,Cabecera municipal,Hombre,Hombre,(18 a 28) Juventud,Soacha,Cluster 1
"Intolerancia, machismo",Vivienda,Cabecera municipal,Hombre,Hombre,(18 a 28) Juventud,Soacha,Cluster 1
"Intolerancia, machismo",Vivienda,Cabecera municipal,Mujer,Hombre,(06 a 11) Infancia,Soacha,Cluster 1
"Intolerancia, machismo",Vivienda,Cabecera municipal,Mujer,Hombre,(29 a 59) Adultez,Soacha,Cluster 1
"Intolerancia, machismo",Vivienda,Cabecera municipal,Mujer,Hombre,(06 a 11) Infancia,Soacha,Cluster 1
"Intolerancia, machismo",Vía Pública,Cabecera municipal,Mujer,Mujer,(18 a 28) Juventud,Chía,Cluster 1
"Intolerancia, machismo",Vivienda,Cabecera municipal,Mujer,Mujer,(18 a 28) Juventud,Chía,Cluster 1
Sin información,Vivienda,Parte rural (vereda y campo),Hombre,Mujer,(06 a 11) Infancia,Chía,Cluster 1
"Intolerancia, machismo",Vivienda,"Centro poblado(corregimiento, inspección de policía y caserío)",Hombre,Hombre,(18 a 28) Juventud,Chía,Cluster 1
"Intolerancia, machismo",Vivienda,Parte rural (vereda y campo),Mujer,Mujer,(29 a 59) Adultez,Chía,Cluster 1
"Intolerancia, machismo",Vivienda,Parte rural (vereda y campo),Mujer,Hombre,(29 a 59) Adultez,Chía,Cluster 1
"Intolerancia, machismo",Vivienda,"Centro poblado(corregimiento, inspección de policía y caserío)",Hombre,Hombre,(18 a 28) Juventud,Chía,Cluster 1
"Intolerancia, machismo",Vivienda,Cabecera municipal,Mujer,Mujer,(29 a 59) Adultez,Chía,Cluster 1
"Intolerancia, machismo",Vivienda,Parte rural (vereda y campo),Hombre,Mujer,(00 a 05) Primera Infancia,Chía,Cluster 1
"Intolerancia, machismo",Vivienda,Cabecera municipal,Mujer,Hombre,(29 a 59) Adultez,Guaduas,Cluster 1
"Intolerancia, machismo",Vivienda,Cabecera municipal,Mujer,Hombre,(29 a 59) Adultez,Guaduas,Cluster 1
Alcoholismo / drogadicción,Vivienda,Sin información,Hombre,Hombre,(18 a 28) Juventud,Guaduas,Cluster 1
Sin información,Vivienda,Cabecera municipal,Mujer,Hombre,(00 a 05) Primera Infancia,Cajicá,Cluster 1
Sin información,Vivienda,Cabecera municipal,Mujer,Hombre,(00 a 05) Primera Infancia,Cajicá,Cluster 1
"Intolerancia, machismo",Vivienda,Parte rural (vereda y campo),Hombre,Mujer,(06 a 11) Infancia,Cajicá,Cluster 1
Sin información,Vivienda,Cabecera municipal,Mujer,Mujer,(00 a 05) Primera Infancia,Cajicá,Cluster 1
"Intolerancia, machismo",Vivienda,Parte rural (vereda y campo),Mujer,Mujer,(18 a 28) Juventud,Cajicá,Cluster 1
"Intolerancia, machismo",Vivienda,Cabecera municipal,Mujer,Mujer,(29 a 59) Adultez,Cajicá,Cluster 1
"Intolerancia, machismo",Vivienda,Parte rural (vereda y campo),Mujer,Hombre,(06 a 11) Infancia,Cota,Cluster 1
Sin información,Vivienda,Cabecera municipal,Mujer,Hombre,(12 a 17) Adolescencia,Soacha,Cluster 1
"Intolerancia, machismo",Vivienda,Cabecera municipal,Mujer,Mujer,(06 a 11) Infancia,Soacha,Cluster 1
"Intolerancia, machismo","Calle (Autopista,Avenida,Dentro de La Ciudad)",Cabecera municipal,Hombre,Hombre,(06 a 11) Infancia,Soacha,Cluster 2
"Intolerancia, machismo",Vivienda,Cabecera municipal,Hombre,Hombre,(06 a 11) Infancia,Girardot,Cluster 1
"Intolerancia, machismo",Vivienda,Cabecera municipal,Mujer,Hombre,(00 a 05) Primera Infancia,Girardot,Cluster 1
"Intolerancia, machismo","Espacios Terrestres al Aire Libre (Bosque,Potrero,Montaña,Playa,Etc)",Cabecera municipal,Mujer,Hombre,(29 a 59) Adultez,Girardot,Cluster 2
"Intolerancia, machismo",Vivienda,Cabecera municipal,Hombre,Hombre,(29 a 59) Adultez,Girardot,Cluster 1
"Intolerancia, machismo",Vivienda,Cabecera municipal,Mujer,Hombre,(18 a 28) Juventud,Girardot,Cluster 1
"Intolerancia, machismo",Vivienda,Cabecera municipal,Mujer,Hombre,(29 a 59) Adultez,Girardot,Cluster 1
"Intolerancia, machismo","Calle (Autopista,Avenida,Dentro de La Ciudad)",Cabecera municipal,Mujer,Mujer,(12 a 17) Adolescencia,Soacha,Cluster 2
"Intolerancia, machismo",Vivienda,Cabecera municipal,Hombre,Hombre,(18 a 28) Juventud,Soacha,Cluster 1
"Intolerancia, machismo",Vivienda,Cabecera municipal,Mujer,Hombre,(29 a 59) Adultez,Soacha,Cluster 1
"Intolerancia, machismo",Vivienda,Cabecera municipal,Hombre,Hombre,(12 a 17) Adolescencia,Soacha,Cluster 1
Alcoholismo / drogadicción,Vivienda,Cabecera municipal,Mujer,Hombre,(18 a 28) Juventud,Soacha,Cluster 1
Alcoholismo / drogadicción,Vivienda,Cabecera municipal,Hombre,Hombre,(18 a 28) Juventud,Soacha,Cluster 1
"Intolerancia, machismo",Vivienda,Cabecera municipal,Mujer,Mujer,(06 a 11) Infancia,Soacha,Cluster 1
"Intolerancia, machismo",Vivienda,Cabecera municipal,Mujer,Mujer,(06 a 11) Infancia,Soacha,Cluster 1
"Intolerancia, machismo",Vivienda,Cabecera municipal,Mujer,Hombre,(18 a 28) Juventud,Soacha,Cluster 1
"Intolerancia, machismo",Vivienda,Cabecera municipal,Mujer,Mujer,(29 a 59) Adultez,Soacha,Cluster 1
"Intolerancia, machismo",Vivienda,Cabecera municipal,Hombre,Mujer,(18 a 28) Juventud,Soacha,Cluster 1
"Intolerancia, machismo",Vivienda,Cabecera municipal,Hombre,Hombre,(12 a 17) Adolescencia,Soacha,Cluster 1
"Intolerancia, machismo",Vivienda,Cabecera municipal,Hombre,Hombre,(18 a 28) Juventud,Soacha,Cluster 1
"Intolerancia, machismo",Vivienda,Cabecera municipal,Hombre,Hombre,(12 a 17) Adolescencia,Soacha,Cluster 1
"Intolerancia, machismo",Vivienda,Cabecera municipal,Mujer,Hombre,(29 a 59) Adultez,Soacha,Cluster 1
"Intolerancia, machismo",Vía Pública,Cabecera municipal,Hombre,Hombre,(29 a 59) Adultez,Soacha,Cluster 1
"Intolerancia, machismo",Vivienda,Cabecera municipal,Mujer,Hombre,(Más de 60) Adulto Mayor,Soacha,Cluster 1
"Intolerancia, machismo",Vivienda,Cabecera municipal,Mujer,Hombre,(29 a 59) Adultez,Soacha,Cluster 1
"Intolerancia, machismo",Vivienda,Cabecera municipal,Mujer,Hombre,(29 a 59) Adultez,Soacha,Cluster 1
"Intolerancia, machismo",Vivienda,Cabecera municipal,Hombre,Hombre,(12 a 17) Adolescencia,Soacha,Cluster 1
"Intolerancia, machismo",Vivienda,Cabecera municipal,Mujer,Hombre,(29 a 59) Adultez,Soacha,Cluster 1
"Intolerancia, machismo",Vivienda,"Centro poblado(corregimiento, inspección de policía y caserío)",Hombre,Mujer,(06 a 11) Infancia,Chía,Cluster 1
"Intolerancia, machismo",Vivienda,Cabecera municipal,Mujer,Hombre,(06 a 11) Infancia,Chía,Cluster 1
"Intolerancia, machismo",Vía Pública,Cabecera municipal,Hombre,Hombre,(29 a 59) Adultez,Chía,Cluster 1
"Intolerancia, machismo",Vivienda,Cabecera municipal,Hombre,Hombre,(29 a 59) Adultez,Chía,Cluster 1
Sin información,Sin Información,Sin información,Mujer,Sin información,(00 a 05) Primera Infancia,Chía,Cluster 3
"Intolerancia, machismo",Vivienda,Parte rural (vereda y campo),Mujer,Mujer,(29 a 59) Adultez,Chía,Cluster 1
"Intolerancia, machismo",Vivienda,Parte rural (vereda y campo),Hombre,Hombre,(00 a 05) Primera Infancia,Chía,Cluster 1
Sin información,Vivienda,Parte rural (vereda y campo),Mujer,Hombre,(12 a 17) Adolescencia,Pacho,Cluster 1
Sin información,Vivienda,"Centro poblado(corregimiento, inspección de policía y caserío)",Mujer,Hombre,(Más de 60) Adulto Mayor,Cajicá,Cluster 1
Alcoholismo / drogadicción,Vivienda,Parte rural (vereda y campo),Mujer,Hombre,(12 a 17) Adolescencia,Cajicá,Cluster 1
Sin información,"Calle (Autopista,Avenida,Dentro de La Ciudad)",Cabecera municipal,Mujer,Hombre,(12 a 17) Adolescencia,Cajicá,Cluster 2
Sin información,Vivienda,Cabecera municipal,Hombre,Mujer,(06 a 11) Infancia,Cajicá,Cluster 1
Alcoholismo / drogadicción,Vivienda,Cabecera municipal,Mujer,Hombre,(12 a 17) Adolescencia,Cajicá,Cluster 1
"Intolerancia, machismo",Vivienda,Cabecera municipal,Hombre,Mujer,(12 a 17) Adolescencia,Cajicá,Cluster 1
Alcoholismo / drogadicción,Vivienda,Parte rural (vereda y campo),Hombre,Hombre,(18 a 28) Juventud,Cajicá,Cluster 1
"Intolerancia, machismo",Vivienda,Cabecera municipal,Mujer,Mujer,(29 a 59) Adultez,Girardot,Cluster 1
"Intolerancia, machismo",Vivienda,Cabecera municipal,Mujer,Hombre,(12 a 17) Adolescencia,Girardot,Cluster 1
"Intolerancia, machismo",Vivienda,Cabecera municipal,Hombre,Hombre,(18 a 28) Juventud,Girardot,Cluster 1
"Intolerancia, machismo",Vivienda,Cabecera municipal,Hombre,Mujer,(00 a 05) Primera Infancia,Soacha,Cluster 1
Alcoholismo / drogadicción,Vivienda,Cabecera municipal,Mujer,Hombre,(18 a 28) Juventud,Soacha,Cluster 1
"Intolerancia, machismo",Vivienda,Cabecera municipal,Hombre,Hombre,(00 a 05) Primera Infancia,Soacha,Cluster 1
"Intolerancia, machismo",Vía Pública,Cabecera municipal,Mujer,Mujer,(18 a 28) Juventud,Soacha,Cluster 1
"Intolerancia, machismo",Vivienda,Cabecera municipal,Hombre,Hombre,(29 a 59) Adultez,Soacha,Cluster 1
"Intolerancia, machismo",Vivienda,Cabecera municipal,Mujer,Hombre,(06 a 11) Infancia,Soacha,Cluster 1
"Intolerancia, machismo",Vía Pública,Cabecera municipal,Mujer,Hombre,(18 a 28) Juventud,Soacha,Cluster 1
"Intolerancia, machismo",Vía Pública,Cabecera municipal,Mujer,Mujer,(29 a 59) Adultez,Soacha,Cluster 1
"Intolerancia, machismo",Vivienda,Cabecera municipal,Mujer,Hombre,(00 a 05) Primera Infancia,Soacha,Cluster 1
"Intolerancia, machismo",Vía Pública,Cabecera municipal,Mujer,Mujer,(29 a 59) Adultez,Soacha,Cluster 1
"Intolerancia, machismo","Calle (Autopista,Avenida,Dentro de La Ciudad)",Cabecera municipal,Hombre,Mujer,(12 a 17) Adolescencia,Soacha,Cluster 2
"Intolerancia, machismo",Vivienda,Cabecera municipal,Hombre,Mujer,(06 a 11) Infancia,Soacha,Cluster 1
"Intolerancia, machismo",Vivienda,Cabecera municipal,Mujer,Hombre,(29 a 59) Adultez,Soacha,Cluster 1
"Intolerancia, machismo",Vivienda,Cabecera municipal,Mujer,Mujer,(18 a 28) Juventud,Soacha,Cluster 1
"Intolerancia, machismo",Vivienda,Cabecera municipal,Mujer,Mujer,(00 a 05) Primera Infancia,Soacha,Cluster 1
"Intolerancia, machismo",Vivienda,Cabecera municipal,Hombre,Hombre,(Más de 60) Adulto Mayor,Soacha,Cluster 1
"Intolerancia, machismo",Vivienda,Cabecera municipal,Mujer,Hombre,(12 a 17) Adolescencia,Soacha,Cluster 1
"Intolerancia, machismo",Vivienda,Cabecera municipal,Hombre,Hombre,(12 a 17) Adolescencia,Soacha,Cluster 1
"Intolerancia, machismo",Vivienda,Cabecera municipal,Mujer,Hombre,(00 a 05) Primera Infancia,Soacha,Cluster 1
"Intolerancia, machismo",Lugares de Esparcimiento con Expendio de Alcohol,Cabecera municipal,Hombre,Mujer,(29 a 59) Adultez,Soacha,Cluster 3
"Intolerancia, machismo",Vivienda,Cabecera municipal,Mujer,Hombre,(29 a 59) Adultez,Soacha,Cluster 1
"Intolerancia, machismo",Vivienda,Cabecera municipal,Hombre,Mujer,(00 a 05) Primera Infancia,Soacha,Cluster 1
"Intolerancia, machismo",Vivienda,Cabecera municipal,Hombre,Hombre,(12 a 17) Adolescencia,Soacha,Cluster 1
"Intolerancia, machismo",Vivienda,Cabecera municipal,Mujer,Hombre,(12 a 17) Adolescencia,Soacha,Cluster 1
"Intolerancia, machismo",Vivienda,Cabecera municipal,Mujer,Hombre,(29 a 59) Adultez,Soacha,Cluster 1
"Intolerancia, machismo",Vivienda,Cabecera municipal,Mujer,Hombre,(18 a 28) Juventud,Soacha,Cluster 1
"Intolerancia, machismo",Vivienda,Cabecera municipal,Mujer,Mujer,(29 a 59) Adultez,Soacha,Cluster 1
"Intolerancia, machismo",Vía Pública,Cabecera municipal,Hombre,Hombre,(18 a 28) Juventud,Soacha,Cluster 1
"Intolerancia, machismo",Vivienda,Cabecera municipal,Mujer,Hombre,(29 a 59) Adultez,Soacha,Cluster 1
"Intolerancia, machismo",Vivienda,Parte rural (vereda y campo),Mujer,Hombre,(06 a 11) Infancia,Chía,Cluster 1
"Intolerancia, machismo",Vivienda,"Centro poblado(corregimiento, inspección de policía y caserío)",Mujer,Hombre,(29 a 59) Adultez,Chía,Cluster 1
"Intolerancia, machismo",Vivienda,"Centro poblado(corregimiento, inspección de policía y caserío)",Mujer,Mujer,(06 a 11) Infancia,Chía,Cluster 1
"Intolerancia, machismo",Vivienda,Cabecera municipal,Mujer,Hombre,(29 a 59) Adultez,Chía,Cluster 1
Sin información,Vivienda,Parte rural (vereda y campo),Mujer,Mujer,(00 a 05) Primera Infancia,Chía,Cluster 1
Alcoholismo / drogadicción,"Establecimiento Comercial (Tienda,Centro Comercial,Almacén,Plaza de Mercado)",Cabecera municipal,Hombre,Hombre,(29 a 59) Adultez,Chía,Cluster 2
Alcoholismo / drogadicción,"Establecimiento Comercial (Tienda,Centro Comercial,Almacén,Plaza de Mercado)",Cabecera municipal,Hombre,Hombre,(29 a 59) Adultez,Chía,Cluster 2
"Intolerancia, machismo",Vivienda,Cabecera municipal,Mujer,Mujer,(12 a 17) Adolescencia,Chía,Cluster 1
"Intolerancia, machismo",Vivienda,Cabecera municipal,Mujer,Mujer,(06 a 11) Infancia,Chía,Cluster 1
"Intolerancia, machismo",Vivienda,Cabecera municipal,Mujer,Mujer,(29 a 59) Adultez,Chía,Cluster 1
"Intolerancia, machismo",Vivienda,Parte rural (vereda y campo),Mujer,Mujer,(12 a 17) Adolescencia,Chía,Cluster 1
Sin información,Vivienda,Cabecera municipal,Hombre,Mujer,(06 a 11) Infancia,Chía,Cluster 1
"Intolerancia, machismo",Vivienda,Parte rural (vereda y campo),Mujer,Mujer,(12 a 17) Adolescencia,Cajicá,Cluster 1
"Celos, desconfianza, infidelidad",Vivienda,Cabecera municipal,Hombre,Hombre,(29 a 59) Adultez,Cajicá,Cluster 1
"Intolerancia, machismo",Vivienda,Cabecera municipal,Hombre,Hombre,(12 a 17) Adolescencia,Cajicá,Cluster 1
"Intolerancia, machismo",Vivienda,Cabecera municipal,Mujer,Hombre,(12 a 17) Adolescencia,Soacha,Cluster 1
"Intolerancia, machismo",Vivienda,Cabecera municipal,Mujer,Hombre,(06 a 11) Infancia,Soacha,Cluster 1
"Intolerancia, machismo",Vivienda,Cabecera municipal,Mujer,Hombre,(12 a 17) Adolescencia,Girardot,Cluster 1
"Intolerancia, machismo",Vivienda,Cabecera municipal,Mujer,Hombre,(Más de 60) Adulto Mayor,Girardot,Cluster 1
"Intolerancia, machismo","Calle (Autopista,Avenida,Dentro de La Ciudad)",Cabecera municipal,Hombre,Hombre,(00 a 05) Primera Infancia,Soacha,Cluster 2
"Intolerancia, machismo",Vivienda,Cabecera municipal,Mujer,Mujer,(29 a 59) Adultez,Soacha,Cluster 1
"Celos, desconfianza, infidelidad",Vivienda,Cabecera municipal,Mujer,Hombre,(29 a 59) Adultez,Soacha,Cluster 1
"Intolerancia, machismo",Vivienda,Cabecera municipal,Mujer,Hombre,(18 a 28) Juventud,Soacha,Cluster 1
"Intolerancia, machismo",Vivienda,Cabecera municipal,Hombre,Hombre,(18 a 28) Juventud,Soacha,Cluster 1
"Intolerancia, machismo","Calle (Autopista,Avenida,Dentro de La Ciudad)",Cabecera municipal,Mujer,Hombre,(18 a 28) Juventud,Soacha,Cluster 2
"Intolerancia, machismo",Vivienda,Cabecera municipal,Hombre,Hombre,(29 a 59) Adultez,Soacha,Cluster 1
"Intolerancia, machismo",Vivienda,Cabecera municipal,Mujer,Hombre,(12 a 17) Adolescencia,Soacha,Cluster 1
"Intolerancia, machismo",Vivienda,Cabecera municipal,Mujer,Mujer,(29 a 59) Adultez,Soacha,Cluster 1
"Intolerancia, machismo",Vivienda,Cabecera municipal,Mujer,Hombre,(29 a 59) Adultez,Soacha,Cluster 1
"Intolerancia, machismo",Vivienda,Cabecera municipal,Mujer,Mujer,(29 a 59) Adultez,Soacha,Cluster 1
"Intolerancia, machismo",Vivienda,Cabecera municipal,Mujer,Mujer,(29 a 59) Adultez,Soacha,Cluster 1
"Intolerancia, machismo",Vivienda,Cabecera municipal,Mujer,Mujer,(29 a 59) Adultez,Soacha,Cluster 1
"Intolerancia, machismo",Vivienda,Cabecera municipal,Mujer,Mujer,(12 a 17) Adolescencia,Soacha,Cluster 1
Alcoholismo / drogadicción,Vivienda,Cabecera municipal,Mujer,Hombre,(18 a 28) Juventud,Soacha,Cluster 1
"Intolerancia, machismo",Vivienda,Cabecera municipal,Mujer,Hombre,(29 a 59) Adultez,Soacha,Cluster 1
Sin información,Vivienda,Cabecera municipal,Hombre,Hombre,(12 a 17) Adolescencia,Soacha,Cluster 1
Alcoholismo / drogadicción,Vía Pública,Cabecera municipal,Mujer,Hombre,(29 a 59) Adultez,Soacha,Cluster 1
"Intolerancia, machismo",Vía Pública,Cabecera municipal,Hombre,Hombre,(29 a 59) Adultez,Soacha,Cluster 1
"Intolerancia, machismo",Vivienda,Cabecera municipal,Mujer,Mujer,(00 a 05) Primera Infancia,Soacha,Cluster 1
"Intolerancia, machismo",Vivienda,Cabecera municipal,Mujer,Hombre,(18 a 28) Juventud,Soacha,Cluster 1
"Intolerancia, machismo",Vivienda,Cabecera municipal,Mujer,Hombre,(00 a 05) Primera Infancia,Soacha,Cluster 1
"Intolerancia, machismo",Vivienda,Cabecera municipal,Hombre,Hombre,(18 a 28) Juventud,Soacha,Cluster 1
"Intolerancia, machismo",Vivienda,Cabecera municipal,Hombre,Hombre,(Más de 60) Adulto Mayor,Soacha,Cluster 1
"Intolerancia, machismo",Vivienda,Cabecera municipal,Mujer,Hombre,(12 a 17) Adolescencia,Soacha,Cluster 1
"Intolerancia, machismo",Vivienda,Cabecera municipal,Mujer,Hombre,(12 a 17) Adolescencia,Soacha,Cluster 1
"Celos, desconfianza, infidelidad",Vía Pública,Cabecera municipal,Mujer,Mujer,(18 a 28) Juventud,Chía,Cluster 1
"Intolerancia, machismo",Vivienda,Cabecera municipal,Hombre,Hombre,(29 a 59) Adultez,Chía,Cluster 1
Sin información,"Centro de Atención Médica (Hospital,Clínica,Consultorio,Etc)",Cabecera municipal,Hombre,Hombre,(00 a 05) Primera Infancia,Chía,Cluster 2
Sin información,Ambulancia - Transporte Sanitario,Cabecera municipal,Mujer,Mujer,(12 a 17) Adolescencia,Chía,Cluster 2
"Intolerancia, machismo",Vivienda,Parte rural (vereda y campo),Mujer,Hombre,(29 a 59) Adultez,Chía,Cluster 1
"Intolerancia, machismo",Vivienda,Cabecera municipal,Mujer,Mujer,(29 a 59) Adultez,Chía,Cluster 1
"Intolerancia, machismo",Vivienda,Parte rural (vereda y campo),Mujer,Mujer,(12 a 17) Adolescencia,Chía,Cluster 1
Sin información,Vivienda,Cabecera municipal,Mujer,Hombre,(00 a 05) Primera Infancia,Guaduas,Cluster 1
Sin información,Vivienda,Cabecera municipal,Mujer,Hombre,(00 a 05) Primera Infancia,Guaduas,Cluster 1
Sin información,Vivienda,Cabecera municipal,Hombre,Mujer,(00 a 05) Primera Infancia,Guaduas,Cluster 1
"Intolerancia, machismo",Vivienda,Cabecera municipal,Mujer,Hombre,(29 a 59) Adultez,Cajicá,Cluster 1
"Intolerancia, machismo",Vivienda,"Centro poblado(corregimiento, inspección de policía y caserío)",Hombre,Mujer,(29 a 59) Adultez,Cajicá,Cluster 1
"Intolerancia, machismo",Vivienda,Cabecera municipal,Mujer,Mujer,(29 a 59) Adultez,Cajicá,Cluster 1
Sin información,Vivienda,Cabecera municipal,Hombre,Hombre,(18 a 28) Juventud,Cajicá,Cluster 1
Sin información,Vivienda,Cabecera municipal,Hombre,Hombre,(12 a 17) Adolescencia,Cajicá,Cluster 1
"Intolerancia, machismo",Vivienda,Parte rural (vereda y campo),Mujer,Mujer,(12 a 17) Adolescencia,Cajicá,Cluster 1
"Intolerancia, machismo",Sin Información,Cabecera municipal,Hombre,Mujer,(06 a 11) Infancia,Cajicá,Cluster 3
"Intolerancia, machismo",Vivienda,Parte rural (vereda y campo),Hombre,Hombre,(18 a 28) Juventud,Cajicá,Cluster 1
"Intolerancia, machismo",Vivienda,Parte rural (vereda y campo),Hombre,Mujer,(12 a 17) Adolescencia,Cajicá,Cluster 1
Sin información,Sin Información,Cabecera municipal,Hombre,Hombre,(00 a 05) Primera Infancia,Cajicá,Cluster 3
Sin información,Vivienda,Cabecera municipal,Mujer,Hombre,(00 a 05) Primera Infancia,Cajicá,Cluster 1
"Intolerancia, machismo",Vivienda,Cabecera municipal,Hombre,Mujer,(12 a 17) Adolescencia,Soacha,Cluster 1
"Intolerancia, machismo",Vivienda,Cabecera municipal,Hombre,Mujer,(29 a 59) Adultez,Girardot,Cluster 1
"Intolerancia, machismo",Vivienda,Cabecera municipal,Hombre,Hombre,(18 a 28) Juventud,Girardot,Cluster 1
"Intolerancia, machismo",Vivienda,Cabecera municipal,Mujer,Mujer,(29 a 59) Adultez,Girardot,Cluster 1
"Intolerancia, machismo",Vivienda,Cabecera municipal,Hombre,Hombre,(00 a 05) Primera Infancia,Soacha,Cluster 1
"Intolerancia, machismo",Vivienda,Cabecera municipal,Hombre,Mujer,(18 a 28) Juventud,Soacha,Cluster 1
"Intolerancia, machismo",Vivienda,Cabecera municipal,Mujer,Hombre,(29 a 59) Adultez,Soacha,Cluster 1
"Intolerancia, machismo",Vivienda,Cabecera municipal,Hombre,Hombre,(12 a 17) Adolescencia,Soacha,Cluster 1
"Intolerancia, machismo",Vivienda,Cabecera municipal,Mujer,Mujer,(29 a 59) Adultez,Soacha,Cluster 1
"Intolerancia, machismo",Vivienda,Cabecera municipal,Mujer,Hombre,(29 a 59) Adultez,Soacha,Cluster 1
"Intolerancia, machismo",Vivienda,Cabecera municipal,Hombre,Hombre,(00 a 05) Primera Infancia,Soacha,Cluster 1
"Intolerancia, machismo",Vía Pública,Cabecera municipal,Hombre,Hombre,(Más de 60) Adulto Mayor,Soacha,Cluster 1
"Intolerancia, machismo",Vivienda,Cabecera municipal,Mujer,Mujer,(18 a 28) Juventud,Soacha,Cluster 1
"Intolerancia, machismo",Vivienda,Cabecera municipal,Mujer,Hombre,(Más de 60) Adulto Mayor,Soacha,Cluster 1
"Intolerancia, machismo",Vivienda,Cabecera municipal,Hombre,Hombre,(18 a 28) Juventud,Soacha,Cluster 1
"Intolerancia, machismo",Vivienda,Cabecera municipal,Mujer,Hombre,(29 a 59) Adultez,Soacha,Cluster 1
"Intolerancia, machismo",Vivienda,Cabecera municipal,Mujer,Mujer,(18 a 28) Juventud,Soacha,Cluster 1
"Intolerancia, machismo",Vivienda,Cabecera municipal,Hombre,Mujer,(29 a 59) Adultez,Soacha,Cluster 1
"Intolerancia, machismo",Vía Pública,Cabecera municipal,Mujer,Mujer,(Más de 60) Adulto Mayor,Soacha,Cluster 1
"Intolerancia, machismo",Vía Pública,Cabecera municipal,Hombre,Hombre,(00 a 05) Primera Infancia,Soacha,Cluster 1
"Intolerancia, machismo",Vivienda,Cabecera municipal,Hombre,Hombre,(00 a 05) Primera Infancia,Soacha,Cluster 1
Alcoholismo / drogadicción,Vivienda,Cabecera municipal,Mujer,Hombre,(29 a 59) Adultez,Soacha,Cluster 1
"Intolerancia, machismo",Vivienda,Cabecera municipal,Mujer,Mujer,(29 a 59) Adultez,Soacha,Cluster 1
"Intolerancia, machismo",Vivienda,Cabecera municipal,Hombre,Hombre,(18 a 28) Juventud,Soacha,Cluster 1
"Intolerancia, machismo",Vivienda,Cabecera municipal,Hombre,Hombre,(29 a 59) Adultez,Soacha,Cluster 1
"Intolerancia, machismo",Vivienda,Cabecera municipal,Mujer,Hombre,(29 a 59) Adultez,Soacha,Cluster 1
"Intolerancia, machismo",Vivienda,Cabecera municipal,Mujer,Mujer,(29 a 59) Adultez,Soacha,Cluster 1
Alcoholismo / drogadicción,Vivienda,Cabecera municipal,Hombre,Hombre,(29 a 59) Adultez,Soacha,Cluster 1
Sin información,Vivienda,Cabecera municipal,Mujer,Hombre,(06 a 11) Infancia,Chía,Cluster 1
"Intolerancia, machismo","Calle (Autopista,Avenida,Dentro de La Ciudad)",Cabecera municipal,Hombre,Mujer,(12 a 17) Adolescencia,Chía,Cluster 2
"Intolerancia, machismo",Vivienda,Cabecera municipal,Mujer,Hombre,(18 a 28) Juventud,Chía,Cluster 1
Sin información,Vivienda,"Centro poblado(corregimiento, inspección de policía y caserío)",Hombre,Mujer,(06 a 11) Infancia,Chía,Cluster 1
"Intolerancia, machismo",Vivienda,Parte rural (vereda y campo),Hombre,Mujer,(12 a 17) Adolescencia,Chía,Cluster 1
"Intolerancia, machismo",Vivienda,Parte rural (vereda y campo),Mujer,Hombre,(29 a 59) Adultez,Chía,Cluster 1
"Intolerancia, machismo","Calle (Autopista,Avenida,Dentro de La Ciudad)",Cabecera municipal,Mujer,Mujer,(29 a 59) Adultez,Guaduas,Cluster 2
Sin información,Vivienda,Cabecera municipal,Hombre,Mujer,(12 a 17) Adolescencia,Cajicá,Cluster 1
"Celos, desconfianza, infidelidad",Vivienda,"Centro poblado(corregimiento, inspección de policía y caserío)",Mujer,Mujer,(29 a 59) Adultez,Soacha,Cluster 1
"Intolerancia, machismo",Centros de Reclusión,Cabecera municipal,Hombre,Hombre,(12 a 17) Adolescencia,Cajicá,Cluster 2
"Intolerancia, machismo",Vivienda,Cabecera municipal,Hombre,Hombre,(06 a 11) Infancia,Soacha,Cluster 1
"Intolerancia, machismo","Establecimiento Comercial (Tienda,Centro Comercial,Almacén,Plaza de Mercado)",Cabecera municipal,Mujer,Hombre,(29 a 59) Adultez,Girardot,Cluster 2
"Intolerancia, machismo","Establecimiento Comercial (Tienda,Centro Comercial,Almacén,Plaza de Mercado)",Cabecera municipal,Mujer,Hombre,(29 a 59) Adultez,Girardot,Cluster 2
Alcoholismo / drogadicción,"Calle (Autopista,Avenida,Dentro de La Ciudad)",Cabecera municipal,Hombre,Hombre,(29 a 59) Adultez,Girardot,Cluster 2
"Intolerancia, machismo",Vivienda,Cabecera municipal,Mujer,Hombre,(18 a 28) Juventud,Girardot,Cluster 1
"Intolerancia, machismo",Vía Pública,Cabecera municipal,Mujer,Hombre,(18 a 28) Juventud,Soacha,Cluster 1
"Intolerancia, machismo",Vivienda,Cabecera municipal,Mujer,Hombre,(12 a 17) Adolescencia,Soacha,Cluster 1
"Intolerancia, machismo",Vía Pública,Cabecera municipal,Mujer,Hombre,(18 a 28) Juventud,Soacha,Cluster 1
"Intolerancia, machismo",Vivienda,Cabecera municipal,Hombre,Hombre,(18 a 28) Juventud,Soacha,Cluster 1
"Intolerancia, machismo",Vivienda,Cabecera municipal,Hombre,Mujer,(29 a 59) Adultez,Soacha,Cluster 1
"Intolerancia, machismo",Vivienda,Cabecera municipal,Mujer,Hombre,(12 a 17) Adolescencia,Soacha,Cluster 1
"Intolerancia, machismo",Vivienda,Cabecera municipal,Mujer,Hombre,(12 a 17) Adolescencia,Soacha,Cluster 1
"Intolerancia, machismo",Vivienda,Cabecera municipal,Hombre,Hombre,(29 a 59) Adultez,Soacha,Cluster 1
"Intolerancia, machismo",Vivienda,Cabecera municipal,Mujer,Mujer,(18 a 28) Juventud,Soacha,Cluster 1
Alcoholismo / drogadicción,Vivienda,Cabecera municipal,Hombre,Hombre,(18 a 28) Juventud,Soacha,Cluster 1
Alcoholismo / drogadicción,Vivienda,Cabecera municipal,Hombre,Hombre,(29 a 59) Adultez,Soacha,Cluster 1
"Intolerancia, machismo",Vivienda,Cabecera municipal,Mujer,Hombre,(18 a 28) Juventud,Soacha,Cluster 1
"Intolerancia, machismo",Vía Pública,Cabecera municipal,Hombre,Mujer,(18 a 28) Juventud,Soacha,Cluster 1
Alcoholismo / drogadicción,Vivienda,Cabecera municipal,Hombre,Hombre,(12 a 17) Adolescencia,Soacha,Cluster 1
Alcoholismo / drogadicción,"Calle (Autopista,Avenida,Dentro de La Ciudad)",Cabecera municipal,Mujer,Hombre,(29 a 59) Adultez,Soacha,Cluster 2
"Intolerancia, machismo",Vivienda,Cabecera municipal,Mujer,Hombre,(18 a 28) Juventud,Soacha,Cluster 1
"Intolerancia, machismo",Vivienda,Cabecera municipal,Hombre,Hombre,(12 a 17) Adolescencia,Soacha,Cluster 1
"Intolerancia, machismo",Vivienda,Cabecera municipal,Mujer,Hombre,(12 a 17) Adolescencia,Soacha,Cluster 1
"Intolerancia, machismo",Vía Pública,Cabecera municipal,Mujer,Mujer,(29 a 59) Adultez,Soacha,Cluster 1
"Intolerancia, machismo",Vivienda,Cabecera municipal,Mujer,Mujer,(18 a 28) Juventud,Soacha,Cluster 1
"Intolerancia, machismo","Calle (Autopista,Avenida,Dentro de La Ciudad)",Cabecera municipal,Mujer,Hombre,(00 a 05) Primera Infancia,Soacha,Cluster 2
Alcoholismo / drogadicción,Vivienda,Cabecera municipal,Hombre,Hombre,(Más de 60) Adulto Mayor,Soacha,Cluster 1
"Intolerancia, machismo",Vivienda,Cabecera municipal,Hombre,Mujer,(12 a 17) Adolescencia,Soacha,Cluster 1
"Intolerancia, machismo",Vivienda,Cabecera municipal,Hombre,Hombre,(18 a 28) Juventud,Soacha,Cluster 1
"Intolerancia, machismo","Calle (Autopista,Avenida,Dentro de La Ciudad)",Cabecera municipal,Hombre,Hombre,(29 a 59) Adultez,Soacha,Cluster 2
"Intolerancia, machismo",Vivienda,Cabecera municipal,Mujer,Mujer,(29 a 59) Adultez,Cota,Cluster 1
"Intolerancia, machismo",Vivienda,"Centro poblado(corregimiento, inspección de policía y caserío)",Hombre,Hombre,(00 a 05) Primera Infancia,Cajicá,Cluster 1
"Intolerancia, machismo",Vivienda,Cabecera municipal,Hombre,Hombre,(29 a 59) Adultez,Chía,Cluster 1
"Intolerancia, machismo",Vivienda,Cabecera municipal,Mujer,Hombre,(06 a 11) Infancia,Chía,Cluster 1
"Intolerancia, machismo",Vivienda,Cabecera municipal,Mujer,Mujer,(Más de 60) Adulto Mayor,Chía,Cluster 1
"Intolerancia, machismo",Vivienda,Parte rural (vereda y campo),Mujer,Mujer,(12 a 17) Adolescencia,Chía,Cluster 1
Sin información,Centros Educativos,Cabecera municipal,Mujer,Mujer,(12 a 17) Adolescencia,Chía,Cluster 2
Sin información,Vivienda,Parte rural (vereda y campo),Mujer,Hombre,(06 a 11) Infancia,Chía,Cluster 1
Sin información,Sin Información,Cabecera municipal,Hombre,Mujer,(12 a 17) Adolescencia,Cajicá,Cluster 3
Sin información,Vivienda,Cabecera municipal,Hombre,Hombre,(00 a 05) Primera Infancia,Cajicá,Cluster 1
"Intolerancia, machismo",Vivienda,Parte rural (vereda y campo),Hombre,Mujer,(06 a 11) Infancia,Cajicá,Cluster 1
Alcoholismo / drogadicción,Vivienda,Cabecera municipal,Mujer,Mujer,(18 a 28) Juventud,Cajicá,Cluster 1
"Intolerancia, machismo",Vivienda,Cabecera municipal,Mujer,Mujer,(29 a 59) Adultez,Cajicá,Cluster 1
Sin información,Sin Información,Cabecera municipal,Mujer,Mujer,(00 a 05) Primera Infancia,Cajicá,Cluster 3
"Intolerancia, machismo",Centros Educativos,Cabecera municipal,Mujer,Hombre,(06 a 11) Infancia,Cajicá,Cluster 2
Sin información,Vivienda,Cabecera municipal,Hombre,Hombre,(00 a 05) Primera Infancia,Cajicá,Cluster 1
"Intolerancia, machismo",Vivienda,Parte rural (vereda y campo),Mujer,Mujer,(12 a 17) Adolescencia,Cajicá,Cluster 1
"Intolerancia, machismo",Vivienda,Parte rural (vereda y campo),Hombre,Hombre,(29 a 59) Adultez,Girardot,Cluster 1
Alcoholismo / drogadicción,Vivienda,Cabecera municipal,Mujer,Hombre,(Más de 60) Adulto Mayor,Girardot,Cluster 1
"Intolerancia, machismo",Vivienda,Cabecera municipal,Mujer,Mujer,(06 a 11) Infancia,Girardot,Cluster 1
"Intolerancia, machismo",Vivienda,Cabecera municipal,Hombre,Hombre,(18 a 28) Juventud,Girardot,Cluster 1
Alcoholismo / drogadicción,Lugares de Esparcimiento con Expendio de Alcohol,Cabecera municipal,Hombre,Hombre,(29 a 59) Adultez,Girardot,Cluster 3
Alcoholismo / drogadicción,Vivienda,Cabecera municipal,Mujer,Hombre,(18 a 28) Juventud,Soacha,Cluster 1
"Intolerancia, machismo",Vía Pública,Cabecera municipal,Hombre,Hombre,(06 a 11) Infancia,Soacha,Cluster 1
"Intolerancia, machismo",Vía Pública,Cabecera municipal,Mujer,Hombre,(29 a 59) Adultez,Soacha,Cluster 1
"Intolerancia, machismo",Vivienda,Cabecera municipal,Mujer,Mujer,(06 a 11) Infancia,Soacha,Cluster 1
"Intolerancia, machismo",Vivienda,Cabecera municipal,Mujer,Hombre,(12 a 17) Adolescencia,Soacha,Cluster 1
"Intolerancia, machismo",Vivienda,Cabecera municipal,Mujer,Mujer,(29 a 59) Adultez,Soacha,Cluster 1
"Intolerancia, machismo",Vivienda,Cabecera municipal,Hombre,Mujer,(29 a 59) Adultez,Soacha,Cluster 1
"Intolerancia, machismo",Vivienda,Cabecera municipal,Mujer,Hombre,(29 a 59) Adultez,Soacha,Cluster 1
"Intolerancia, machismo",Vivienda,Cabecera municipal,Mujer,Mujer,(18 a 28) Juventud,Soacha,Cluster 1
"Intolerancia, machismo",Vivienda,Cabecera municipal,Mujer,Hombre,(12 a 17) Adolescencia,Soacha,Cluster 1
"Intolerancia, machismo",Vivienda,Cabecera municipal,Hombre,Hombre,(12 a 17) Adolescencia,Soacha,Cluster 1
"Intolerancia, machismo","Calle (Autopista,Avenida,Dentro de La Ciudad)",Cabecera municipal,Mujer,Mujer,(18 a 28) Juventud,Soacha,Cluster 2
"Intolerancia, machismo","Calle (Autopista,Avenida,Dentro de La Ciudad)",Cabecera municipal,Mujer,Mujer,(29 a 59) Adultez,Soacha,Cluster 2
"Intolerancia, machismo",Vivienda,Cabecera municipal,Mujer,Hombre,(29 a 59) Adultez,Soacha,Cluster 1
"Intolerancia, machismo",Vivienda,Cabecera municipal,Mujer,Hombre,(18 a 28) Juventud,Soacha,Cluster 1
"Intolerancia, machismo",Vivienda,Cabecera municipal,Hombre,Hombre,(Más de 60) Adulto Mayor,Soacha,Cluster 1
"Intolerancia, machismo",Vivienda,Cabecera municipal,Hombre,Hombre,(06 a 11) Infancia,Soacha,Cluster 1
"Intolerancia, machismo",Vivienda,Cabecera municipal,Mujer,Hombre,(06 a 11) Infancia,Soacha,Cluster 1
"Intolerancia, machismo",Vivienda,Cabecera municipal,Mujer,Hombre,(06 a 11) Infancia,Soacha,Cluster 1
"Intolerancia, machismo",Vivienda,Cabecera municipal,Hombre,Hombre,(29 a 59) Adultez,Soacha,Cluster 1
"Intolerancia, machismo",Vivienda,Cabecera municipal,Hombre,Hombre,(06 a 11) Infancia,Soacha,Cluster 1
"Intolerancia, machismo",Vivienda,Cabecera municipal,Mujer,Mujer,(18 a 28) Juventud,Soacha,Cluster 1
"Intolerancia, machismo","Calle (Autopista,Avenida,Dentro de La Ciudad)",Cabecera municipal,Mujer,Mujer,(18 a 28) Juventud,Soacha,Cluster 2
Alcoholismo / drogadicción,Vivienda,Cabecera municipal,Hombre,Hombre,(18 a 28) Juventud,Soacha,Cluster 1
"Intolerancia, machismo",Vivienda,Cabecera municipal,Hombre,Mujer,(29 a 59) Adultez,Soacha,Cluster 1
Sin información,"Lugares de Hospedaje (Hoteles,Campamentos Y Otros Tipos de Hospedaje No Permanente,Moteles,Etc)",Cabecera municipal,Hombre,Mujer,(29 a 59) Adultez,Soacha,Cluster 3
Alcoholismo / drogadicción,Vivienda,"Centro poblado(corregimiento, inspección de policía y caserío)",Mujer,Hombre,(Más de 60) Adulto Mayor,Chía,Cluster 1
"Intolerancia, machismo",Vivienda,"Centro poblado(corregimiento, inspección de policía y caserío)",Mujer,Hombre,(06 a 11) Infancia,Chía,Cluster 1
"Intolerancia, machismo",Vivienda,"Centro poblado(corregimiento, inspección de policía y caserío)",Hombre,Hombre,(Más de 60) Adulto Mayor,Chía,Cluster 1
Sin información,Vivienda,Parte rural (vereda y campo),Hombre,Mujer,(06 a 11) Infancia,Chía,Cluster 1
"Intolerancia, machismo",Vivienda,Parte rural (vereda y campo),Hombre,Hombre,(18 a 28) Juventud,Chía,Cluster 1
"Intolerancia, machismo",Vivienda,Cabecera municipal,Mujer,Mujer,(Más de 60) Adulto Mayor,Chía,Cluster 1
Sin información,Vivienda,Parte rural (vereda y campo),Mujer,Hombre,(00 a 05) Primera Infancia,Guaduas,Cluster 1
"Intolerancia, machismo",Vivienda,Cabecera municipal,Hombre,Hombre,(06 a 11) Infancia,Cajicá,Cluster 1
Sin información,Vivienda,Parte rural (vereda y campo),Mujer,Mujer,(06 a 11) Infancia,Cajicá,Cluster 1
"Intolerancia, machismo",Vivienda,"Centro poblado(corregimiento, inspección de policía y caserío)",Mujer,Mujer,(29 a 59) Adultez,Cajicá,Cluster 1
"Intolerancia, machismo",Vivienda,Cabecera municipal,Mujer,Hombre,(12 a 17) Adolescencia,Soacha,Cluster 1
Alcoholismo / drogadicción,Vivienda,Parte rural (vereda y campo),Mujer,Mujer,(18 a 28) Juventud,Girardot,Cluster 1
"Intolerancia, machismo",Vivienda,Cabecera municipal,Mujer,Hombre,(06 a 11) Infancia,Girardot,Cluster 1
"Intolerancia, machismo",Vivienda,Cabecera municipal,Hombre,Hombre,(12 a 17) Adolescencia,Girardot,Cluster 1
Económicas,Vivienda,Cabecera municipal,Mujer,Mujer,(18 a 28) Juventud,Girardot,Cluster 1
"Intolerancia, machismo",Vivienda,Cabecera municipal,Hombre,Hombre,(18 a 28) Juventud,Girardot,Cluster 1
Sin información,Sin Información,Cabecera municipal,Hombre,Mujer,(00 a 05) Primera Infancia,Girardot,Cluster 3
"Intolerancia, machismo",Vivienda,Cabecera municipal,Hombre,Hombre,(29 a 59) Adultez,Soacha,Cluster 1
"Intolerancia, machismo",Vivienda,Cabecera municipal,Hombre,Hombre,(12 a 17) Adolescencia,Soacha,Cluster 1
"Intolerancia, machismo",Vivienda,Cabecera municipal,Mujer,Hombre,(29 a 59) Adultez,Soacha,Cluster 1
"Intolerancia, machismo",Vivienda,Cabecera municipal,Hombre,Hombre,(00 a 05) Primera Infancia,Soacha,Cluster 1
"Intolerancia, machismo",Vivienda,Cabecera municipal,Mujer,Mujer,(29 a 59) Adultez,Soacha,Cluster 1
"Intolerancia, machismo",Vivienda,Cabecera municipal,Mujer,Mujer,(18 a 28) Juventud,Soacha,Cluster 1
"Celos, desconfianza, infidelidad",Vivienda,Cabecera municipal,Mujer,Hombre,(29 a 59) Adultez,Soacha,Cluster 1
"Intolerancia, machismo",Vivienda,Cabecera municipal,Mujer,Mujer,(12 a 17) Adolescencia,Soacha,Cluster 1
"Intolerancia, machismo",Vivienda,Cabecera municipal,Hombre,Hombre,(Más de 60) Adulto Mayor,Soacha,Cluster 1
"Intolerancia, machismo",Vivienda,Cabecera municipal,Hombre,Hombre,(29 a 59) Adultez,Soacha,Cluster 1
Alcoholismo / drogadicción,Vivienda,Cabecera municipal,Hombre,Hombre,(29 a 59) Adultez,Soacha,Cluster 1
"Intolerancia, machismo",Vivienda,Cabecera municipal,Mujer,Mujer,(29 a 59) Adultez,Soacha,Cluster 1
"Intolerancia, machismo",Vivienda,Cabecera municipal,Mujer,Mujer,(12 a 17) Adolescencia,Soacha,Cluster 1
"Intolerancia, machismo","Calle (Autopista,Avenida,Dentro de La Ciudad)",Cabecera municipal,Mujer,Mujer,(29 a 59) Adultez,Soacha,Cluster 2
"Intolerancia, machismo",Vivienda,Cabecera municipal,Mujer,Hombre,(29 a 59) Adultez,Soacha,Cluster 1
"Intolerancia, machismo","Calle (Autopista,Avenida,Dentro de La Ciudad)",Cabecera municipal,Mujer,Hombre,(29 a 59) Adultez,Soacha,Cluster 2
"Intolerancia, machismo",Vivienda,Cabecera municipal,Hombre,Hombre,(29 a 59) Adultez,Soacha,Cluster 1
"Intolerancia, machismo","Calle (Autopista,Avenida,Dentro de La Ciudad)",Cabecera municipal,Hombre,Hombre,(29 a 59) Adultez,Soacha,Cluster 2
"Intolerancia, machismo",Vivienda,Cabecera municipal,Hombre,Hombre,(29 a 59) Adultez,Soacha,Cluster 1
"Intolerancia, machismo",Vía Pública,Cabecera municipal,Mujer,Hombre,(29 a 59) Adultez,Soacha,Cluster 1
"Intolerancia, machismo",Vivienda,Cabecera municipal,Hombre,Hombre,(12 a 17) Adolescencia,Soacha,Cluster 1
"Intolerancia, machismo",Vivienda,Cabecera municipal,Mujer,Mujer,(18 a 28) Juventud,Soacha,Cluster 1
"Intolerancia, machismo",Vivienda,Cabecera municipal,Hombre,Hombre,(18 a 28) Juventud,Soacha,Cluster 1
"Intolerancia, machismo",Vivienda,Cabecera municipal,Mujer,Mujer,(29 a 59) Adultez,Soacha,Cluster 1
"Intolerancia, machismo",Vivienda,Cabecera municipal,Mujer,Hombre,(29 a 59) Adultez,Soacha,Cluster 1
"Intolerancia, machismo",Vivienda,Cabecera municipal,Mujer,Mujer,(29 a 59) Adultez,Soacha,Cluster 1
"Intolerancia, machismo",Vía Pública,Cabecera municipal,Mujer,Mujer,(18 a 28) Juventud,Soacha,Cluster 1
"Intolerancia, machismo",Vía Pública,Cabecera municipal,Hombre,Hombre,(29 a 59) Adultez,Soacha,Cluster 1
"Intolerancia, machismo",Vivienda,Cabecera municipal,Mujer,Hombre,(Más de 60) Adulto Mayor,Chía,Cluster 1
Económicas,Vivienda,Sin información,Mujer,Hombre,(29 a 59) Adultez,Chía,Cluster 1
"Intolerancia, machismo",Vivienda,Parte rural (vereda y campo),Hombre,Hombre,(18 a 28) Juventud,Chía,Cluster 1
"Intolerancia, machismo",Vivienda,Cabecera municipal,Mujer,Mujer,(29 a 59) Adultez,Cajicá,Cluster 1
"Intolerancia, machismo",Vivienda,Cabecera municipal,Hombre,Mujer,(06 a 11) Infancia,Cajicá,Cluster 1
"Intolerancia, machismo","Calle (Autopista,Avenida,Dentro de La Ciudad)",Cabecera municipal,Mujer,Mujer,(12 a 17) Adolescencia,Cajicá,Cluster 2
"Intolerancia, machismo",Vivienda,Parte rural (vereda y campo),Hombre,Mujer,(18 a 28) Juventud,Cajicá,Cluster 1
"Intolerancia, machismo",Vivienda,Cabecera municipal,Hombre,Mujer,(06 a 11) Infancia,Soacha,Cluster 1
"Intolerancia, machismo","Calle (Autopista,Avenida,Dentro de La Ciudad)",Cabecera municipal,Mujer,Hombre,(12 a 17) Adolescencia,Soacha,Cluster 2
"Intolerancia, machismo",Vivienda,Cabecera municipal,Mujer,Hombre,(12 a 17) Adolescencia,Soacha,Cluster 1
"Intolerancia, machismo",Vivienda,Cabecera municipal,Hombre,Hombre,(29 a 59) Adultez,Girardot,Cluster 1
"Intolerancia, machismo",Vivienda,Cabecera municipal,Mujer,Hombre,(29 a 59) Adultez,Girardot,Cluster 1
"Intolerancia, machismo",Vivienda,Cabecera municipal,Mujer,Hombre,(18 a 28) Juventud,Girardot,Cluster 1
"Intolerancia, machismo",Vivienda,Cabecera municipal,Hombre,Hombre,(Más de 60) Adulto Mayor,Girardot,Cluster 1
"Intolerancia, machismo",Vivienda,Cabecera municipal,Hombre,Hombre,(Más de 60) Adulto Mayor,Girardot,Cluster 1
"Intolerancia, machismo",Vivienda,Cabecera municipal,Hombre,Mujer,(12 a 17) Adolescencia,Girardot,Cluster 1
Económicas,"Espacios Terrestres al Aire Libre (Bosque,Potrero,Montaña,Playa,Etc)",Cabecera municipal,Hombre,Hombre,(29 a 59) Adultez,Girardot,Cluster 2
Alcoholismo / drogadicción,Vivienda,Cabecera municipal,Mujer,Mujer,(29 a 59) Adultez,Girardot,Cluster 1
"Intolerancia, machismo",Vivienda,Cabecera municipal,Hombre,Hombre,(18 a 28) Juventud,Girardot,Cluster 1
"Intolerancia, machismo",Vivienda,Cabecera municipal,Mujer,Mujer,(29 a 59) Adultez,Girardot,Cluster 1
"Intolerancia, machismo",Vivienda,Cabecera municipal,Hombre,Mujer,(12 a 17) Adolescencia,Girardot,Cluster 1
"Intolerancia, machismo",Vivienda,Cabecera municipal,Hombre,Hombre,(06 a 11) Infancia,Girardot,Cluster 1
"Intolerancia, machismo",Vivienda,Cabecera municipal,Hombre,Hombre,(Más de 60) Adulto Mayor,Soacha,Cluster 1
"Intolerancia, machismo",Vía Pública,Cabecera municipal,Mujer,Mujer,(18 a 28) Juventud,Soacha,Cluster 1
"Intolerancia, machismo",Vivienda,Cabecera municipal,Mujer,Hombre,(00 a 05) Primera Infancia,Soacha,Cluster 1
"Intolerancia, machismo",Vivienda,Cabecera municipal,Mujer,Hombre,(18 a 28) Juventud,Soacha,Cluster 1
"Intolerancia, machismo",Vivienda,Cabecera municipal,Mujer,Hombre,(29 a 59) Adultez,Soacha,Cluster 1
"Intolerancia, machismo",Vivienda,Cabecera municipal,Mujer,Hombre,(29 a 59) Adultez,Soacha,Cluster 1
"Intolerancia, machismo",Vivienda,Cabecera municipal,Mujer,Hombre,(12 a 17) Adolescencia,Soacha,Cluster 1
"Intolerancia, machismo",Vivienda,Cabecera municipal,Mujer,Hombre,(18 a 28) Juventud,Soacha,Cluster 1
"Intolerancia, machismo",Vivienda,Cabecera municipal,Mujer,Hombre,(18 a 28) Juventud,Soacha,Cluster 1
"Intolerancia, machismo",Vivienda,Cabecera municipal,Mujer,Hombre,(29 a 59) Adultez,Soacha,Cluster 1
"Intolerancia, machismo",Vía Pública,Cabecera municipal,Hombre,Hombre,(18 a 28) Juventud,Soacha,Cluster 1
"Intolerancia, machismo",Vía Pública,Cabecera municipal,Mujer,Mujer,(18 a 28) Juventud,Soacha,Cluster 1
"Intolerancia, machismo",Vivienda,Cabecera municipal,Mujer,Hombre,(18 a 28) Juventud,Soacha,Cluster 1
"Intolerancia, machismo",Vía Pública,Cabecera municipal,Mujer,Mujer,(00 a 05) Primera Infancia,Soacha,Cluster 1
"Intolerancia, machismo",Vivienda,Cabecera municipal,Hombre,Mujer,(00 a 05) Primera Infancia,Soacha,Cluster 1
"Intolerancia, machismo",Vivienda,Cabecera municipal,Mujer,Mujer,(29 a 59) Adultez,Soacha,Cluster 1
"Intolerancia, machismo",Vía Pública,Cabecera municipal,Mujer,Hombre,(29 a 59) Adultez,Soacha,Cluster 1
"Intolerancia, machismo",Vivienda,Cabecera municipal,Mujer,Hombre,(18 a 28) Juventud,Soacha,Cluster 1
"Intolerancia, machismo",Vivienda,Cabecera municipal,Mujer,Mujer,(18 a 28) Juventud,Soacha,Cluster 1
"Intolerancia, machismo",Vivienda,Cabecera municipal,Mujer,Mujer,(18 a 28) Juventud,Soacha,Cluster 1
"Intolerancia, machismo",Vivienda,Cabecera municipal,Mujer,Mujer,(18 a 28) Juventud,Soacha,Cluster 1
Sin información,Vivienda,Cabecera municipal,Hombre,Hombre,(12 a 17) Adolescencia,Soacha,Cluster 1
"Intolerancia, machismo",Vivienda,Cabecera municipal,Hombre,Hombre,(Más de 60) Adulto Mayor,Soacha,Cluster 1
"Intolerancia, machismo",Vivienda,Cabecera municipal,Hombre,Mujer,(06 a 11) Infancia,Soacha,Cluster 1
Alcoholismo / drogadicción,Vía Pública,Cabecera municipal,Mujer,Hombre,(29 a 59) Adultez,Soacha,Cluster 1
Alcoholismo / drogadicción,Vivienda,Cabecera municipal,Hombre,Hombre,(00 a 05) Primera Infancia,Soacha,Cluster 1
Alcoholismo / drogadicción,Vivienda,Cabecera municipal,Mujer,Hombre,(00 a 05) Primera Infancia,Soacha,Cluster 1
"Intolerancia, machismo",Vía Pública,Cabecera municipal,Mujer,Hombre,(29 a 59) Adultez,Soacha,Cluster 1
"Intolerancia, machismo",Vivienda,Cabecera municipal,Mujer,Mujer,(00 a 05) Primera Infancia,Soacha,Cluster 1
"Intolerancia, machismo",Vivienda,Cabecera municipal,Mujer,Mujer,(06 a 11) Infancia,Soacha,Cluster 1
"Intolerancia, machismo",Vivienda,Cabecera municipal,Mujer,Mujer,(18 a 28) Juventud,Soacha,Cluster 1
"Intolerancia, machismo",Vía Pública,Cabecera municipal,Hombre,Hombre,(29 a 59) Adultez,Soacha,Cluster 1
"Intolerancia, machismo",Vía Pública,Cabecera municipal,Mujer,Mujer,(18 a 28) Juventud,Soacha,Cluster 1
Alcoholismo / drogadicción,Vivienda,Cabecera municipal,Hombre,Hombre,(Más de 60) Adulto Mayor,Soacha,Cluster 1
"Intolerancia, machismo",Vía Pública,Cabecera municipal,Mujer,Hombre,(18 a 28) Juventud,Soacha,Cluster 1
"Intolerancia, machismo",Vivienda,Cabecera municipal,Mujer,Hombre,(29 a 59) Adultez,Soacha,Cluster 1
"Intolerancia, machismo",Vivienda,Cabecera municipal,Hombre,Hombre,(29 a 59) Adultez,Soacha,Cluster 1
"Intolerancia, machismo",Vivienda,Cabecera municipal,Hombre,Hombre,(12 a 17) Adolescencia,Chía,Cluster 1
"Intolerancia, machismo",Vivienda,Parte rural (vereda y campo),Mujer,Mujer,(Más de 60) Adulto Mayor,Chía,Cluster 1
"Intolerancia, machismo",Vivienda,"Centro poblado(corregimiento, inspección de policía y caserío)",Hombre,Mujer,(Más de 60) Adulto Mayor,Chía,Cluster 1
"Intolerancia, machismo","Calle (Autopista,Avenida,Dentro de La Ciudad)",Cabecera municipal,Mujer,Mujer,(06 a 11) Infancia,Chía,Cluster 2
Alcoholismo / drogadicción,Vivienda,Cabecera municipal,Hombre,Hombre,(29 a 59) Adultez,Chía,Cluster 1
"Intolerancia, machismo",Vivienda,Cabecera municipal,Mujer,Hombre,(06 a 11) Infancia,Chía,Cluster 1
"Intolerancia, machismo",Vivienda,Cabecera municipal,Mujer,Hombre,(12 a 17) Adolescencia,Chía,Cluster 1
"Intolerancia, machismo",Vivienda,"Centro poblado(corregimiento, inspección de policía y caserío)",Hombre,Mujer,(18 a 28) Juventud,Chía,Cluster 1
"Intolerancia, machismo",Vivienda,Parte rural (vereda y campo),Hombre,Mujer,(29 a 59) Adultez,Chía,Cluster 1
"Intolerancia, machismo",Vivienda,"Centro poblado(corregimiento, inspección de policía y caserío)",Mujer,Mujer,(06 a 11) Infancia,Chía,Cluster 1
Sin información,Vivienda,Cabecera municipal,Hombre,Mujer,(12 a 17) Adolescencia,Chía,Cluster 1
Sin información,Vivienda,Parte rural (vereda y campo),Hombre,Mujer,(06 a 11) Infancia,Chía,Cluster 1
Sin información,Vivienda,"Centro poblado(corregimiento, inspección de policía y caserío)",Mujer,Hombre,(06 a 11) Infancia,Chía,Cluster 1
Sin información,Vivienda,Cabecera municipal,Mujer,Hombre,(12 a 17) Adolescencia,Chía,Cluster 1
Sin información,"Calle (Autopista,Avenida,Dentro de La Ciudad)",Sin información,Hombre,Hombre,(18 a 28) Juventud,Chía,Cluster 2
Sin información,Vivienda,Parte rural (vereda y campo),Hombre,Mujer,(06 a 11) Infancia,Chía,Cluster 1
"Intolerancia, machismo","Calle (Autopista,Avenida,Dentro de La Ciudad)",Cabecera municipal,Hombre,Mujer,(29 a 59) Adultez,Cajicá,Cluster 2
"Intolerancia, machismo",Vivienda,"Centro poblado(corregimiento, inspección de policía y caserío)",Hombre,Mujer,(29 a 59) Adultez,Cajicá,Cluster 1
"Intolerancia, machismo",Vivienda,Cabecera municipal,Mujer,Mujer,(12 a 17) Adolescencia,Cajicá,Cluster 1
Sin información,Vivienda,Parte rural (vereda y campo),Mujer,Hombre,(06 a 11) Infancia,Cajicá,Cluster 1
"Intolerancia, machismo",Vivienda,Parte rural (vereda y campo),Mujer,Mujer,(29 a 59) Adultez,Cajicá,Cluster 1
"Intolerancia, machismo",Vivienda,Cabecera municipal,Mujer,Hombre,(12 a 17) Adolescencia,Soacha,Cluster 1
"Intolerancia, machismo",Vivienda,Cabecera municipal,Mujer,Mujer,(06 a 11) Infancia,Soacha,Cluster 1
"Intolerancia, machismo",Vivienda,Sin información,Mujer,Mujer,(00 a 05) Primera Infancia,Girardot,Cluster 1
"Intolerancia, machismo",Vía Pública,Cabecera municipal,Mujer,Hombre,(18 a 28) Juventud,Soacha,Cluster 1
"Intolerancia, machismo",Vivienda,Cabecera municipal,Mujer,Mujer,(18 a 28) Juventud,Soacha,Cluster 1
"Intolerancia, machismo",Vivienda,Cabecera municipal,Mujer,Hombre,(06 a 11) Infancia,Soacha,Cluster 1
"Intolerancia, machismo",Vivienda,Cabecera municipal,Mujer,Hombre,(12 a 17) Adolescencia,Soacha,Cluster 1
Alcoholismo / drogadicción,Vivienda,Cabecera municipal,Mujer,Hombre,(12 a 17) Adolescencia,Soacha,Cluster 1
"Intolerancia, machismo",Vivienda,Cabecera municipal,Hombre,Hombre,(06 a 11) Infancia,Soacha,Cluster 1
"Intolerancia, machismo",Sin Información,Cabecera municipal,Hombre,Mujer,(00 a 05) Primera Infancia,Soacha,Cluster 3
Sin información,Vivienda,Cabecera municipal,Hombre,Mujer,(06 a 11) Infancia,Soacha,Cluster 1
"Intolerancia, machismo",Vivienda,Cabecera municipal,Mujer,Mujer,(29 a 59) Adultez,Soacha,Cluster 1
"Intolerancia, machismo",Vivienda,Cabecera municipal,Mujer,Hombre,(12 a 17) Adolescencia,Soacha,Cluster 1
"Intolerancia, machismo",Vivienda,Cabecera municipal,Hombre,Hombre,(12 a 17) Adolescencia,Soacha,Cluster 1
"Intolerancia, machismo",Vivienda,Cabecera municipal,Hombre,Hombre,(29 a 59) Adultez,Soacha,Cluster 1
"Intolerancia, machismo",Vivienda,Cabecera municipal,Hombre,Hombre,(12 a 17) Adolescencia,Soacha,Cluster 1
"Intolerancia, machismo",Vivienda,Cabecera municipal,Mujer,Hombre,(Más de 60) Adulto Mayor,Soacha,Cluster 1
"Intolerancia, machismo",Vivienda,Cabecera municipal,Hombre,Hombre,(12 a 17) Adolescencia,Soacha,Cluster 1
"Intolerancia, machismo",Vía Pública,Cabecera municipal,Mujer,Hombre,(29 a 59) Adultez,Soacha,Cluster 1
"Intolerancia, machismo",Vía Pública,Cabecera municipal,Mujer,Mujer,(18 a 28) Juventud,Soacha,Cluster 1
"Intolerancia, machismo","Calle (Autopista,Avenida,Dentro de La Ciudad)",Cabecera municipal,Mujer,Hombre,(18 a 28) Juventud,Soacha,Cluster 2
"Intolerancia, machismo",Vivienda,Cabecera municipal,Mujer,Hombre,(12 a 17) Adolescencia,Soacha,Cluster 1
"Intolerancia, machismo",Vivienda,Cabecera municipal,Mujer,Mujer,(12 a 17) Adolescencia,Soacha,Cluster 1
"Intolerancia, machismo",Vivienda,Cabecera municipal,Hombre,Hombre,(18 a 28) Juventud,Soacha,Cluster 1
"Intolerancia, machismo","Lugares de Hospedaje (Hoteles,Campamentos Y Otros Tipos de Hospedaje No Permanente,Moteles,Etc)",Cabecera municipal,Mujer,Mujer,(12 a 17) Adolescencia,Soacha,Cluster 3
Alcoholismo / drogadicción,Vivienda,Cabecera municipal,Mujer,Hombre,(06 a 11) Infancia,Chía,Cluster 1
Sin información,Vivienda,Cabecera municipal,Hombre,Hombre,(12 a 17) Adolescencia,Chía,Cluster 1
Alcoholismo / drogadicción,Vivienda,Parte rural (vereda y campo),Mujer,Hombre,(29 a 59) Adultez,Chía,Cluster 1
"Intolerancia, machismo",Vivienda,Parte rural (vereda y campo),Hombre,Hombre,(18 a 28) Juventud,Chía,Cluster 1
"Intolerancia, machismo",Vivienda,Cabecera municipal,Hombre,Hombre,(12 a 17) Adolescencia,Chía,Cluster 1
"Intolerancia, machismo",Vivienda,"Centro poblado(corregimiento, inspección de policía y caserío)",Hombre,Mujer,(12 a 17) Adolescencia,Guaduas,Cluster 1
Sin información,Vivienda,Cabecera municipal,Hombre,Mujer,(00 a 05) Primera Infancia,Chía,Cluster 1
Sin información,Vivienda,Parte rural (vereda y campo),Hombre,Mujer,(00 a 05) Primera Infancia,Cajicá,Cluster 1
"Intolerancia, machismo",Vivienda,Parte rural (vereda y campo),Mujer,Mujer,(29 a 59) Adultez,Cajicá,Cluster 1
"Intolerancia, machismo","Calle (Autopista,Avenida,Dentro de La Ciudad)",Cabecera municipal,Hombre,Hombre,(18 a 28) Juventud,Cajicá,Cluster 2
"Intolerancia, machismo",Vivienda,Cabecera municipal,Mujer,Mujer,(18 a 28) Juventud,Cajicá,Cluster 1
"Intolerancia, machismo",Vivienda,Cabecera municipal,Mujer,Mujer,(Más de 60) Adulto Mayor,Girardot,Cluster 1
"Intolerancia, machismo","Calle (Autopista,Avenida,Dentro de La Ciudad)",Cabecera municipal,Mujer,Hombre,(12 a 17) Adolescencia,Girardot,Cluster 2
"Intolerancia, machismo",Vivienda,Cabecera municipal,Hombre,Hombre,(Más de 60) Adulto Mayor,Girardot,Cluster 1
"Intolerancia, machismo",Vivienda,Cabecera municipal,Mujer,Hombre,(29 a 59) Adultez,Girardot,Cluster 1
"Intolerancia, machismo",Vivienda,Cabecera municipal,Mujer,Hombre,(18 a 28) Juventud,Soacha,Cluster 1
"Intolerancia, machismo",Vivienda,Cabecera municipal,Mujer,Hombre,(Más de 60) Adulto Mayor,Soacha,Cluster 1
"Intolerancia, machismo",Vivienda,Cabecera municipal,Mujer,Hombre,(18 a 28) Juventud,Soacha,Cluster 1
"Intolerancia, machismo",Vía Pública,Cabecera municipal,Mujer,Mujer,(29 a 59) Adultez,Soacha,Cluster 1
"Intolerancia, machismo",Vivienda,Cabecera municipal,Hombre,Hombre,(Más de 60) Adulto Mayor,Soacha,Cluster 1
"Intolerancia, machismo","Calle (Autopista,Avenida,Dentro de La Ciudad)",Cabecera municipal,Mujer,Hombre,(18 a 28) Juventud,Soacha,Cluster 2
"Intolerancia, machismo","Calle (Autopista,Avenida,Dentro de La Ciudad)",Cabecera municipal,Mujer,Hombre,(18 a 28) Juventud,Soacha,Cluster 2
"Intolerancia, machismo",Vivienda,Cabecera municipal,Mujer,Hombre,(29 a 59) Adultez,Soacha,Cluster 1
"Intolerancia, machismo",Vía Pública,Cabecera municipal,Mujer,Mujer,(00 a 05) Primera Infancia,Soacha,Cluster 1
"Intolerancia, machismo",Vía Pública,Cabecera municipal,Mujer,Mujer,(18 a 28) Juventud,Soacha,Cluster 1
"Intolerancia, machismo",Vivienda,Cabecera municipal,Mujer,Mujer,(29 a 59) Adultez,Soacha,Cluster 1
"Intolerancia, machismo",Vivienda,Cabecera municipal,Mujer,Hombre,(Más de 60) Adulto Mayor,Soacha,Cluster 1
Sin información,Vía Pública,Cabecera municipal,Hombre,Mujer,(00 a 05) Primera Infancia,Soacha,Cluster 1
"Intolerancia, machismo",Vivienda,Cabecera municipal,Mujer,Hombre,(29 a 59) Adultez,Soacha,Cluster 1
"Intolerancia, machismo",Vivienda,Cabecera municipal,Mujer,Mujer,(18 a 28) Juventud,Soacha,Cluster 1
"Intolerancia, machismo",Vía Pública,Cabecera municipal,Mujer,Mujer,(18 a 28) Juventud,Soacha,Cluster 1
"Intolerancia, machismo",Vivienda,Cabecera municipal,Hombre,Mujer,(29 a 59) Adultez,Soacha,Cluster 1
"Intolerancia, machismo","Calle (Autopista,Avenida,Dentro de La Ciudad)",Cabecera municipal,Hombre,Hombre,(06 a 11) Infancia,Soacha,Cluster 2
"Intolerancia, machismo","Calle (Autopista,Avenida,Dentro de La Ciudad)",Cabecera municipal,Hombre,Hombre,(06 a 11) Infancia,Soacha,Cluster 2
"Intolerancia, machismo",Vivienda,Cabecera municipal,Hombre,Mujer,(00 a 05) Primera Infancia,Soacha,Cluster 1
"Intolerancia, machismo",Vivienda,Cabecera municipal,Hombre,Mujer,(00 a 05) Primera Infancia,Soacha,Cluster 1
"Intolerancia, machismo",Vivienda,Cabecera municipal,Hombre,Mujer,(06 a 11) Infancia,Soacha,Cluster 1
"Intolerancia, machismo",Vía Pública,Cabecera municipal,Mujer,Hombre,(12 a 17) Adolescencia,Soacha,Cluster 1
"Celos, desconfianza, infidelidad",Vivienda,Cabecera municipal,Mujer,Hombre,(12 a 17) Adolescencia,Soacha,Cluster 1
"Intolerancia, machismo",Vivienda,Cabecera municipal,Mujer,Hombre,(29 a 59) Adultez,Chía,Cluster 1
Sin información,Vivienda,"Centro poblado(corregimiento, inspección de policía y caserío)",Mujer,Mujer,(18 a 28) Juventud,Chía,Cluster 1
"Intolerancia, machismo",Vivienda,Parte rural (vereda y campo),Mujer,Hombre,(29 a 59) Adultez,Chía,Cluster 1
Sin información,Vivienda,"Centro poblado(corregimiento, inspección de policía y caserío)",Mujer,Mujer,(06 a 11) Infancia,Guaduas,Cluster 1
"Intolerancia, machismo",Vivienda,Cabecera municipal,Mujer,Mujer,(29 a 59) Adultez,Guaduas,Cluster 1
"Intolerancia, machismo",Vivienda,Cabecera municipal,Mujer,Hombre,(18 a 28) Juventud,Guaduas,Cluster 1
"Intolerancia, machismo",Vivienda,Cabecera municipal,Mujer,Hombre,(18 a 28) Juventud,Cajicá,Cluster 1
"Intolerancia, machismo",Vivienda,Parte rural (vereda y campo),Mujer,Hombre,(06 a 11) Infancia,Cajicá,Cluster 1
Sin información,"Calle (Autopista,Avenida,Dentro de La Ciudad)",Cabecera municipal,Mujer,Mujer,(06 a 11) Infancia,Cajicá,Cluster 2
Sin información,"Calle (Autopista,Avenida,Dentro de La Ciudad)",Cabecera municipal,Mujer,Mujer,(00 a 05) Primera Infancia,Cajicá,Cluster 2
"Intolerancia, machismo",Vivienda,Cabecera municipal,Hombre,Hombre,(Más de 60) Adulto Mayor,Cajicá,Cluster 1
"Intolerancia, machismo",Vivienda,Cabecera municipal,Mujer,Mujer,(29 a 59) Adultez,Girardot,Cluster 1
"Intolerancia, machismo",Vivienda,Cabecera municipal,Mujer,Hombre,(29 a 59) Adultez,Girardot,Cluster 1
"Intolerancia, machismo","Calle (Autopista,Avenida,Dentro de La Ciudad)",Cabecera municipal,Mujer,Hombre,(18 a 28) Juventud,Girardot,Cluster 2
"Intolerancia, machismo","Calle (Autopista,Avenida,Dentro de La Ciudad)",Cabecera municipal,Mujer,Hombre,(29 a 59) Adultez,Girardot,Cluster 2
"Intolerancia, machismo",Vivienda,Parte rural (vereda y campo),Mujer,Hombre,(29 a 59) Adultez,Girardot,Cluster 1
"Intolerancia, machismo","Calle (Autopista,Avenida,Dentro de La Ciudad)",Cabecera municipal,Hombre,Hombre,(29 a 59) Adultez,Girardot,Cluster 2
"Intolerancia, machismo",Vivienda,Cabecera municipal,Mujer,Hombre,(12 a 17) Adolescencia,Girardot,Cluster 1
"Intolerancia, machismo",Vivienda,Cabecera municipal,Mujer,Hombre,(29 a 59) Adultez,Girardot,Cluster 1
"Intolerancia, machismo",Vivienda,Cabecera municipal,Mujer,Mujer,(18 a 28) Juventud,Girardot,Cluster 1
"Intolerancia, machismo",Vivienda,Cabecera municipal,Hombre,Hombre,(12 a 17) Adolescencia,Soacha,Cluster 1
"Intolerancia, machismo",Vivienda,Cabecera municipal,Mujer,Hombre,(18 a 28) Juventud,Soacha,Cluster 1
"Intolerancia, machismo",Vivienda,Cabecera municipal,Mujer,Hombre,(18 a 28) Juventud,Soacha,Cluster 1
"Intolerancia, machismo",Vivienda,Cabecera municipal,Mujer,Hombre,(18 a 28) Juventud,Soacha,Cluster 1
"Intolerancia, machismo","Calle (Autopista,Avenida,Dentro de La Ciudad)",Cabecera municipal,Hombre,Hombre,(12 a 17) Adolescencia,Soacha,Cluster 2
"Intolerancia, machismo",Vivienda,Cabecera municipal,Mujer,Hombre,(29 a 59) Adultez,Soacha,Cluster 1
"Intolerancia, machismo",Vía Pública,Cabecera municipal,Mujer,Hombre,(29 a 59) Adultez,Soacha,Cluster 1
"Intolerancia, machismo",Vivienda,Cabecera municipal,Mujer,Mujer,(29 a 59) Adultez,Soacha,Cluster 1
"Intolerancia, machismo",Vía Pública,Cabecera municipal,Mujer,Mujer,(Más de 60) Adulto Mayor,Soacha,Cluster 1
"Intolerancia, machismo",Vía Pública,Cabecera municipal,Mujer,Hombre,(18 a 28) Juventud,Soacha,Cluster 1
"Intolerancia, machismo",Vivienda,Cabecera municipal,Mujer,Hombre,(18 a 28) Juventud,Soacha,Cluster 1
"Intolerancia, machismo","Establecimientos de Expendio de Comidas (Restaurantes,Asaderos,Salsamentarias,Etc)",Cabecera municipal,Mujer,Mujer,(29 a 59) Adultez,Soacha,Cluster 3
"Intolerancia, machismo",Vivienda,Cabecera municipal,Mujer,Hombre,(29 a 59) Adultez,Soacha,Cluster 1
"Intolerancia, machismo",Vivienda,Cabecera municipal,Mujer,Hombre,(18 a 28) Juventud,Soacha,Cluster 1
"Intolerancia, machismo",Vivienda,Cabecera municipal,Mujer,Hombre,(18 a 28) Juventud,Soacha,Cluster 1
"Intolerancia, machismo",Vivienda,Cabecera municipal,Mujer,Hombre,(29 a 59) Adultez,Soacha,Cluster 1
"Intolerancia, machismo",Vivienda,Cabecera municipal,Mujer,Mujer,(29 a 59) Adultez,Soacha,Cluster 1
"Intolerancia, machismo",Vivienda,Cabecera municipal,Hombre,Hombre,(29 a 59) Adultez,Soacha,Cluster 1
Sin información,"Lugares de Cuidado de Personas (Hospicios,Orfelinatos,Hogares Geriatricos,Etc)",Cabecera municipal,Hombre,Hombre,(12 a 17) Adolescencia,Chía,Cluster 3
"Intolerancia, machismo",Vivienda,Cabecera municipal,Hombre,Hombre,(12 a 17) Adolescencia,Chía,Cluster 1
Sin información,Vivienda,Parte rural (vereda y campo),Mujer,Mujer,(12 a 17) Adolescencia,Chía,Cluster 1
Alcoholismo / drogadicción,Vivienda,Cabecera municipal,Mujer,Mujer,(29 a 59) Adultez,Chía,Cluster 1
"Intolerancia, machismo",Vivienda,Cabecera municipal,Mujer,Mujer,(18 a 28) Juventud,Guaduas,Cluster 1
Sin información,"Espacios Acuáticos al Aire Libre (Mar,Río,Arroyo,Humedal,Lago,Etc)",Cabecera municipal,Hombre,Hombre,(29 a 59) Adultez,Guaduas,Cluster 2
Sin información,"Espacios Acuáticos al Aire Libre (Mar,Río,Arroyo,Humedal,Lago,Etc)","Centro poblado(corregimiento, inspección de policía y caserío)",Hombre,Hombre,(29 a 59) Adultez,Guaduas,Cluster 2
"Intolerancia, machismo",Vivienda,Parte rural (vereda y campo),Mujer,Hombre,(29 a 59) Adultez,Cajicá,Cluster 1
"Intolerancia, machismo",Vivienda,"Centro poblado(corregimiento, inspección de policía y caserío)",Hombre,Mujer,(06 a 11) Infancia,Cajicá,Cluster 1
"Intolerancia, machismo",Vivienda,Cabecera municipal,Mujer,Mujer,(12 a 17) Adolescencia,Girardot,Cluster 1
"Intolerancia, machismo",Vivienda,Cabecera municipal,Hombre,Hombre,(06 a 11) Infancia,Soacha,Cluster 1
"Intolerancia, machismo",Vivienda,Cabecera municipal,Mujer,Mujer,(00 a 05) Primera Infancia,Girardot,Cluster 1
"Celos, desconfianza, infidelidad",Vivienda,Cabecera municipal,Hombre,Hombre,(06 a 11) Infancia,Soacha,Cluster 1
Alcoholismo / drogadicción,Vía Pública,Cabecera municipal,Hombre,Hombre,(29 a 59) Adultez,Girardot,Cluster 1
Alcoholismo / drogadicción,Vivienda,Cabecera municipal,Mujer,Hombre,(18 a 28) Juventud,Girardot,Cluster 1
Alcoholismo / drogadicción,Vivienda,Cabecera municipal,Hombre,Mujer,(18 a 28) Juventud,Girardot,Cluster 1
"Intolerancia, machismo",Vivienda,Cabecera municipal,Mujer,Hombre,(29 a 59) Adultez,Girardot,Cluster 1
"Intolerancia, machismo",Vivienda,Cabecera municipal,Mujer,Hombre,(18 a 28) Juventud,Girardot,Cluster 1
"Intolerancia, machismo",Vivienda,Cabecera municipal,Hombre,Hombre,(18 a 28) Juventud,Girardot,Cluster 1
"Intolerancia, machismo",Vivienda,Cabecera municipal,Mujer,Mujer,(Más de 60) Adulto Mayor,Soacha,Cluster 1
"Intolerancia, machismo",Vía Pública,Cabecera municipal,Mujer,Hombre,(29 a 59) Adultez,Soacha,Cluster 1
"Intolerancia, machismo",Vivienda,Cabecera municipal,Hombre,Hombre,(00 a 05) Primera Infancia,Soacha,Cluster 1
"Intolerancia, machismo",Vivienda,Cabecera municipal,Mujer,Hombre,(18 a 28) Juventud,Soacha,Cluster 1
"Intolerancia, machismo",Vivienda,Cabecera municipal,Mujer,Hombre,(18 a 28) Juventud,Soacha,Cluster 1
"Intolerancia, machismo",Vivienda,Cabecera municipal,Mujer,Hombre,(29 a 59) Adultez,Soacha,Cluster 1
"Intolerancia, machismo",Vivienda,Cabecera municipal,Hombre,Hombre,(29 a 59) Adultez,Soacha,Cluster 1
"Intolerancia, machismo",Vía Pública,Cabecera municipal,Hombre,Hombre,(18 a 28) Juventud,Soacha,Cluster 1
"Intolerancia, machismo",Vía Pública,Cabecera municipal,Mujer,Mujer,(12 a 17) Adolescencia,Soacha,Cluster 1
"Intolerancia, machismo",Vivienda,Cabecera municipal,Mujer,Mujer,(Más de 60) Adulto Mayor,Soacha,Cluster 1
Alcoholismo / drogadicción,Vivienda,Cabecera municipal,Mujer,Hombre,(Más de 60) Adulto Mayor,Soacha,Cluster 1
"Intolerancia, machismo",Vivienda,Cabecera municipal,Mujer,Hombre,(29 a 59) Adultez,Soacha,Cluster 1
"Intolerancia, machismo",Vivienda,Cabecera municipal,Mujer,Hombre,(Más de 60) Adulto Mayor,Soacha,Cluster 1
"Intolerancia, machismo",Vivienda,Cabecera municipal,Mujer,Hombre,(29 a 59) Adultez,Soacha,Cluster 1
"Intolerancia, machismo",Vivienda,Parte rural (vereda y campo),Hombre,Hombre,(29 a 59) Adultez,Girardot,Cluster 1
"Intolerancia, machismo",Vivienda,Parte rural (vereda y campo),Mujer,Hombre,(29 a 59) Adultez,Chía,Cluster 1
"Intolerancia, machismo",Vivienda,Cabecera municipal,Mujer,Hombre,(Más de 60) Adulto Mayor,Chía,Cluster 1
Sin información,Vivienda,Parte rural (vereda y campo),Hombre,Mujer,(00 a 05) Primera Infancia,Chía,Cluster 1
"Intolerancia, machismo",Vivienda,Cabecera municipal,Hombre,Mujer,(29 a 59) Adultez,Chía,Cluster 1
"Intolerancia, machismo",Vivienda,Cabecera municipal,Mujer,Mujer,(18 a 28) Juventud,Chía,Cluster 1
"Intolerancia, machismo",Vivienda,Parte rural (vereda y campo),Mujer,Hombre,(18 a 28) Juventud,Chía,Cluster 1
"Intolerancia, machismo",Vivienda,"Centro poblado(corregimiento, inspección de policía y caserío)",Hombre,Hombre,(29 a 59) Adultez,Chía,Cluster 1
"Intolerancia, machismo",Vivienda,Parte rural (vereda y campo),Mujer,Hombre,(12 a 17) Adolescencia,Chía,Cluster 1
"Intolerancia, machismo",Vivienda,"Centro poblado(corregimiento, inspección de policía y caserío)",Mujer,Mujer,(18 a 28) Juventud,Chía,Cluster 1
Sin información,"Calle (Autopista,Avenida,Dentro de La Ciudad)",Cabecera municipal,Hombre,Hombre,(29 a 59) Adultez,Chía,Cluster 2
"Intolerancia, machismo",Vivienda,Sin información,Mujer,Hombre,(06 a 11) Infancia,Chía,Cluster 1
"Intolerancia, machismo",Vivienda,Cabecera municipal,Mujer,Hombre,(12 a 17) Adolescencia,Cajicá,Cluster 1
"Intolerancia, machismo",Vivienda,Parte rural (vereda y campo),Mujer,Hombre,(Más de 60) Adulto Mayor,Cajicá,Cluster 1
"Intolerancia, machismo",Vivienda,Cabecera municipal,Hombre,Mujer,(06 a 11) Infancia,Cajicá,Cluster 1
"Intolerancia, machismo",Vivienda,Parte rural (vereda y campo),Hombre,Hombre,(12 a 17) Adolescencia,Cajicá,Cluster 1
Sin información,Sin Información,Cabecera municipal,Mujer,Mujer,(06 a 11) Infancia,Cajicá,Cluster 3
Sin información,Vivienda,Cabecera municipal,Mujer,Hombre,(00 a 05) Primera Infancia,Cajicá,Cluster 1
Alcoholismo / drogadicción,Vivienda,Cabecera municipal,Mujer,Hombre,(12 a 17) Adolescencia,Cajicá,Cluster 1
"Intolerancia, machismo",Vivienda,Cabecera municipal,Mujer,Hombre,(00 a 05) Primera Infancia,Soacha,Cluster 1
"Intolerancia, machismo",Vivienda,Cabecera municipal,Hombre,Mujer,(06 a 11) Infancia,Soacha,Cluster 1
"Intolerancia, machismo",Vivienda,Cabecera municipal,Mujer,Mujer,(18 a 28) Juventud,Girardot,Cluster 1
Alcoholismo / drogadicción,Vía Pública,Cabecera municipal,Hombre,Hombre,(18 a 28) Juventud,Soacha,Cluster 1
"Intolerancia, machismo",Vivienda,Cabecera municipal,Hombre,Hombre,(12 a 17) Adolescencia,Soacha,Cluster 1
"Intolerancia, machismo",Vivienda,Cabecera municipal,Hombre,Hombre,(06 a 11) Infancia,Soacha,Cluster 1
"Intolerancia, machismo",Vivienda,Cabecera municipal,Mujer,Hombre,(12 a 17) Adolescencia,Soacha,Cluster 1
"Intolerancia, machismo",Vía Pública,Cabecera municipal,Hombre,Hombre,(18 a 28) Juventud,Soacha,Cluster 1
"Intolerancia, machismo",Vivienda,Cabecera municipal,Hombre,Hombre,(29 a 59) Adultez,Soacha,Cluster 1
"Intolerancia, machismo",Vivienda,Cabecera municipal,Mujer,Hombre,(Más de 60) Adulto Mayor,Soacha,Cluster 1
"Intolerancia, machismo",Vivienda,Cabecera municipal,Hombre,Hombre,(06 a 11) Infancia,Soacha,Cluster 1
Alcoholismo / drogadicción,Vivienda,Cabecera municipal,Hombre,Hombre,(18 a 28) Juventud,Soacha,Cluster 1
"Intolerancia, machismo",Vivienda,Cabecera municipal,Mujer,Mujer,(29 a 59) Adultez,Soacha,Cluster 1
"Intolerancia, machismo",Vivienda,Cabecera municipal,Mujer,Hombre,(Más de 60) Adulto Mayor,Soacha,Cluster 1
"Intolerancia, machismo",Vivienda,Cabecera municipal,Mujer,Hombre,(06 a 11) Infancia,Soacha,Cluster 1
Alcoholismo / drogadicción,Vivienda,Cabecera municipal,Hombre,Hombre,(06 a 11) Infancia,Soacha,Cluster 1
"Intolerancia, machismo",Vía Pública,Cabecera municipal,Hombre,Hombre,(00 a 05) Primera Infancia,Soacha,Cluster 1
"Intolerancia, machismo",Vivienda,Cabecera municipal,Mujer,Hombre,(12 a 17) Adolescencia,Soacha,Cluster 1
"Intolerancia, machismo",Vía Pública,Cabecera municipal,Mujer,Hombre,(29 a 59) Adultez,Soacha,Cluster 1
"Intolerancia, machismo",Vivienda,Cabecera municipal,Hombre,Hombre,(Más de 60) Adulto Mayor,Soacha,Cluster 1
"Intolerancia, machismo",Vivienda,Cabecera municipal,Mujer,Hombre,(18 a 28) Juventud,Soacha,Cluster 1
"Intolerancia, machismo",Vivienda,Cabecera municipal,Mujer,Hombre,(06 a 11) Infancia,Soacha,Cluster 1
"Intolerancia, machismo",Vivienda,Cabecera municipal,Mujer,Hombre,(06 a 11) Infancia,Soacha,Cluster 1
"Intolerancia, machismo",Vivienda,Cabecera municipal,Mujer,Hombre,(Más de 60) Adulto Mayor,Soacha,Cluster 1
"Intolerancia, machismo",Vivienda,Cabecera municipal,Mujer,Hombre,(18 a 28) Juventud,Soacha,Cluster 1
"Intolerancia, machismo",Vía Pública,Cabecera municipal,Mujer,Mujer,(29 a 59) Adultez,Soacha,Cluster 1
"Intolerancia, machismo",Vivienda,Cabecera municipal,Hombre,Mujer,(12 a 17) Adolescencia,Soacha,Cluster 1
"Intolerancia, machismo",Vivienda,Cabecera municipal,Mujer,Mujer,(06 a 11) Infancia,Soacha,Cluster 1
"Intolerancia, machismo",Vía Pública,Cabecera municipal,Mujer,Hombre,(18 a 28) Juventud,Soacha,Cluster 1
"Intolerancia, machismo",Vía Pública,Cabecera municipal,Hombre,Hombre,(29 a 59) Adultez,Soacha,Cluster 1
"Intolerancia, machismo",Vía Pública,Cabecera municipal,Mujer,Hombre,(18 a 28) Juventud,Soacha,Cluster 1
"Intolerancia, machismo",Vivienda,Cabecera municipal,Hombre,Hombre,(06 a 11) Infancia,Soacha,Cluster 1
"Intolerancia, machismo",Vivienda,Cabecera municipal,Mujer,Hombre,(18 a 28) Juventud,Soacha,Cluster 1
"Intolerancia, machismo",Vivienda,Cabecera municipal,Mujer,Mujer,(00 a 05) Primera Infancia,Soacha,Cluster 1
"Intolerancia, machismo","Calle (Autopista,Avenida,Dentro de La Ciudad)",Cabecera municipal,Hombre,Mujer,(00 a 05) Primera Infancia,Soacha,Cluster 2
"Intolerancia, machismo",Vivienda,Cabecera municipal,Mujer,Mujer,(00 a 05) Primera Infancia,Soacha,Cluster 1
"Intolerancia, machismo",Vivienda,Cabecera municipal,Hombre,Hombre,(Más de 60) Adulto Mayor,Soacha,Cluster 1
"Intolerancia, machismo","Calle (Autopista,Avenida,Dentro de La Ciudad)",Cabecera municipal,Mujer,Mujer,(29 a 59) Adultez,Soacha,Cluster 2
"Intolerancia, machismo",Vivienda,Cabecera municipal,Mujer,Hombre,(12 a 17) Adolescencia,Soacha,Cluster 1
"Intolerancia, machismo",Vivienda,Cabecera municipal,Mujer,Hombre,(00 a 05) Primera Infancia,Soacha,Cluster 1
"Intolerancia, machismo",Vivienda,Cabecera municipal,Hombre,Mujer,(12 a 17) Adolescencia,Soacha,Cluster 1
"Intolerancia, machismo",Vivienda,Cabecera municipal,Hombre,Mujer,(00 a 05) Primera Infancia,Soacha,Cluster 1
"Intolerancia, machismo",Vivienda,Cabecera municipal,Mujer,Mujer,(29 a 59) Adultez,Soacha,Cluster 1
"Intolerancia, machismo",Vivienda,Cabecera municipal,Hombre,Mujer,(29 a 59) Adultez,Soacha,Cluster 1
"Intolerancia, machismo",Vía Pública,Cabecera municipal,Hombre,Mujer,(29 a 59) Adultez,Soacha,Cluster 1
"Intolerancia, machismo",Vía Pública,Cabecera municipal,Mujer,Mujer,(29 a 59) Adultez,Soacha,Cluster 1
"Intolerancia, machismo",Vivienda,Cabecera municipal,Mujer,Hombre,(06 a 11) Infancia,Soacha,Cluster 1
"Intolerancia, machismo",Vivienda,Cabecera municipal,Hombre,Hombre,(00 a 05) Primera Infancia,Soacha,Cluster 1
"Intolerancia, machismo",Vivienda,Cabecera municipal,Mujer,Hombre,(18 a 28) Juventud,Soacha,Cluster 1
"Intolerancia, machismo",Vivienda,Cabecera municipal,Hombre,Hombre,(06 a 11) Infancia,Soacha,Cluster 1
"Intolerancia, machismo",Vivienda,Cabecera municipal,Mujer,Hombre,(29 a 59) Adultez,Soacha,Cluster 1
Alcoholismo / drogadicción,Vivienda,Cabecera municipal,Mujer,Hombre,(18 a 28) Juventud,Soacha,Cluster 1
"Intolerancia, machismo",Vivienda,"Centro poblado(corregimiento, inspección de policía y caserío)",Mujer,Mujer,(06 a 11) Infancia,Chía,Cluster 1
Sin información,Vía Pública,Cabecera municipal,Hombre,Mujer,(29 a 59) Adultez,Chía,Cluster 1
Sin información,Vía Pública,Cabecera municipal,Mujer,Mujer,(06 a 11) Infancia,Chía,Cluster 1
Sin información,Vía Pública,Cabecera municipal,Mujer,Mujer,(12 a 17) Adolescencia,Chía,Cluster 1
"Intolerancia, machismo",Vivienda,Parte rural (vereda y campo),Mujer,Mujer,(29 a 59) Adultez,Chía,Cluster 1
"Intolerancia, machismo","Calle (Autopista,Avenida,Dentro de La Ciudad)",Cabecera municipal,Mujer,Mujer,(29 a 59) Adultez,Chía,Cluster 2
"Intolerancia, machismo","Calle (Autopista,Avenida,Dentro de La Ciudad)",Cabecera municipal,Mujer,Hombre,(12 a 17) Adolescencia,Chía,Cluster 2
Sin información,Vivienda,Parte rural (vereda y campo),Mujer,Mujer,(18 a 28) Juventud,Chía,Cluster 1
"Intolerancia, machismo",Vivienda,Parte rural (vereda y campo),Mujer,Mujer,(18 a 28) Juventud,Chía,Cluster 1
Alcoholismo / drogadicción,Vivienda,Cabecera municipal,Mujer,Hombre,(06 a 11) Infancia,Girardot,Cluster 1
Sin información,Sin Información,"Centro poblado(corregimiento, inspección de policía y caserío)",Hombre,Hombre,(00 a 05) Primera Infancia,Cajicá,Cluster 3
Sin información,Vivienda,Cabecera municipal,Mujer,Hombre,(06 a 11) Infancia,Girardot,Cluster 1
"Intolerancia, machismo",Vivienda,Cabecera municipal,Mujer,Mujer,(29 a 59) Adultez,Girardot,Cluster 1
"Intolerancia, machismo",Vivienda,Cabecera municipal,Mujer,Mujer,(12 a 17) Adolescencia,Girardot,Cluster 1
"Intolerancia, machismo",Vivienda,Cabecera municipal,Mujer,Hombre,(12 a 17) Adolescencia,Girardot,Cluster 1
Económicas,Vivienda,Cabecera municipal,Mujer,Mujer,(29 a 59) Adultez,Girardot,Cluster 1
Sin información,Vivienda,Cabecera municipal,Hombre,Mujer,(00 a 05) Primera Infancia,Girardot,Cluster 1
"Intolerancia, machismo","Calle (Autopista,Avenida,Dentro de La Ciudad)",Cabecera municipal,Hombre,Hombre,(12 a 17) Adolescencia,Girardot,Cluster 2
"Intolerancia, machismo","Calle (Autopista,Avenida,Dentro de La Ciudad)",Cabecera municipal,Mujer,Hombre,(12 a 17) Adolescencia,Girardot,Cluster 2
"Intolerancia, machismo","Calle (Autopista,Avenida,Dentro de La Ciudad)",Cabecera municipal,Hombre,Hombre,(29 a 59) Adultez,Girardot,Cluster 2
"Intolerancia, machismo",Vía Pública,Cabecera municipal,Mujer,Hombre,(29 a 59) Adultez,Soacha,Cluster 1
Alcoholismo / drogadicción,Vía Pública,Cabecera municipal,Mujer,Mujer,(18 a 28) Juventud,Soacha,Cluster 1
"Intolerancia, machismo",Vivienda,Cabecera municipal,Mujer,Mujer,(29 a 59) Adultez,Soacha,Cluster 1
"Intolerancia, machismo",Vivienda,Cabecera municipal,Mujer,Hombre,(Más de 60) Adulto Mayor,Soacha,Cluster 1
"Intolerancia, machismo",Vivienda,Cabecera municipal,Hombre,Hombre,(29 a 59) Adultez,Soacha,Cluster 1
"Intolerancia, machismo",Vivienda,Cabecera municipal,Hombre,Mujer,(12 a 17) Adolescencia,Soacha,Cluster 1
"Intolerancia, machismo",Vivienda,Cabecera municipal,Mujer,Hombre,(06 a 11) Infancia,Soacha,Cluster 1
"Intolerancia, machismo",Vivienda,Cabecera municipal,Mujer,Hombre,(29 a 59) Adultez,Soacha,Cluster 1
"Intolerancia, machismo",Vía Pública,Cabecera municipal,Mujer,Hombre,(18 a 28) Juventud,Soacha,Cluster 1
"Intolerancia, machismo",Vivienda,Cabecera municipal,Mujer,Hombre,(06 a 11) Infancia,Soacha,Cluster 1
"Intolerancia, machismo",Vivienda,Cabecera municipal,Hombre,Hombre,(29 a 59) Adultez,Soacha,Cluster 1
"Intolerancia, machismo",Vivienda,Cabecera municipal,Mujer,Hombre,(18 a 28) Juventud,Soacha,Cluster 1
"Intolerancia, machismo",Vivienda,Cabecera municipal,Hombre,Hombre,(00 a 05) Primera Infancia,Soacha,Cluster 1
"Intolerancia, machismo",Vivienda,Cabecera municipal,Mujer,Mujer,(12 a 17) Adolescencia,Soacha,Cluster 1
"Intolerancia, machismo",Vivienda,Cabecera municipal,Mujer,Mujer,(18 a 28) Juventud,Soacha,Cluster 1
"Intolerancia, machismo",Vivienda,Cabecera municipal,Mujer,Hombre,(18 a 28) Juventud,Chía,Cluster 1
"Intolerancia, machismo",Vivienda,Parte rural (vereda y campo),Mujer,Hombre,(29 a 59) Adultez,Chía,Cluster 1
"Intolerancia, machismo",Vivienda,"Centro poblado(corregimiento, inspección de policía y caserío)",Mujer,Hombre,(Más de 60) Adulto Mayor,Chía,Cluster 1
"Intolerancia, machismo",Vivienda,Cabecera municipal,Mujer,Hombre,(12 a 17) Adolescencia,Chía,Cluster 1
Sin información,"Calle (Autopista,Avenida,Dentro de La Ciudad)",Cabecera municipal,Hombre,Hombre,(06 a 11) Infancia,Chía,Cluster 2
"Intolerancia, machismo",Vivienda,"Centro poblado(corregimiento, inspección de policía y caserío)",Hombre,Mujer,(Más de 60) Adulto Mayor,Chía,Cluster 1
"Intolerancia, machismo",Vivienda,"Centro poblado(corregimiento, inspección de policía y caserío)",Hombre,Hombre,(29 a 59) Adultez,Chía,Cluster 1
"Intolerancia, machismo",Vivienda,"Centro poblado(corregimiento, inspección de policía y caserío)",Mujer,Hombre,(12 a 17) Adolescencia,Chía,Cluster 1
"Intolerancia, machismo",Vivienda,Parte rural (vereda y campo),Mujer,Hombre,(29 a 59) Adultez,Chía,Cluster 1
"Intolerancia, machismo",Vivienda,"Centro poblado(corregimiento, inspección de policía y caserío)",Hombre,Hombre,(29 a 59) Adultez,Chía,Cluster 1
"Intolerancia, machismo",Vivienda,Cabecera municipal,Hombre,Hombre,(18 a 28) Juventud,Cajicá,Cluster 1
"Intolerancia, machismo",Vivienda,Cabecera municipal,Mujer,Mujer,(00 a 05) Primera Infancia,Cajicá,Cluster 1
Sin información,"Calle (Autopista,Avenida,Dentro de La Ciudad)",Cabecera municipal,Hombre,Mujer,(00 a 05) Primera Infancia,Cajicá,Cluster 2
"Intolerancia, machismo",Vivienda,Cabecera municipal,Mujer,Mujer,(12 a 17) Adolescencia,Cajicá,Cluster 1
"Intolerancia, machismo",Vivienda,Cabecera municipal,Mujer,Mujer,(12 a 17) Adolescencia,Soacha,Cluster 1
"Intolerancia, machismo",Vivienda,Cabecera municipal,Hombre,Mujer,(06 a 11) Infancia,Soacha,Cluster 1
"Intolerancia, machismo",Vivienda,Cabecera municipal,Mujer,Mujer,(06 a 11) Infancia,Soacha,Cluster 1
Sin información,Vivienda,Cabecera municipal,Hombre,Hombre,(00 a 05) Primera Infancia,Soacha,Cluster 1
"Intolerancia, machismo",Vivienda,Cabecera municipal,Mujer,Mujer,(18 a 28) Juventud,Chía,Cluster 1
"Intolerancia, machismo","Calle (Autopista,Avenida,Dentro de La Ciudad)",Cabecera municipal,Hombre,Mujer,(Más de 60) Adulto Mayor,Girardot,Cluster 2
"Intolerancia, machismo",Vivienda,Cabecera municipal,Mujer,Hombre,(29 a 59) Adultez,Girardot,Cluster 1
"Intolerancia, machismo",Vivienda,Cabecera municipal,Hombre,Hombre,(29 a 59) Adultez,Soacha,Cluster 1
"Intolerancia, machismo",Vía Pública,Cabecera municipal,Mujer,Hombre,(12 a 17) Adolescencia,Soacha,Cluster 1
"Intolerancia, machismo",Vivienda,Cabecera municipal,Mujer,Mujer,(06 a 11) Infancia,Soacha,Cluster 1
"Intolerancia, machismo",Vivienda,Cabecera municipal,Mujer,Mujer,(29 a 59) Adultez,Soacha,Cluster 1
"Intolerancia, machismo",Vivienda,Cabecera municipal,Mujer,Hombre,(18 a 28) Juventud,Soacha,Cluster 1
"Intolerancia, machismo",Vivienda,Cabecera municipal,Mujer,Hombre,(18 a 28) Juventud,Soacha,Cluster 1
"Intolerancia, machismo",Vivienda,Cabecera municipal,Mujer,Hombre,(00 a 05) Primera Infancia,Soacha,Cluster 1
"Intolerancia, machismo",Vivienda,Cabecera municipal,Hombre,Hombre,(06 a 11) Infancia,Soacha,Cluster 1
"Intolerancia, machismo",Vivienda,Cabecera municipal,Hombre,Hombre,(18 a 28) Juventud,Soacha,Cluster 1
"Intolerancia, machismo",Vivienda,Cabecera municipal,Hombre,Hombre,(Más de 60) Adulto Mayor,Soacha,Cluster 1
"Intolerancia, machismo",Vía Pública,Cabecera municipal,Mujer,Hombre,(00 a 05) Primera Infancia,Soacha,Cluster 1
"Intolerancia, machismo",Vivienda,Cabecera municipal,Hombre,Hombre,(00 a 05) Primera Infancia,Soacha,Cluster 1
"Intolerancia, machismo",Vivienda,Cabecera municipal,Hombre,Hombre,(29 a 59) Adultez,Soacha,Cluster 1
"Intolerancia, machismo",Vivienda,Cabecera municipal,Mujer,Hombre,(18 a 28) Juventud,Soacha,Cluster 1
"Intolerancia, machismo",Vivienda,Cabecera municipal,Hombre,Hombre,(29 a 59) Adultez,Soacha,Cluster 1
"Intolerancia, machismo",Vivienda,Cabecera municipal,Hombre,Hombre,(29 a 59) Adultez,Soacha,Cluster 1
"Intolerancia, machismo",Vivienda,Cabecera municipal,Mujer,Hombre,(12 a 17) Adolescencia,Soacha,Cluster 1
"Intolerancia, machismo",Vivienda,Cabecera municipal,Hombre,Mujer,(00 a 05) Primera Infancia,Soacha,Cluster 1
"Intolerancia, machismo","Calle (Autopista,Avenida,Dentro de La Ciudad)",Cabecera municipal,Mujer,Mujer,(29 a 59) Adultez,Soacha,Cluster 2
Alcoholismo / drogadicción,Vivienda,Cabecera municipal,Mujer,Hombre,(29 a 59) Adultez,Soacha,Cluster 1
Alcoholismo / drogadicción,Vivienda,Cabecera municipal,Hombre,Hombre,(29 a 59) Adultez,Soacha,Cluster 1
"Intolerancia, machismo",Vivienda,Cabecera municipal,Mujer,Mujer,(18 a 28) Juventud,Soacha,Cluster 1
"Intolerancia, machismo",Vivienda,Cabecera municipal,Mujer,Mujer,(29 a 59) Adultez,Soacha,Cluster 1
"Intolerancia, machismo","Calle (Autopista,Avenida,Dentro de La Ciudad)",Cabecera municipal,Hombre,Mujer,(18 a 28) Juventud,Chía,Cluster 2
Económicas,Vía Pública,Cabecera municipal,Mujer,Hombre,(29 a 59) Adultez,Chía,Cluster 1
"Intolerancia, machismo",Vivienda,Parte rural (vereda y campo),Hombre,Mujer,(18 a 28) Juventud,Chía,Cluster 1
"Intolerancia, machismo",Vivienda,Cabecera municipal,Hombre,Hombre,(29 a 59) Adultez,Chía,Cluster 1
"Intolerancia, machismo",Vivienda,Cabecera municipal,Hombre,Hombre,(18 a 28) Juventud,Chía,Cluster 1
Sin información,Vivienda,"Centro poblado(corregimiento, inspección de policía y caserío)",Hombre,Hombre,(12 a 17) Adolescencia,Cajicá,Cluster 1
"Intolerancia, machismo",Vivienda,Cabecera municipal,Mujer,Hombre,(29 a 59) Adultez,Cajicá,Cluster 1
Sin información,Vivienda,Cabecera municipal,Hombre,Hombre,(06 a 11) Infancia,Cajicá,Cluster 1
Sin información,Sin Información,Cabecera municipal,Mujer,Mujer,(12 a 17) Adolescencia,Cajicá,Cluster 3
"Intolerancia, machismo",Vivienda,Cabecera municipal,Hombre,Hombre,(06 a 11) Infancia,Soacha,Cluster 1
"Intolerancia, machismo",Vivienda,Cabecera municipal,Hombre,Hombre,(12 a 17) Adolescencia,Soacha,Cluster 1
Sin información,Vivienda,Cabecera municipal,Hombre,Hombre,(06 a 11) Infancia,Soacha,Cluster 1
"Intolerancia, machismo","Calle (Autopista,Avenida,Dentro de La Ciudad)",Cabecera municipal,Mujer,Mujer,(29 a 59) Adultez,Girardot,Cluster 2
"Intolerancia, machismo","Calle (Autopista,Avenida,Dentro de La Ciudad)",Cabecera municipal,Mujer,Mujer,(29 a 59) Adultez,Girardot,Cluster 2
"Intolerancia, machismo","Calle (Autopista,Avenida,Dentro de La Ciudad)",Parte rural (vereda y campo),Mujer,Mujer,(29 a 59) Adultez,Girardot,Cluster 2
"Intolerancia, machismo",Vivienda,Cabecera municipal,Mujer,Mujer,(18 a 28) Juventud,Soacha,Cluster 1
Alcoholismo / drogadicción,Vía Pública,Cabecera municipal,Hombre,Hombre,(18 a 28) Juventud,Soacha,Cluster 1
"Intolerancia, machismo",Vivienda,Cabecera municipal,Hombre,Hombre,(00 a 05) Primera Infancia,Soacha,Cluster 1
"Intolerancia, machismo",Vivienda,Cabecera municipal,Mujer,Hombre,(00 a 05) Primera Infancia,Soacha,Cluster 1
"Intolerancia, machismo",Vivienda,Cabecera municipal,Mujer,Hombre,(06 a 11) Infancia,Soacha,Cluster 1
"Intolerancia, machismo",Vivienda,Cabecera municipal,Mujer,Hombre,(18 a 28) Juventud,Soacha,Cluster 1
"Intolerancia, machismo",Vivienda,Cabecera municipal,Mujer,Hombre,(18 a 28) Juventud,Soacha,Cluster 1
Alcoholismo / drogadicción,Vivienda,Cabecera municipal,Hombre,Hombre,(18 a 28) Juventud,Soacha,Cluster 1
"Intolerancia, machismo",Otros,Cabecera municipal,Hombre,Hombre,(29 a 59) Adultez,Soacha,Cluster 3
Alcoholismo / drogadicción,Vivienda,Cabecera municipal,Mujer,Hombre,(Más de 60) Adulto Mayor,Soacha,Cluster 1
"Intolerancia, machismo",Vía Pública,Cabecera municipal,Hombre,Hombre,(29 a 59) Adultez,Soacha,Cluster 1
Alcoholismo / drogadicción,Vía Pública,Cabecera municipal,Hombre,Hombre,(Más de 60) Adulto Mayor,Soacha,Cluster 1
Alcoholismo / drogadicción,Vía Pública,Cabecera municipal,Mujer,Hombre,(29 a 59) Adultez,Soacha,Cluster 1
"Celos, desconfianza, infidelidad",Vivienda,Cabecera municipal,Mujer,Hombre,(12 a 17) Adolescencia,Soacha,Cluster 1
"Intolerancia, machismo",Vía Pública,Cabecera municipal,Mujer,Mujer,(18 a 28) Juventud,Soacha,Cluster 1
"Intolerancia, machismo",Vía Pública,Cabecera municipal,Hombre,Hombre,(29 a 59) Adultez,Soacha,Cluster 1
Alcoholismo / drogadicción,Vivienda,Cabecera municipal,Mujer,Mujer,(29 a 59) Adultez,Soacha,Cluster 1
"Intolerancia, machismo",Vía Pública,Cabecera municipal,Mujer,Hombre,(Más de 60) Adulto Mayor,Soacha,Cluster 1
"Intolerancia, machismo",Vivienda,Cabecera municipal,Mujer,Hombre,(29 a 59) Adultez,Soacha,Cluster 1
"Intolerancia, machismo",Vivienda,Cabecera municipal,Hombre,Hombre,(18 a 28) Juventud,Soacha,Cluster 1
"Intolerancia, machismo",Vivienda,Cabecera municipal,Mujer,Hombre,(18 a 28) Juventud,Soacha,Cluster 1
"Intolerancia, machismo",Vivienda,Cabecera municipal,Mujer,Hombre,(18 a 28) Juventud,Soacha,Cluster 1
"Intolerancia, machismo",Vivienda,Cabecera municipal,Mujer,Hombre,(06 a 11) Infancia,Soacha,Cluster 1
"Intolerancia, machismo",Vivienda,Cabecera municipal,Hombre,Hombre,(29 a 59) Adultez,Soacha,Cluster 1
"Intolerancia, machismo",Vivienda,Cabecera municipal,Hombre,Hombre,(29 a 59) Adultez,Soacha,Cluster 1
Alcoholismo / drogadicción,"Calle (Autopista,Avenida,Dentro de La Ciudad)",Cabecera municipal,Hombre,Hombre,(29 a 59) Adultez,Soacha,Cluster 2
"Intolerancia, machismo","Lugares de Hospedaje (Hoteles,Campamentos Y Otros Tipos de Hospedaje No Permanente,Moteles,Etc)",Cabecera municipal,Hombre,Hombre,(06 a 11) Infancia,Soacha,Cluster 3
"Intolerancia, machismo",Vivienda,Cabecera municipal,Hombre,Hombre,(12 a 17) Adolescencia,Chía,Cluster 1
"Intolerancia, machismo",Vivienda,Cabecera municipal,Mujer,Hombre,(29 a 59) Adultez,Chía,Cluster 1
"Intolerancia, machismo",Vivienda,Parte rural (vereda y campo),Mujer,Mujer,(29 a 59) Adultez,Chía,Cluster 1
"Intolerancia, machismo",Vivienda,Sin información,Hombre,Hombre,(18 a 28) Juventud,Chía,Cluster 1
Sin información,Vivienda,Parte rural (vereda y campo),Hombre,Mujer,(06 a 11) Infancia,Chía,Cluster 1
Sin información,Vivienda,"Centro poblado(corregimiento, inspección de policía y caserío)",Mujer,Mujer,(12 a 17) Adolescencia,Chía,Cluster 1
Sin información,Vivienda,Cabecera municipal,Mujer,Hombre,(12 a 17) Adolescencia,Guaduas,Cluster 1
Sin información,Vivienda,"Centro poblado(corregimiento, inspección de policía y caserío)",Hombre,Hombre,(12 a 17) Adolescencia,Guaduas,Cluster 1
"Intolerancia, machismo",Vivienda,Cabecera municipal,Mujer,Hombre,(12 a 17) Adolescencia,Cajicá,Cluster 1
"Intolerancia, machismo",Vivienda,Cabecera municipal,Mujer,Hombre,(18 a 28) Juventud,Cajicá,Cluster 1
"Intolerancia, machismo",Vivienda,Cabecera municipal,Hombre,Mujer,(12 a 17) Adolescencia,Soacha,Cluster 1
Sin información,Vivienda,Cabecera municipal,Mujer,Mujer,(12 a 17) Adolescencia,Soacha,Cluster 1
"Intolerancia, machismo",Vivienda,Cabecera municipal,Hombre,Hombre,(06 a 11) Infancia,Soacha,Cluster 1
"Intolerancia, machismo",Vivienda,Cabecera municipal,Hombre,Hombre,(00 a 05) Primera Infancia,Soacha,Cluster 1
"Intolerancia, machismo",Vivienda,Cabecera municipal,Mujer,Hombre,(00 a 05) Primera Infancia,Soacha,Cluster 1
"Celos, desconfianza, infidelidad","Calle (Autopista,Avenida,Dentro de La Ciudad)",Cabecera municipal,Hombre,Mujer,(06 a 11) Infancia,Soacha,Cluster 2
"Intolerancia, machismo",Vivienda,Cabecera municipal,Mujer,Hombre,(12 a 17) Adolescencia,Soacha,Cluster 1
"Intolerancia, machismo",Vivienda,Cabecera municipal,Mujer,Mujer,(18 a 28) Juventud,Girardot,Cluster 1
Alcoholismo / drogadicción,Vivienda,Cabecera municipal,Mujer,Hombre,(29 a 59) Adultez,Girardot,Cluster 1
"Intolerancia, machismo",Vivienda,Cabecera municipal,Mujer,Hombre,(12 a 17) Adolescencia,Girardot,Cluster 1
Alcoholismo / drogadicción,Vivienda,Cabecera municipal,Mujer,Hombre,(18 a 28) Juventud,Girardot,Cluster 1
"Intolerancia, machismo",Vivienda,Cabecera municipal,Mujer,Hombre,(12 a 17) Adolescencia,Girardot,Cluster 1
"Intolerancia, machismo",Vivienda,Cabecera municipal,Hombre,Hombre,(29 a 59) Adultez,Girardot,Cluster 1
"Intolerancia, machismo",Vivienda,Cabecera municipal,Mujer,Mujer,(18 a 28) Juventud,Girardot,Cluster 1
"Intolerancia, machismo",Vivienda,Cabecera municipal,Hombre,Hombre,(00 a 05) Primera Infancia,Soacha,Cluster 1
"Intolerancia, machismo",Vivienda,Cabecera municipal,Hombre,Hombre,(29 a 59) Adultez,Soacha,Cluster 1
"Intolerancia, machismo",Vía Pública,Cabecera municipal,Hombre,Hombre,(18 a 28) Juventud,Soacha,Cluster 1
"Intolerancia, machismo",Vivienda,Cabecera municipal,Hombre,Hombre,(18 a 28) Juventud,Soacha,Cluster 1
"Intolerancia, machismo",Vivienda,Cabecera municipal,Hombre,Hombre,(18 a 28) Juventud,Soacha,Cluster 1
"Intolerancia, machismo",Vivienda,Cabecera municipal,Mujer,Hombre,(12 a 17) Adolescencia,Soacha,Cluster 1
"Intolerancia, machismo",Vivienda,Cabecera municipal,Hombre,Mujer,(06 a 11) Infancia,Soacha,Cluster 1
"Intolerancia, machismo",Vivienda,Cabecera municipal,Mujer,Hombre,(12 a 17) Adolescencia,Soacha,Cluster 1
"Intolerancia, machismo",Vivienda,Cabecera municipal,Hombre,Hombre,(29 a 59) Adultez,Soacha,Cluster 1
"Intolerancia, machismo",Vivienda,Cabecera municipal,Hombre,Hombre,(Más de 60) Adulto Mayor,Soacha,Cluster 1
"Intolerancia, machismo",Vivienda,Cabecera municipal,Hombre,Hombre,(06 a 11) Infancia,Soacha,Cluster 1
"Intolerancia, machismo",Vivienda,Cabecera municipal,Mujer,Hombre,(12 a 17) Adolescencia,Soacha,Cluster 1
"Intolerancia, machismo",Vivienda,Cabecera municipal,Mujer,Hombre,(12 a 17) Adolescencia,Soacha,Cluster 1
"Intolerancia, machismo",Vivienda,Cabecera municipal,Hombre,Hombre,(06 a 11) Infancia,Soacha,Cluster 1
"Intolerancia, machismo",Vía Pública,Cabecera municipal,Mujer,Hombre,(29 a 59) Adultez,Soacha,Cluster 1
"Celos, desconfianza, infidelidad",Vivienda,Cabecera municipal,Hombre,Hombre,(18 a 28) Juventud,Soacha,Cluster 1
"Intolerancia, machismo",Vivienda,Parte rural (vereda y campo),Mujer,Hombre,(Más de 60) Adulto Mayor,Soacha,Cluster 1
"Intolerancia, machismo",Vivienda,Cabecera municipal,Hombre,Hombre,(12 a 17) Adolescencia,Soacha,Cluster 1
"Intolerancia, machismo",Vivienda,Cabecera municipal,Hombre,Hombre,(12 a 17) Adolescencia,Soacha,Cluster 1
"Intolerancia, machismo",Vivienda,Cabecera municipal,Hombre,Hombre,(Más de 60) Adulto Mayor,Soacha,Cluster 1
"Intolerancia, machismo","Lugares de Hospedaje (Hoteles,Campamentos Y Otros Tipos de Hospedaje No Permanente,Moteles,Etc)",Cabecera municipal,Mujer,Mujer,(18 a 28) Juventud,Soacha,Cluster 3
"Celos, desconfianza, infidelidad",Áreas Deportivas y/o Recreativas,Parte rural (vereda y campo),Mujer,Hombre,(12 a 17) Adolescencia,Chía,Cluster 1
"Intolerancia, machismo",Vivienda,Parte rural (vereda y campo),Mujer,Mujer,(18 a 28) Juventud,Chía,Cluster 1
"Intolerancia, machismo","Establecimiento Comercial (Tienda,Centro Comercial,Almacén,Plaza de Mercado)",Cabecera municipal,Hombre,Mujer,(29 a 59) Adultez,Chía,Cluster 2
"Intolerancia, machismo","Establecimiento Comercial (Tienda,Centro Comercial,Almacén,Plaza de Mercado)",Cabecera municipal,Mujer,Hombre,(29 a 59) Adultez,Chía,Cluster 2
"Intolerancia, machismo",Vivienda,Cabecera municipal,Hombre,Mujer,(12 a 17) Adolescencia,Chía,Cluster 1
Sin información,Vivienda,Cabecera municipal,Hombre,Mujer,(00 a 05) Primera Infancia,Guaduas,Cluster 1
"Intolerancia, machismo",Vivienda,Cabecera municipal,Mujer,Hombre,(29 a 59) Adultez,Cajicá,Cluster 1
"Intolerancia, machismo",Vivienda,"Centro poblado(corregimiento, inspección de policía y caserío)",Hombre,Hombre,(00 a 05) Primera Infancia,Soacha,Cluster 1
Alcoholismo / drogadicción,Vivienda,Cabecera municipal,Hombre,Hombre,(06 a 11) Infancia,Girardot,Cluster 1
"Intolerancia, machismo",Lugares de Esparcimiento con Expendio de Alcohol,"Centro poblado(corregimiento, inspección de policía y caserío)",Hombre,Hombre,(29 a 59) Adultez,Girardot,Cluster 3
"Intolerancia, machismo",Vivienda,Cabecera municipal,Hombre,Hombre,(29 a 59) Adultez,Soacha,Cluster 1
"Intolerancia, machismo",Vivienda,Cabecera municipal,Mujer,Hombre,(29 a 59) Adultez,Soacha,Cluster 1
"Intolerancia, machismo",Vivienda,Cabecera municipal,Mujer,Hombre,(29 a 59) Adultez,Soacha,Cluster 1
"Intolerancia, machismo",Vivienda,Cabecera municipal,Mujer,Hombre,(18 a 28) Juventud,Soacha,Cluster 1
"Intolerancia, machismo",Vivienda,Cabecera municipal,Mujer,Mujer,(29 a 59) Adultez,Soacha,Cluster 1
"Intolerancia, machismo",Vivienda,Cabecera municipal,Hombre,Hombre,(29 a 59) Adultez,Soacha,Cluster 1
Sin información,Vivienda,Cabecera municipal,Mujer,Hombre,(29 a 59) Adultez,Soacha,Cluster 1
"Intolerancia, machismo",Vivienda,Cabecera municipal,Mujer,Hombre,(29 a 59) Adultez,Soacha,Cluster 1
"Intolerancia, machismo",Vivienda,Cabecera municipal,Mujer,Mujer,(29 a 59) Adultez,Soacha,Cluster 1
"Intolerancia, machismo",Vivienda,Cabecera municipal,Mujer,Hombre,(06 a 11) Infancia,Soacha,Cluster 1
"Intolerancia, machismo",Vivienda,Cabecera municipal,Hombre,Hombre,(Más de 60) Adulto Mayor,Soacha,Cluster 1
"Intolerancia, machismo",Vivienda,Cabecera municipal,Hombre,Hombre,(18 a 28) Juventud,Soacha,Cluster 1
"Intolerancia, machismo",Vivienda,Parte rural (vereda y campo),Mujer,Hombre,(29 a 59) Adultez,Soacha,Cluster 1
"Intolerancia, machismo",Vivienda,Cabecera municipal,Mujer,Hombre,(29 a 59) Adultez,Soacha,Cluster 1
"Intolerancia, machismo",Vivienda,Cabecera municipal,Hombre,Hombre,(12 a 17) Adolescencia,Soacha,Cluster 1
"Intolerancia, machismo",Vivienda,Cabecera municipal,Mujer,Hombre,(29 a 59) Adultez,Soacha,Cluster 1
Alcoholismo / drogadicción,Vivienda,Cabecera municipal,Mujer,Hombre,(29 a 59) Adultez,Soacha,Cluster 1
"Intolerancia, machismo",Vivienda,Cabecera municipal,Hombre,Hombre,(12 a 17) Adolescencia,Soacha,Cluster 1
Sin información,Vivienda,Cabecera municipal,Mujer,Mujer,(29 a 59) Adultez,Girardot,Cluster 1
"Intolerancia, machismo",Vivienda,Parte rural (vereda y campo),Hombre,Hombre,(06 a 11) Infancia,Chía,Cluster 1
Alcoholismo / drogadicción,Vivienda,Parte rural (vereda y campo),Hombre,Mujer,(Más de 60) Adulto Mayor,Pacho,Cluster 1
Sin información,Vivienda,Cabecera municipal,Hombre,Hombre,(00 a 05) Primera Infancia,Chía,Cluster 1
Sin información,Vivienda,Parte rural (vereda y campo),Mujer,Hombre,(12 a 17) Adolescencia,Chía,Cluster 1
Sin información,Vivienda,"Centro poblado(corregimiento, inspección de policía y caserío)",Hombre,Hombre,(06 a 11) Infancia,Chía,Cluster 1
Sin información,Vivienda,Parte rural (vereda y campo),Mujer,Hombre,(18 a 28) Juventud,Chía,Cluster 1
Sin información,Vivienda,"Centro poblado(corregimiento, inspección de policía y caserío)",Hombre,Hombre,(06 a 11) Infancia,Chía,Cluster 1
"Intolerancia, machismo",Vivienda,Cabecera municipal,Mujer,Hombre,(12 a 17) Adolescencia,Chía,Cluster 1
"Intolerancia, machismo",Vivienda,Cabecera municipal,Hombre,Mujer,(06 a 11) Infancia,Chía,Cluster 1
Sin información,Sin Información,Cabecera municipal,Mujer,Mujer,(00 a 05) Primera Infancia,Cajicá,Cluster 3
Sin información,Vivienda,Cabecera municipal,Hombre,Mujer,(06 a 11) Infancia,Cajicá,Cluster 1
"Intolerancia, machismo",Vivienda,Cabecera municipal,Hombre,Mujer,(06 a 11) Infancia,Cajicá,Cluster 1
Alcoholismo / drogadicción,Vivienda,Cabecera municipal,Hombre,Hombre,(29 a 59) Adultez,Cajicá,Cluster 1
"Intolerancia, machismo",Vivienda,Cabecera municipal,Hombre,Mujer,(29 a 59) Adultez,Cajicá,Cluster 1
Sin información,Vivienda,Cabecera municipal,Mujer,Hombre,(29 a 59) Adultez,Cajicá,Cluster 1
Alcoholismo / drogadicción,Vivienda,Cabecera municipal,Mujer,Hombre,(18 a 28) Juventud,Cajicá,Cluster 1
Sin información,Vivienda,Cabecera municipal,Mujer,Mujer,(00 a 05) Primera Infancia,Cajicá,Cluster 1
Sin información,Vivienda,Cabecera municipal,Hombre,Hombre,(00 a 05) Primera Infancia,Cajicá,Cluster 1
"Intolerancia, machismo",Vivienda,Cabecera municipal,Mujer,Mujer,(18 a 28) Juventud,Soacha,Cluster 1
Alcoholismo / drogadicción,Vivienda,"Centro poblado(corregimiento, inspección de policía y caserío)",Hombre,Hombre,(29 a 59) Adultez,Soacha,Cluster 1
Sin información,Vivienda,Cabecera municipal,Mujer,Mujer,(06 a 11) Infancia,Soacha,Cluster 1
"Intolerancia, machismo",Vivienda,Cabecera municipal,Mujer,Mujer,(00 a 05) Primera Infancia,Soacha,Cluster 1
"Intolerancia, machismo","Calle (Autopista,Avenida,Dentro de La Ciudad)",Cabecera municipal,Mujer,Mujer,(18 a 28) Juventud,Girardot,Cluster 2
"Intolerancia, machismo",Vivienda,Cabecera municipal,Hombre,Mujer,(29 a 59) Adultez,Girardot,Cluster 1
"Intolerancia, machismo",Vivienda,Cabecera municipal,Mujer,Hombre,(06 a 11) Infancia,Girardot,Cluster 1
"Intolerancia, machismo",Vivienda,Cabecera municipal,Mujer,Hombre,(29 a 59) Adultez,Girardot,Cluster 1
"Intolerancia, machismo",Vía Pública,Cabecera municipal,Mujer,Hombre,(18 a 28) Juventud,Girardot,Cluster 1
"Intolerancia, machismo","Calle (Autopista,Avenida,Dentro de La Ciudad)",Cabecera municipal,Hombre,Hombre,(12 a 17) Adolescencia,Girardot,Cluster 2
Alcoholismo / drogadicción,"Calle (Autopista,Avenida,Dentro de La Ciudad)",Cabecera municipal,Hombre,Hombre,(29 a 59) Adultez,Girardot,Cluster 2
"Intolerancia, machismo",Vivienda,Cabecera municipal,Mujer,Hombre,(12 a 17) Adolescencia,Girardot,Cluster 1
"Intolerancia, machismo","Calle (Autopista,Avenida,Dentro de La Ciudad)",Cabecera municipal,Mujer,Hombre,(00 a 05) Primera Infancia,Girardot,Cluster 2
Alcoholismo / drogadicción,Vivienda,Cabecera municipal,Mujer,Hombre,(18 a 28) Juventud,Soacha,Cluster 1
"Intolerancia, machismo",Vía Pública,Cabecera municipal,Mujer,Hombre,(29 a 59) Adultez,Soacha,Cluster 1
"Intolerancia, machismo",Vivienda,Cabecera municipal,Hombre,Hombre,(06 a 11) Infancia,Soacha,Cluster 1
"Intolerancia, machismo",Vía Pública,Cabecera municipal,Mujer,Mujer,(18 a 28) Juventud,Soacha,Cluster 1
"Intolerancia, machismo",Vivienda,Cabecera municipal,Mujer,Mujer,(Más de 60) Adulto Mayor,Soacha,Cluster 1
Alcoholismo / drogadicción,Vivienda,Cabecera municipal,Hombre,Hombre,(Más de 60) Adulto Mayor,Soacha,Cluster 1
"Intolerancia, machismo",Vivienda,Cabecera municipal,Hombre,Hombre,(29 a 59) Adultez,Soacha,Cluster 1
"Intolerancia, machismo",Vivienda,Cabecera municipal,Mujer,Hombre,(29 a 59) Adultez,Soacha,Cluster 1
"Intolerancia, machismo",Vivienda,Cabecera municipal,Mujer,Mujer,(12 a 17) Adolescencia,Soacha,Cluster 1
"Intolerancia, machismo",Vivienda,Cabecera municipal,Mujer,Hombre,(29 a 59) Adultez,Soacha,Cluster 1
"Intolerancia, machismo",Vivienda,Cabecera municipal,Hombre,Hombre,(Más de 60) Adulto Mayor,Soacha,Cluster 1
"Intolerancia, machismo",Vivienda,Cabecera municipal,Hombre,Hombre,(Más de 60) Adulto Mayor,Soacha,Cluster 1
"Intolerancia, machismo",Vía Pública,Cabecera municipal,Hombre,Hombre,(12 a 17) Adolescencia,Soacha,Cluster 1
"Intolerancia, machismo",Vía Pública,Cabecera municipal,Mujer,Mujer,(18 a 28) Juventud,Soacha,Cluster 1
"Intolerancia, machismo",Vivienda,Cabecera municipal,Hombre,Hombre,(00 a 05) Primera Infancia,Soacha,Cluster 1
"Intolerancia, machismo",Vivienda,Cabecera municipal,Hombre,Hombre,(29 a 59) Adultez,Soacha,Cluster 1
"Celos, desconfianza, infidelidad",Vivienda,Cabecera municipal,Hombre,Hombre,(06 a 11) Infancia,Soacha,Cluster 1
"Intolerancia, machismo",Vivienda,Cabecera municipal,Mujer,Hombre,(18 a 28) Juventud,Soacha,Cluster 1
Alcoholismo / drogadicción,Vía Pública,Cabecera municipal,Mujer,Hombre,(29 a 59) Adultez,Soacha,Cluster 1
"Intolerancia, machismo",Vivienda,Cabecera municipal,Mujer,Hombre,(18 a 28) Juventud,Soacha,Cluster 1
Alcoholismo / drogadicción,Vivienda,Cabecera municipal,Mujer,Hombre,(29 a 59) Adultez,Soacha,Cluster 1
"Intolerancia, machismo",Vivienda,Cabecera municipal,Hombre,Hombre,(12 a 17) Adolescencia,Soacha,Cluster 1
"Intolerancia, machismo",Vivienda,Cabecera municipal,Hombre,Hombre,(29 a 59) Adultez,Soacha,Cluster 1
"Intolerancia, machismo",Vivienda,Cabecera municipal,Mujer,Hombre,(18 a 28) Juventud,Soacha,Cluster 1
"Intolerancia, machismo",Vivienda,Cabecera municipal,Hombre,Hombre,(12 a 17) Adolescencia,Soacha,Cluster 1
"Intolerancia, machismo",Vía Pública,Cabecera municipal,Mujer,Mujer,(29 a 59) Adultez,Soacha,Cluster 1
"Intolerancia, machismo",Vía Pública,Cabecera municipal,Mujer,Mujer,(18 a 28) Juventud,Soacha,Cluster 1
"Intolerancia, machismo",Áreas Deportivas y/o Recreativas,Cabecera municipal,Hombre,Mujer,(18 a 28) Juventud,Soacha,Cluster 1
"Intolerancia, machismo",Vivienda,Cabecera municipal,Mujer,Hombre,(29 a 59) Adultez,Soacha,Cluster 1
"Intolerancia, machismo",Vivienda,Cabecera municipal,Hombre,Hombre,(29 a 59) Adultez,Soacha,Cluster 1
"Intolerancia, machismo",Vivienda,"Centro poblado(corregimiento, inspección de policía y caserío)",Hombre,Hombre,(18 a 28) Juventud,Soacha,Cluster 1
"Intolerancia, machismo",Vivienda,Cabecera municipal,Hombre,Mujer,(18 a 28) Juventud,Soacha,Cluster 1
"Intolerancia, machismo","Lugares de Hospedaje (Hoteles,Campamentos Y Otros Tipos de Hospedaje No Permanente,Moteles,Etc)",Cabecera municipal,Hombre,Hombre,(06 a 11) Infancia,Chía,Cluster 3
"Intolerancia, machismo","Lugares de Hospedaje (Hoteles,Campamentos Y Otros Tipos de Hospedaje No Permanente,Moteles,Etc)","Centro poblado(corregimiento, inspección de policía y caserío)",Hombre,Hombre,(00 a 05) Primera Infancia,Soacha,Cluster 3
"Intolerancia, machismo","Calle (Autopista,Avenida,Dentro de La Ciudad)",Cabecera municipal,Mujer,Hombre,(12 a 17) Adolescencia,Chía,Cluster 2
"Intolerancia, machismo",Vivienda,Cabecera municipal,Mujer,Hombre,(06 a 11) Infancia,Chía,Cluster 1
"Intolerancia, machismo",Vivienda,Cabecera municipal,Hombre,Hombre,(18 a 28) Juventud,Chía,Cluster 1
Alcoholismo / drogadicción,"Establecimiento Comercial (Tienda,Centro Comercial,Almacén,Plaza de Mercado)",Cabecera municipal,Mujer,Hombre,(29 a 59) Adultez,Chía,Cluster 2
Alcoholismo / drogadicción,Vivienda,"Centro poblado(corregimiento, inspección de policía y caserío)",Hombre,Hombre,(18 a 28) Juventud,Chía,Cluster 1
"Intolerancia, machismo",Vivienda,Parte rural (vereda y campo),Hombre,Mujer,(06 a 11) Infancia,Chía,Cluster 1
"Intolerancia, machismo",Vivienda,Cabecera municipal,Hombre,Hombre,(06 a 11) Infancia,Cajicá,Cluster 1
Sin información,"Establecimiento Comercial (Tienda,Centro Comercial,Almacén,Plaza de Mercado)",Cabecera municipal,Mujer,Mujer,(29 a 59) Adultez,Cajicá,Cluster 2
Sin información,Vivienda,Cabecera municipal,Hombre,Hombre,(18 a 28) Juventud,Cajicá,Cluster 1
"Intolerancia, machismo",Vivienda,Cabecera municipal,Mujer,Mujer,(00 a 05) Primera Infancia,Cajicá,Cluster 1
"Intolerancia, machismo",Vivienda,Parte rural (vereda y campo),Mujer,Mujer,(29 a 59) Adultez,Cota,Cluster 1
"Intolerancia, machismo",Vivienda,Cabecera municipal,Hombre,Hombre,(29 a 59) Adultez,Girardot,Cluster 1
Alcoholismo / drogadicción,Vivienda,Cabecera municipal,Mujer,Hombre,(06 a 11) Infancia,Girardot,Cluster 1
Alcoholismo / drogadicción,Vivienda,Cabecera municipal,Mujer,Mujer,(29 a 59) Adultez,Girardot,Cluster 1
"Intolerancia, machismo",Vivienda,Cabecera municipal,Hombre,Hombre,(29 a 59) Adultez,Girardot,Cluster 1
"Intolerancia, machismo",Vía Pública,Cabecera municipal,Mujer,Mujer,(18 a 28) Juventud,Girardot,Cluster 1
"Intolerancia, machismo",Vivienda,Cabecera municipal,Mujer,Hombre,(29 a 59) Adultez,Soacha,Cluster 1
"Intolerancia, machismo",Vía Pública,Cabecera municipal,Hombre,Hombre,(29 a 59) Adultez,Soacha,Cluster 1
"Intolerancia, machismo",Vivienda,Cabecera municipal,Mujer,Hombre,(29 a 59) Adultez,Soacha,Cluster 1
"Intolerancia, machismo",Vivienda,Cabecera municipal,Mujer,Hombre,(29 a 59) Adultez,Soacha,Cluster 1
"Intolerancia, machismo",Vivienda,Cabecera municipal,Mujer,Mujer,(29 a 59) Adultez,Soacha,Cluster 1
"Intolerancia, machismo",Lugares de Esparcimiento con Expendio de Alcohol,Cabecera municipal,Hombre,Hombre,(18 a 28) Juventud,Soacha,Cluster 3
"Intolerancia, machismo",Vía Pública,Cabecera municipal,Hombre,Hombre,(29 a 59) Adultez,Soacha,Cluster 1
"Intolerancia, machismo","Establecimiento Comercial (Tienda,Centro Comercial,Almacén,Plaza de Mercado)",Cabecera municipal,Mujer,Hombre,(29 a 59) Adultez,Soacha,Cluster 2
"Intolerancia, machismo",Vivienda,Cabecera municipal,Mujer,Hombre,(12 a 17) Adolescencia,Soacha,Cluster 1
"Intolerancia, machismo",Vivienda,Cabecera municipal,Mujer,Hombre,(18 a 28) Juventud,Soacha,Cluster 1
"Intolerancia, machismo",Vivienda,Cabecera municipal,Mujer,Mujer,(29 a 59) Adultez,Soacha,Cluster 1
Alcoholismo / drogadicción,Vivienda,Cabecera municipal,Hombre,Hombre,(29 a 59) Adultez,Soacha,Cluster 1
"Intolerancia, machismo",Vivienda,Cabecera municipal,Hombre,Hombre,(12 a 17) Adolescencia,Soacha,Cluster 1
"Intolerancia, machismo",Vivienda,Cabecera municipal,Hombre,Hombre,(29 a 59) Adultez,Soacha,Cluster 1
"Intolerancia, machismo",Vivienda,Cabecera municipal,Hombre,Hombre,(29 a 59) Adultez,Soacha,Cluster 1
"Intolerancia, machismo",Vivienda,Cabecera municipal,Mujer,Hombre,(29 a 59) Adultez,Soacha,Cluster 1
"Intolerancia, machismo",Vivienda,Parte rural (vereda y campo),Hombre,Hombre,(29 a 59) Adultez,Soacha,Cluster 1
"Intolerancia, machismo",Vivienda,Cabecera municipal,Hombre,Hombre,(29 a 59) Adultez,Soacha,Cluster 1
"Intolerancia, machismo",Vivienda,Cabecera municipal,Mujer,Hombre,(29 a 59) Adultez,Soacha,Cluster 1
Alcoholismo / drogadicción,Vivienda,Cabecera municipal,Mujer,Hombre,(18 a 28) Juventud,Soacha,Cluster 1
Sin información,"Calle (Autopista,Avenida,Dentro de La Ciudad)",Cabecera municipal,Hombre,Hombre,(18 a 28) Juventud,Chía,Cluster 2
"Intolerancia, machismo",Vivienda,Cabecera municipal,Mujer,Mujer,(Más de 60) Adulto Mayor,Chía,Cluster 1
"Intolerancia, machismo",Vivienda,Parte rural (vereda y campo),Hombre,Hombre,(Más de 60) Adulto Mayor,Chía,Cluster 1
"Intolerancia, machismo",Vivienda,"Centro poblado(corregimiento, inspección de policía y caserío)",Mujer,Hombre,(12 a 17) Adolescencia,Chía,Cluster 1
"Intolerancia, machismo",Vivienda,Cabecera municipal,Mujer,Mujer,(29 a 59) Adultez,Guaduas,Cluster 1
"Intolerancia, machismo",Vivienda,Cabecera municipal,Hombre,Mujer,(06 a 11) Infancia,Cajicá,Cluster 1
"Intolerancia, machismo",Vivienda,Cabecera municipal,Hombre,Mujer,(06 a 11) Infancia,Cajicá,Cluster 1
Alcoholismo / drogadicción,Vivienda,Cabecera municipal,Mujer,Hombre,(06 a 11) Infancia,Chía,Cluster 1
"Intolerancia, machismo",Vía Pública,Cabecera municipal,Hombre,Hombre,(18 a 28) Juventud,Girardot,Cluster 1
"Intolerancia, machismo",Vivienda,Cabecera municipal,Hombre,Mujer,(Más de 60) Adulto Mayor,Girardot,Cluster 1
"Intolerancia, machismo",Vivienda,Cabecera municipal,Mujer,Hombre,(18 a 28) Juventud,Girardot,Cluster 1
"Intolerancia, machismo",Vivienda,Cabecera municipal,Mujer,Mujer,(29 a 59) Adultez,Girardot,Cluster 1
Alcoholismo / drogadicción,Vivienda,Cabecera municipal,Hombre,Hombre,(12 a 17) Adolescencia,Soacha,Cluster 1
"Intolerancia, machismo",Vivienda,Cabecera municipal,Hombre,Hombre,(18 a 28) Juventud,Soacha,Cluster 1
"Intolerancia, machismo",Vivienda,Cabecera municipal,Mujer,Hombre,(06 a 11) Infancia,Soacha,Cluster 1
"Intolerancia, machismo",Vía Pública,Cabecera municipal,Hombre,Hombre,(29 a 59) Adultez,Soacha,Cluster 1
"Intolerancia, machismo",Vivienda,Cabecera municipal,Hombre,Hombre,(29 a 59) Adultez,Soacha,Cluster 1
"Intolerancia, machismo",Vivienda,Cabecera municipal,Mujer,Hombre,(06 a 11) Infancia,Soacha,Cluster 1
Alcoholismo / drogadicción,Vivienda,Cabecera municipal,Mujer,Hombre,(18 a 28) Juventud,Soacha,Cluster 1
"Intolerancia, machismo",Vía Pública,Cabecera municipal,Hombre,Hombre,(18 a 28) Juventud,Soacha,Cluster 1
"Intolerancia, machismo",Vivienda,Cabecera municipal,Mujer,Hombre,(18 a 28) Juventud,Soacha,Cluster 1
"Intolerancia, machismo",Vivienda,Cabecera municipal,Hombre,Hombre,(29 a 59) Adultez,Soacha,Cluster 1
"Intolerancia, machismo",Vivienda,"Centro poblado(corregimiento, inspección de policía y caserío)",Mujer,Hombre,(29 a 59) Adultez,Soacha,Cluster 1
Alcoholismo / drogadicción,Vivienda,Cabecera municipal,Mujer,Hombre,(12 a 17) Adolescencia,Soacha,Cluster 1
Alcoholismo / drogadicción,Vivienda,Cabecera municipal,Hombre,Hombre,(06 a 11) Infancia,Soacha,Cluster 1
"Intolerancia, machismo",Vivienda,Cabecera municipal,Mujer,Hombre,(29 a 59) Adultez,Soacha,Cluster 1
Alcoholismo / drogadicción,Vivienda,Cabecera municipal,Hombre,Hombre,(Más de 60) Adulto Mayor,Soacha,Cluster 1
"Intolerancia, machismo",Vivienda,Cabecera municipal,Hombre,Mujer,(06 a 11) Infancia,Soacha,Cluster 1
"Intolerancia, machismo",Vivienda,Cabecera municipal,Mujer,Hombre,(18 a 28) Juventud,Soacha,Cluster 1
"Intolerancia, machismo",Vivienda,Cabecera municipal,Mujer,Hombre,(29 a 59) Adultez,Soacha,Cluster 1
"Intolerancia, machismo",Vivienda,Cabecera municipal,Hombre,Hombre,(06 a 11) Infancia,Soacha,Cluster 1
"Intolerancia, machismo",Vivienda,Cabecera municipal,Mujer,Hombre,(12 a 17) Adolescencia,Soacha,Cluster 1
"Intolerancia, machismo",Vivienda,Cabecera municipal,Hombre,Hombre,(18 a 28) Juventud,Soacha,Cluster 1
Sin información,Vivienda,Cabecera municipal,Hombre,Hombre,(12 a 17) Adolescencia,Soacha,Cluster 1
"Intolerancia, machismo",Vivienda,Cabecera municipal,Hombre,Hombre,(29 a 59) Adultez,Soacha,Cluster 1
"Intolerancia, machismo","Calle (Autopista,Avenida,Dentro de La Ciudad)",Cabecera municipal,Mujer,Hombre,(29 a 59) Adultez,Cajicá,Cluster 2
Alcoholismo / drogadicción,Vivienda,Parte rural (vereda y campo),Hombre,Hombre,(Más de 60) Adulto Mayor,Chía,Cluster 1
Alcoholismo / drogadicción,Vivienda,Parte rural (vereda y campo),Mujer,Hombre,(29 a 59) Adultez,Chía,Cluster 1
Sin información,Vivienda,Parte rural (vereda y campo),Mujer,Mujer,(06 a 11) Infancia,Chía,Cluster 1
Sin información,Vivienda,Parte rural (vereda y campo),Mujer,Hombre,(Más de 60) Adulto Mayor,Chía,Cluster 1
Sin información,Vivienda,Parte rural (vereda y campo),Mujer,Hombre,(12 a 17) Adolescencia,Chía,Cluster 1
"Intolerancia, machismo",Vivienda,Cabecera municipal,Mujer,Mujer,(29 a 59) Adultez,Chía,Cluster 1
Sin información,Vivienda,Cabecera municipal,Mujer,Mujer,(Más de 60) Adulto Mayor,Chía,Cluster 1
"Intolerancia, machismo",Vivienda,Cabecera municipal,Mujer,Hombre,(00 a 05) Primera Infancia,Cajicá,Cluster 1
"Intolerancia, machismo",Vivienda,Cabecera municipal,Mujer,Mujer,(29 a 59) Adultez,Cajicá,Cluster 1
"Intolerancia, machismo",Vivienda,Cabecera municipal,Mujer,Hombre,(12 a 17) Adolescencia,Cajicá,Cluster 1
Sin información,Vivienda,"Centro poblado(corregimiento, inspección de policía y caserío)",Mujer,Mujer,(29 a 59) Adultez,Cajicá,Cluster 1
Alcoholismo / drogadicción,"Calle (Autopista,Avenida,Dentro de La Ciudad)",Cabecera municipal,Hombre,Hombre,(18 a 28) Juventud,Cajicá,Cluster 2
"Intolerancia, machismo",Vivienda,Cabecera municipal,Hombre,Hombre,(06 a 11) Infancia,Soacha,Cluster 1
Sin información,Vivienda,Cabecera municipal,Hombre,Mujer,(29 a 59) Adultez,Girardot,Cluster 1
Alcoholismo / drogadicción,Vivienda,Cabecera municipal,Hombre,Hombre,(18 a 28) Juventud,Girardot,Cluster 1
"Intolerancia, machismo",Vivienda,Cabecera municipal,Hombre,Hombre,(29 a 59) Adultez,Girardot,Cluster 1
"Intolerancia, machismo",Vivienda,Cabecera municipal,Mujer,Hombre,(29 a 59) Adultez,Girardot,Cluster 1
"Intolerancia, machismo",Vivienda,Cabecera municipal,Mujer,Hombre,(29 a 59) Adultez,Girardot,Cluster 1
"Intolerancia, machismo",Vivienda,Cabecera municipal,Hombre,Mujer,(29 a 59) Adultez,Soacha,Cluster 1
Alcoholismo / drogadicción,Vivienda,Cabecera municipal,Hombre,Hombre,(18 a 28) Juventud,Soacha,Cluster 1
"Intolerancia, machismo",Vivienda,Cabecera municipal,Mujer,Hombre,(18 a 28) Juventud,Soacha,Cluster 1
Alcoholismo / drogadicción,Vivienda,Cabecera municipal,Mujer,Hombre,(29 a 59) Adultez,Soacha,Cluster 1
"Intolerancia, machismo",Vivienda,Cabecera municipal,Mujer,Hombre,(06 a 11) Infancia,Soacha,Cluster 1
"Intolerancia, machismo",Vía Pública,Cabecera municipal,Hombre,Hombre,(18 a 28) Juventud,Soacha,Cluster 1
"Intolerancia, machismo",Vivienda,Cabecera municipal,Hombre,Hombre,(12 a 17) Adolescencia,Soacha,Cluster 1
"Intolerancia, machismo",Vivienda,Cabecera municipal,Mujer,Hombre,(29 a 59) Adultez,Soacha,Cluster 1
Alcoholismo / drogadicción,Vivienda,Cabecera municipal,Mujer,Hombre,(00 a 05) Primera Infancia,Soacha,Cluster 1
"Intolerancia, machismo",Vivienda,Cabecera municipal,Mujer,Hombre,(00 a 05) Primera Infancia,Soacha,Cluster 1
Alcoholismo / drogadicción,Vivienda,Cabecera municipal,Mujer,Hombre,(29 a 59) Adultez,Soacha,Cluster 1
Alcoholismo / drogadicción,Vivienda,Cabecera municipal,Mujer,Hombre,(29 a 59) Adultez,Soacha,Cluster 1
"Intolerancia, machismo",Vivienda,Cabecera municipal,Hombre,Hombre,(29 a 59) Adultez,Soacha,Cluster 1
"Intolerancia, machismo",Vivienda,Cabecera municipal,Hombre,Hombre,(00 a 05) Primera Infancia,Soacha,Cluster 1
"Intolerancia, machismo",Vía Pública,Cabecera municipal,Mujer,Hombre,(18 a 28) Juventud,Soacha,Cluster 1
"Intolerancia, machismo",Vivienda,Cabecera municipal,Hombre,Hombre,(29 a 59) Adultez,Soacha,Cluster 1
"Intolerancia, machismo",Vivienda,Cabecera municipal,Hombre,Hombre,(29 a 59) Adultez,Soacha,Cluster 1
"Intolerancia, machismo",Vivienda,Cabecera municipal,Mujer,Hombre,(18 a 28) Juventud,Soacha,Cluster 1
"Intolerancia, machismo",Vivienda,Cabecera municipal,Mujer,Hombre,(29 a 59) Adultez,Soacha,Cluster 1
"Celos, desconfianza, infidelidad",Vivienda,Cabecera municipal,Mujer,Hombre,(29 a 59) Adultez,Soacha,Cluster 1
"Intolerancia, machismo",Vivienda,Cabecera municipal,Mujer,Hombre,(29 a 59) Adultez,Soacha,Cluster 1
Sin información,Vivienda,Cabecera municipal,Hombre,Mujer,(29 a 59) Adultez,Soacha,Cluster 1
Alcoholismo / drogadicción,"Calle (Autopista,Avenida,Dentro de La Ciudad)",Cabecera municipal,Hombre,Hombre,(18 a 28) Juventud,Soacha,Cluster 2
"Intolerancia, machismo",Vivienda,Cabecera municipal,Mujer,Hombre,(18 a 28) Juventud,Chía,Cluster 1
"Intolerancia, machismo","Establecimiento Comercial (Tienda,Centro Comercial,Almacén,Plaza de Mercado)",Cabecera municipal,Mujer,Mujer,(Más de 60) Adulto Mayor,Chía,Cluster 2
"Intolerancia, machismo",Vivienda,Cabecera municipal,Mujer,Mujer,(12 a 17) Adolescencia,Chía,Cluster 1
"Intolerancia, machismo",Vivienda,Cabecera municipal,Mujer,Mujer,(06 a 11) Infancia,Chía,Cluster 1
"Intolerancia, machismo",Vivienda,Cabecera municipal,Hombre,Hombre,(06 a 11) Infancia,Soacha,Cluster 1
"Intolerancia, machismo",Vivienda,Cabecera municipal,Hombre,Mujer,(18 a 28) Juventud,Girardot,Cluster 1
"Intolerancia, machismo",Vivienda,Cabecera municipal,Mujer,Hombre,(06 a 11) Infancia,Girardot,Cluster 1
Alcoholismo / drogadicción,Vivienda,Cabecera municipal,Hombre,Hombre,(06 a 11) Infancia,Girardot,Cluster 1
Alcoholismo / drogadicción,Vivienda,Cabecera municipal,Mujer,Hombre,(Más de 60) Adulto Mayor,Girardot,Cluster 1
"Intolerancia, machismo",Vivienda,Cabecera municipal,Hombre,Mujer,(00 a 05) Primera Infancia,Girardot,Cluster 1
"Intolerancia, machismo",Vivienda,Cabecera municipal,Hombre,Mujer,(18 a 28) Juventud,Soacha,Cluster 1
"Intolerancia, machismo",Vivienda,Cabecera municipal,Mujer,Hombre,(Más de 60) Adulto Mayor,Soacha,Cluster 1
"Intolerancia, machismo",Vivienda,Cabecera municipal,Hombre,Hombre,(Más de 60) Adulto Mayor,Soacha,Cluster 1
"Intolerancia, machismo",Vivienda,Cabecera municipal,Mujer,Hombre,(29 a 59) Adultez,Soacha,Cluster 1
"Intolerancia, machismo",Vivienda,Cabecera municipal,Mujer,Hombre,(12 a 17) Adolescencia,Soacha,Cluster 1
"Intolerancia, machismo",Vivienda,Cabecera municipal,Mujer,Hombre,(29 a 59) Adultez,Soacha,Cluster 1
"Intolerancia, machismo","Calle (Autopista,Avenida,Dentro de La Ciudad)",Cabecera municipal,Hombre,Hombre,(29 a 59) Adultez,Soacha,Cluster 2
"Intolerancia, machismo",Vivienda,Cabecera municipal,Hombre,Hombre,(18 a 28) Juventud,Soacha,Cluster 1
"Intolerancia, machismo",Vivienda,Cabecera municipal,Hombre,Hombre,(Más de 60) Adulto Mayor,Soacha,Cluster 1
"Intolerancia, machismo",Vivienda,Cabecera municipal,Hombre,Hombre,(29 a 59) Adultez,Soacha,Cluster 1
"Intolerancia, machismo",Vivienda,Cabecera municipal,Mujer,Hombre,(29 a 59) Adultez,Soacha,Cluster 1
Alcoholismo / drogadicción,Vivienda,Cabecera municipal,Mujer,Hombre,(29 a 59) Adultez,Soacha,Cluster 1
Alcoholismo / drogadicción,Vivienda,Cabecera municipal,Hombre,Hombre,(18 a 28) Juventud,Soacha,Cluster 1
"Intolerancia, machismo",Vivienda,Cabecera municipal,Hombre,Hombre,(12 a 17) Adolescencia,Soacha,Cluster 1
"Intolerancia, machismo",Vivienda,Cabecera municipal,Mujer,Hombre,(18 a 28) Juventud,Soacha,Cluster 1
"Intolerancia, machismo",Vivienda,Cabecera municipal,Mujer,Hombre,(06 a 11) Infancia,Soacha,Cluster 1
"Intolerancia, machismo",Vivienda,Cabecera municipal,Hombre,Hombre,(00 a 05) Primera Infancia,Soacha,Cluster 1
Sin información,Vivienda,Cabecera municipal,Hombre,Mujer,(29 a 59) Adultez,Soacha,Cluster 1
Alcoholismo / drogadicción,Vivienda,Cabecera municipal,Mujer,Hombre,(29 a 59) Adultez,Soacha,Cluster 1
Alcoholismo / drogadicción,Vivienda,Cabecera municipal,Mujer,Mujer,(29 a 59) Adultez,Girardot,Cluster 1
"Intolerancia, machismo",Vivienda,Cabecera municipal,Mujer,Hombre,(29 a 59) Adultez,Soacha,Cluster 1
Alcoholismo / drogadicción,Vivienda,Cabecera municipal,Mujer,Hombre,(29 a 59) Adultez,Soacha,Cluster 1
Alcoholismo / drogadicción,"Espacios Terrestres al Aire Libre (Bosque,Potrero,Montaña,Playa,Etc)",Cabecera municipal,Hombre,Hombre,(29 a 59) Adultez,Cajicá,Cluster 2
"Intolerancia, machismo","Calle (Autopista,Avenida,Dentro de La Ciudad)",Cabecera municipal,Hombre,Mujer,(00 a 05) Primera Infancia,Pacho,Cluster 2
"Intolerancia, machismo","Calle (Autopista,Avenida,Dentro de La Ciudad)",Cabecera municipal,Mujer,Mujer,(18 a 28) Juventud,Pacho,Cluster 2
"Intolerancia, machismo",Vivienda,Cabecera municipal,Hombre,Hombre,(29 a 59) Adultez,Chía,Cluster 1
"Intolerancia, machismo",Vivienda,Cabecera municipal,Mujer,Hombre,(29 a 59) Adultez,Chía,Cluster 1
Consumo de alcohol y/o sustancias psicoactivas,Vivienda,Cabecera municipal,Mujer,Hombre,(29 a 59) Adultez,Guaduas,Cluster 1
Enfermedad fisica o mental,Vivienda,Cabecera municipal,Hombre,Mujer,(12 a 17) Adolescencia,Cajicá,Cluster 1
"Intolerancia, machismo",Vivienda,Cabecera municipal,Mujer,Mujer,(18 a 28) Juventud,Girardot,Cluster 1
"Intolerancia, machismo",Vivienda,Cabecera municipal,Hombre,Hombre,(Más de 60) Adulto Mayor,Girardot,Cluster 1
"Intolerancia, machismo",Vía Pública,Cabecera municipal,Mujer,Hombre,(29 a 59) Adultez,Girardot,Cluster 1
"Intolerancia, machismo",Vivienda,Cabecera municipal,Hombre,Hombre,(29 a 59) Adultez,Girardot,Cluster 1
"Intolerancia, machismo",Vivienda,Cabecera municipal,Hombre,Hombre,(29 a 59) Adultez,Soacha,Cluster 1
Consumo de alcohol y/o sustancias psicoactivas,"Calle (Autopista,Avenida,Dentro de La Ciudad)",Cabecera municipal,Hombre,Hombre,(12 a 17) Adolescencia,Soacha,Cluster 2
"Intolerancia, machismo",Vía Pública,Cabecera municipal,Mujer,Mujer,(18 a 28) Juventud,Soacha,Cluster 1
Consumo de alcohol y/o sustancias psicoactivas,Vivienda,Cabecera municipal,Hombre,Hombre,(29 a 59) Adultez,Soacha,Cluster 1
"Intolerancia, machismo",Vivienda,Cabecera municipal,Mujer,Mujer,(18 a 28) Juventud,Soacha,Cluster 1
"Intolerancia, machismo",Vivienda,Cabecera municipal,Mujer,Hombre,(29 a 59) Adultez,Soacha,Cluster 1
"Intolerancia, machismo",Vivienda,Cabecera municipal,Hombre,Mujer,(29 a 59) Adultez,Soacha,Cluster 1
"Intolerancia, machismo",Vivienda,Cabecera municipal,Mujer,Hombre,(00 a 05) Primera Infancia,Soacha,Cluster 1
"Intolerancia, machismo",Vivienda,Cabecera municipal,Hombre,Hombre,(18 a 28) Juventud,Soacha,Cluster 1
"Intolerancia, machismo",Vivienda,Cabecera municipal,Hombre,Hombre,(Más de 60) Adulto Mayor,Soacha,Cluster 1
"Intolerancia, machismo",Vivienda,Cabecera municipal,Hombre,Hombre,(06 a 11) Infancia,Soacha,Cluster 1
"Intolerancia, machismo",Vía Pública,Cabecera municipal,Mujer,Mujer,(29 a 59) Adultez,Soacha,Cluster 1
"Intolerancia, machismo",Vía Pública,Cabecera municipal,Hombre,Hombre,(29 a 59) Adultez,Soacha,Cluster 1
"Intolerancia, machismo",Vivienda,Cabecera municipal,Hombre,Hombre,(18 a 28) Juventud,Soacha,Cluster 1
Consumo de alcohol y/o sustancias psicoactivas,Vivienda,Parte rural (vereda y campo),Hombre,Hombre,(29 a 59) Adultez,Soacha,Cluster 1
"Intolerancia, machismo",Vivienda,Parte rural (vereda y campo),Mujer,Hombre,(29 a 59) Adultez,Chía,Cluster 1
Consumo de alcohol y/o sustancias psicoactivas,Vivienda,Cabecera municipal,Mujer,Mujer,(29 a 59) Adultez,Chía,Cluster 1
"Intolerancia, machismo",Vivienda,Cabecera municipal,Hombre,Hombre,(12 a 17) Adolescencia,Chía,Cluster 1
Enfermedad fisica o mental,Estaciones de Servicio (Bombas de Gasolina),Parte rural (vereda y campo),Mujer,Hombre,(Más de 60) Adulto Mayor,Guaduas,Cluster 3
"Intolerancia, machismo",Vivienda,Cabecera municipal,Hombre,Mujer,(18 a 28) Juventud,Guaduas,Cluster 1
Sin información,Vivienda,"Centro poblado(corregimiento, inspección de policía y caserío)",Mujer,Mujer,(29 a 59) Adultez,Cajicá,Cluster 1
"Intolerancia, machismo",Vivienda,Cabecera municipal,Mujer,Mujer,(18 a 28) Juventud,Girardot,Cluster 1
"Intolerancia, machismo",Vía Pública,Cabecera municipal,Hombre,Hombre,(29 a 59) Adultez,Girardot,Cluster 1
"Intolerancia, machismo",Vivienda,Cabecera municipal,Hombre,Hombre,(12 a 17) Adolescencia,Girardot,Cluster 1
"Intolerancia, machismo",Vía Pública,Cabecera municipal,Mujer,Mujer,(29 a 59) Adultez,Girardot,Cluster 1
"Intolerancia, machismo",Vivienda,Cabecera municipal,Hombre,Hombre,(00 a 05) Primera Infancia,Girardot,Cluster 1
"Intolerancia, machismo",Vivienda,Cabecera municipal,Mujer,Mujer,(29 a 59) Adultez,Girardot,Cluster 1
"Intolerancia, machismo",Vivienda,Cabecera municipal,Mujer,Hombre,(18 a 28) Juventud,Soacha,Cluster 1
"Intolerancia, machismo",Vivienda,Cabecera municipal,Mujer,Mujer,(18 a 28) Juventud,Soacha,Cluster 1
"Intolerancia, machismo","Calle (Autopista,Avenida,Dentro de La Ciudad)",Cabecera municipal,Mujer,Hombre,(18 a 28) Juventud,Soacha,Cluster 2
"Intolerancia, machismo","Calle (Autopista,Avenida,Dentro de La Ciudad)",Cabecera municipal,Hombre,Hombre,(12 a 17) Adolescencia,Soacha,Cluster 2
"Intolerancia, machismo",Vivienda,Cabecera municipal,Mujer,Hombre,(29 a 59) Adultez,Soacha,Cluster 1
"Intolerancia, machismo",Vivienda,Cabecera municipal,Mujer,Hombre,(18 a 28) Juventud,Soacha,Cluster 1
"Intolerancia, machismo",Vivienda,Cabecera municipal,Hombre,Hombre,(Más de 60) Adulto Mayor,Soacha,Cluster 1
"Intolerancia, machismo",Vivienda,Cabecera municipal,Mujer,Hombre,(Más de 60) Adulto Mayor,Soacha,Cluster 1
"Intolerancia, machismo",Vía Pública,Cabecera municipal,Mujer,Hombre,(29 a 59) Adultez,Soacha,Cluster 1
"Intolerancia, machismo",Vivienda,Cabecera municipal,Hombre,Hombre,(29 a 59) Adultez,Soacha,Cluster 1
"Intolerancia, machismo",Vivienda,Cabecera municipal,Hombre,Hombre,(29 a 59) Adultez,Soacha,Cluster 1
"Intolerancia, machismo",Vivienda,Cabecera municipal,Mujer,Hombre,(29 a 59) Adultez,Soacha,Cluster 1
"Intolerancia, machismo",Vivienda,Cabecera municipal,Hombre,Hombre,(18 a 28) Juventud,Soacha,Cluster 1
"Intolerancia, machismo",Vivienda,Cabecera municipal,Hombre,Hombre,(06 a 11) Infancia,Soacha,Cluster 1
"Intolerancia, machismo",Vivienda,Cabecera municipal,Mujer,Mujer,(Más de 60) Adulto Mayor,Soacha,Cluster 1
"Intolerancia, machismo",Vivienda,Cabecera municipal,Hombre,Hombre,(18 a 28) Juventud,Soacha,Cluster 1
"Intolerancia, machismo",Vivienda,Cabecera municipal,Hombre,Mujer,(12 a 17) Adolescencia,Soacha,Cluster 1
"Intolerancia, machismo","Calle (Autopista,Avenida,Dentro de La Ciudad)",Cabecera municipal,Mujer,Mujer,(29 a 59) Adultez,Soacha,Cluster 2
"Intolerancia, machismo",Vivienda,Cabecera municipal,Mujer,Mujer,(00 a 05) Primera Infancia,Soacha,Cluster 1
"Intolerancia, machismo","Calle (Autopista,Avenida,Dentro de La Ciudad)",Cabecera municipal,Mujer,Mujer,(12 a 17) Adolescencia,Soacha,Cluster 2
"Intolerancia, machismo","Calle (Autopista,Avenida,Dentro de La Ciudad)",Cabecera municipal,Hombre,Mujer,(00 a 05) Primera Infancia,Soacha,Cluster 2
"Intolerancia, machismo",Vivienda,Cabecera municipal,Mujer,Hombre,(18 a 28) Juventud,Soacha,Cluster 1
"Intolerancia, machismo","Calle (Autopista,Avenida,Dentro de La Ciudad)",Cabecera municipal,Hombre,Mujer,(12 a 17) Adolescencia,Soacha,Cluster 2
Económicas,Vivienda,Parte rural (vereda y campo),Mujer,Hombre,(29 a 59) Adultez,Guaduas,Cluster 1
Económicas,Vivienda,Parte rural (vereda y campo),Mujer,Mujer,(18 a 28) Juventud,Guaduas,Cluster 1
"Intolerancia, machismo",Vivienda,Cabecera municipal,Mujer,Hombre,(29 a 59) Adultez,Chía,Cluster 1
Otras razones,"Calle (Autopista,Avenida,Dentro de La Ciudad)",Parte rural (vereda y campo),Mujer,Mujer,(18 a 28) Juventud,Chía,Cluster 2
Otras razones,Vivienda,Parte rural (vereda y campo),Hombre,Hombre,(18 a 28) Juventud,Chía,Cluster 1
"Intolerancia, machismo",Vivienda,Cabecera municipal,Mujer,Mujer,(29 a 59) Adultez,Chía,Cluster 1
Consumo de alcohol y/o sustancias psicoactivas,"Parqueaderos,Estacionamientos",Cabecera municipal,Mujer,Mujer,(29 a 59) Adultez,Chía,Cluster 3
Consumo de alcohol y/o sustancias psicoactivas,"Centro de Atención Médica (Hospital,Clínica,Consultorio,Etc)",Cabecera municipal,Mujer,Mujer,(29 a 59) Adultez,Chía,Cluster 2
"Intolerancia, machismo","Establecimiento Comercial (Tienda,Centro Comercial,Almacén,Plaza de Mercado)",Cabecera municipal,Hombre,Mujer,(00 a 05) Primera Infancia,Chía,Cluster 2
Económicas,"Calle (Autopista,Avenida,Dentro de La Ciudad)",Cabecera municipal,Mujer,Mujer,(29 a 59) Adultez,Guaduas,Cluster 2
Sin información,Vivienda,Cabecera municipal,Mujer,Mujer,(06 a 11) Infancia,Cajicá,Cluster 1
Sin información,Vivienda,Cabecera municipal,Mujer,Mujer,(00 a 05) Primera Infancia,Cajicá,Cluster 1
Sin información,Vivienda,Cabecera municipal,Hombre,Mujer,(12 a 17) Adolescencia,Cajicá,Cluster 1
"Intolerancia, machismo",Vivienda,Cabecera municipal,Mujer,Mujer,(29 a 59) Adultez,Cajicá,Cluster 1
Consumo de alcohol y/o sustancias psicoactivas,Vivienda,Parte rural (vereda y campo),Mujer,Hombre,(29 a 59) Adultez,Cajicá,Cluster 1
"Intolerancia, machismo",Vivienda,Cabecera municipal,Mujer,Hombre,(12 a 17) Adolescencia,Soacha,Cluster 1
"Intolerancia, machismo",Vivienda,Cabecera municipal,Hombre,Hombre,(Más de 60) Adulto Mayor,Girardot,Cluster 1
"Intolerancia, machismo",Vivienda,Cabecera municipal,Mujer,Mujer,(29 a 59) Adultez,Girardot,Cluster 1
"Intolerancia, machismo",Vivienda,Cabecera municipal,Mujer,Mujer,(18 a 28) Juventud,Girardot,Cluster 1
"Intolerancia, machismo",Vivienda,Cabecera municipal,Mujer,Mujer,(29 a 59) Adultez,Girardot,Cluster 1
"Intolerancia, machismo","Calle (Autopista,Avenida,Dentro de La Ciudad)",Cabecera municipal,Mujer,Hombre,(12 a 17) Adolescencia,Girardot,Cluster 2
"Intolerancia, machismo","Calle (Autopista,Avenida,Dentro de La Ciudad)",Cabecera municipal,Mujer,Hombre,(29 a 59) Adultez,Girardot,Cluster 2
"Intolerancia, machismo",Vivienda,Cabecera municipal,Mujer,Hombre,(18 a 28) Juventud,Girardot,Cluster 1
"Intolerancia, machismo",Vivienda,Cabecera municipal,Hombre,Hombre,(29 a 59) Adultez,Girardot,Cluster 1
"Intolerancia, machismo",Vivienda,Cabecera municipal,Mujer,Hombre,(12 a 17) Adolescencia,Soacha,Cluster 1
"Intolerancia, machismo",Vivienda,Cabecera municipal,Hombre,Hombre,(06 a 11) Infancia,Soacha,Cluster 1
"Intolerancia, machismo",Vivienda,Cabecera municipal,Mujer,Hombre,(12 a 17) Adolescencia,Soacha,Cluster 1
"Intolerancia, machismo",Vía Pública,Cabecera municipal,Hombre,Hombre,(18 a 28) Juventud,Soacha,Cluster 1
"Intolerancia, machismo",Vivienda,Cabecera municipal,Hombre,Hombre,(12 a 17) Adolescencia,Soacha,Cluster 1
"Intolerancia, machismo",Vivienda,Cabecera municipal,Hombre,Hombre,(18 a 28) Juventud,Soacha,Cluster 1
"Intolerancia, machismo",Vivienda,Cabecera municipal,Mujer,Mujer,(29 a 59) Adultez,Soacha,Cluster 1
"Intolerancia, machismo",Vía Pública,Cabecera municipal,Mujer,Hombre,(18 a 28) Juventud,Soacha,Cluster 1
"Intolerancia, machismo","Calle (Autopista,Avenida,Dentro de La Ciudad)",Cabecera municipal,Hombre,Hombre,(29 a 59) Adultez,Soacha,Cluster 2
"Intolerancia, machismo",Vivienda,"Centro poblado(corregimiento, inspección de policía y caserío)",Mujer,Hombre,(29 a 59) Adultez,Chía,Cluster 1
Sin información,Vivienda,"Centro poblado(corregimiento, inspección de policía y caserío)",Hombre,Mujer,(00 a 05) Primera Infancia,Chía,Cluster 1
"Intolerancia, machismo","Establecimientos Dedicados a la Administración Pública (Cortes,Juzgados,Ministerios,Etc)",Parte rural (vereda y campo),Mujer,Mujer,(29 a 59) Adultez,Chía,Cluster 3
Enfermedad fisica o mental,"Calle (Autopista,Avenida,Dentro de La Ciudad)",Cabecera municipal,Mujer,Hombre,(12 a 17) Adolescencia,Chía,Cluster 2
"Intolerancia, machismo",Vivienda,"Centro poblado(corregimiento, inspección de policía y caserío)",Hombre,Hombre,(29 a 59) Adultez,Chía,Cluster 1
Sin información,Vivienda,Cabecera municipal,Hombre,Hombre,(Más de 60) Adulto Mayor,Chía,Cluster 1
"Intolerancia, machismo",Vivienda,Cabecera municipal,Hombre,Hombre,(29 a 59) Adultez,Chía,Cluster 1
"Intolerancia, machismo",Vivienda,Cabecera municipal,Mujer,Mujer,(29 a 59) Adultez,Guaduas,Cluster 1
"Intolerancia, machismo",Vivienda,Parte rural (vereda y campo),Mujer,Hombre,(29 a 59) Adultez,Guaduas,Cluster 1
Sin información,Vivienda,"Centro poblado(corregimiento, inspección de policía y caserío)",Hombre,Hombre,(12 a 17) Adolescencia,Cajicá,Cluster 1
"Intolerancia, machismo",Vivienda,Cabecera municipal,Hombre,Hombre,(06 a 11) Infancia,Soacha,Cluster 1
"Intolerancia, machismo",Vivienda,Cabecera municipal,Mujer,Hombre,(06 a 11) Infancia,Girardot,Cluster 1
"Intolerancia, machismo",Vivienda,Cabecera municipal,Hombre,Hombre,(18 a 28) Juventud,Girardot,Cluster 1
Consumo de alcohol y/o sustancias psicoactivas,Vivienda,Cabecera municipal,Mujer,Hombre,(Más de 60) Adulto Mayor,Girardot,Cluster 1
"Intolerancia, machismo",Vivienda,Cabecera municipal,Mujer,Mujer,(Más de 60) Adulto Mayor,Girardot,Cluster 1
Consumo de alcohol y/o sustancias psicoactivas,Vivienda,Parte rural (vereda y campo),Mujer,Mujer,(12 a 17) Adolescencia,Girardot,Cluster 1
"Intolerancia, machismo",Vía Pública,Cabecera municipal,Mujer,Mujer,(18 a 28) Juventud,Girardot,Cluster 1
"Intolerancia, machismo",Vivienda,Cabecera municipal,Mujer,Mujer,(29 a 59) Adultez,Soacha,Cluster 1
Consumo de alcohol y/o sustancias psicoactivas,Vivienda,Cabecera municipal,Hombre,Mujer,(29 a 59) Adultez,Soacha,Cluster 1
"Intolerancia, machismo",Carretera (Fuera de La Ciudad),Cabecera municipal,Hombre,Mujer,(29 a 59) Adultez,Soacha,Cluster 2
"Intolerancia, machismo",Vivienda,Cabecera municipal,Mujer,Mujer,(06 a 11) Infancia,Soacha,Cluster 1
"Intolerancia, machismo","Calle (Autopista,Avenida,Dentro de La Ciudad)",Cabecera municipal,Mujer,Mujer,(06 a 11) Infancia,Soacha,Cluster 2
Consumo de alcohol y/o sustancias psicoactivas,Vivienda,Cabecera municipal,Mujer,Hombre,(12 a 17) Adolescencia,Soacha,Cluster 1
"Intolerancia, machismo",Vía Pública,Cabecera municipal,Mujer,Hombre,(12 a 17) Adolescencia,Soacha,Cluster 1
"Intolerancia, machismo","Calle (Autopista,Avenida,Dentro de La Ciudad)",Cabecera municipal,Hombre,Hombre,(18 a 28) Juventud,Soacha,Cluster 2
"Intolerancia, machismo",Vivienda,Cabecera municipal,Mujer,Hombre,(29 a 59) Adultez,Soacha,Cluster 1
"Intolerancia, machismo",Vivienda,Cabecera municipal,Mujer,Hombre,(18 a 28) Juventud,Soacha,Cluster 1
"Intolerancia, machismo","Calle (Autopista,Avenida,Dentro de La Ciudad)",Cabecera municipal,Mujer,Hombre,(12 a 17) Adolescencia,Soacha,Cluster 2
"Intolerancia, machismo",Vivienda,Cabecera municipal,Mujer,Hombre,(29 a 59) Adultez,Soacha,Cluster 1
"Intolerancia, machismo",Vía Pública,Cabecera municipal,Hombre,Hombre,(18 a 28) Juventud,Soacha,Cluster 1
"Intolerancia, machismo","Calle (Autopista,Avenida,Dentro de La Ciudad)",Cabecera municipal,Mujer,Hombre,(29 a 59) Adultez,Soacha,Cluster 2
"Intolerancia, machismo",Vivienda,Cabecera municipal,Hombre,Hombre,(Más de 60) Adulto Mayor,Soacha,Cluster 1
"Intolerancia, machismo",Vivienda,Cabecera municipal,Mujer,Hombre,(18 a 28) Juventud,Soacha,Cluster 1
Consumo de alcohol y/o sustancias psicoactivas,"Calle (Autopista,Avenida,Dentro de La Ciudad)",Cabecera municipal,Hombre,Hombre,(29 a 59) Adultez,Soacha,Cluster 2
"Intolerancia, machismo","Calle (Autopista,Avenida,Dentro de La Ciudad)",Cabecera municipal,Hombre,Mujer,(12 a 17) Adolescencia,Chía,Cluster 2
"Intolerancia, machismo",Vivienda,Cabecera municipal,Mujer,Hombre,(00 a 05) Primera Infancia,Chía,Cluster 1
"Intolerancia, machismo",Vivienda,Cabecera municipal,Hombre,Hombre,(12 a 17) Adolescencia,Chía,Cluster 1
"Intolerancia, machismo",Vivienda,Cabecera municipal,Hombre,Mujer,(29 a 59) Adultez,Chía,Cluster 1
"Intolerancia, machismo",Vivienda,Cabecera municipal,Mujer,Hombre,(29 a 59) Adultez,Chía,Cluster 1
"Intolerancia, machismo","Calle (Autopista,Avenida,Dentro de La Ciudad)",Cabecera municipal,Hombre,Hombre,(18 a 28) Juventud,Chía,Cluster 2
Consumo de alcohol y/o sustancias psicoactivas,Vivienda,Parte rural (vereda y campo),Hombre,Hombre,(Más de 60) Adulto Mayor,Chía,Cluster 1
Consumo de alcohol y/o sustancias psicoactivas,Vivienda,Parte rural (vereda y campo),Hombre,Hombre,(18 a 28) Juventud,Chía,Cluster 1
"Intolerancia, machismo",Vivienda,Cabecera municipal,Hombre,Mujer,(06 a 11) Infancia,Chía,Cluster 1
Sin información,Vivienda,Parte rural (vereda y campo),Mujer,Mujer,(00 a 05) Primera Infancia,Cota,Cluster 1
"Intolerancia, machismo",Vivienda,Cabecera municipal,Mujer,Hombre,(12 a 17) Adolescencia,Chía,Cluster 1
Sin información,Vivienda,Cabecera municipal,Hombre,Mujer,(06 a 11) Infancia,Cajicá,Cluster 1
Sin información,Vivienda,Cabecera municipal,Hombre,Mujer,(06 a 11) Infancia,Cajicá,Cluster 1
Sin información,Vivienda,Cabecera municipal,Hombre,Mujer,(06 a 11) Infancia,Cajicá,Cluster 1
"Intolerancia, machismo",Vivienda,Cabecera municipal,Mujer,Hombre,(06 a 11) Infancia,Cajicá,Cluster 1
Consumo de alcohol y/o sustancias psicoactivas,Áreas Deportivas y/o Recreativas,Cabecera municipal,Mujer,Hombre,(12 a 17) Adolescencia,Cajicá,Cluster 1
"Intolerancia, machismo",Vivienda,Cabecera municipal,Mujer,Hombre,(12 a 17) Adolescencia,Girardot,Cluster 1
"Intolerancia, machismo",Vivienda,Cabecera municipal,Hombre,Mujer,(12 a 17) Adolescencia,Girardot,Cluster 1
Consumo de alcohol y/o sustancias psicoactivas,Vivienda,Cabecera municipal,Hombre,Hombre,(29 a 59) Adultez,Girardot,Cluster 1
"Intolerancia, machismo","Calle (Autopista,Avenida,Dentro de La Ciudad)",Cabecera municipal,Hombre,Hombre,(18 a 28) Juventud,Girardot,Cluster 2
"Intolerancia, machismo",Vivienda,Cabecera municipal,Hombre,Hombre,(Más de 60) Adulto Mayor,Girardot,Cluster 1
"Intolerancia, machismo",Vivienda,Cabecera municipal,Hombre,Hombre,(18 a 28) Juventud,Girardot,Cluster 1
"Intolerancia, machismo",Vivienda,Cabecera municipal,Hombre,Hombre,(06 a 11) Infancia,Girardot,Cluster 1
"Intolerancia, machismo",Vivienda,Cabecera municipal,Mujer,Hombre,(29 a 59) Adultez,Girardot,Cluster 1
"Intolerancia, machismo","Calle (Autopista,Avenida,Dentro de La Ciudad)",Cabecera municipal,Hombre,Hombre,(29 a 59) Adultez,Girardot,Cluster 2
"Intolerancia, machismo",Vía Pública,Cabecera municipal,Hombre,Hombre,(29 a 59) Adultez,Soacha,Cluster 1
"Intolerancia, machismo",Vivienda,Cabecera municipal,Mujer,Hombre,(12 a 17) Adolescencia,Soacha,Cluster 1
"Intolerancia, machismo",Vía Pública,Cabecera municipal,Mujer,Mujer,(18 a 28) Juventud,Soacha,Cluster 1
Consumo de alcohol y/o sustancias psicoactivas,Vivienda,Cabecera municipal,Mujer,Hombre,(29 a 59) Adultez,Soacha,Cluster 1
"Intolerancia, machismo",Vivienda,Cabecera municipal,Mujer,Mujer,(29 a 59) Adultez,Soacha,Cluster 1
"Intolerancia, machismo","Calle (Autopista,Avenida,Dentro de La Ciudad)",Cabecera municipal,Hombre,Hombre,(Más de 60) Adulto Mayor,Soacha,Cluster 2
"Intolerancia, machismo",Vivienda,Cabecera municipal,Mujer,Hombre,(29 a 59) Adultez,Soacha,Cluster 1
"Intolerancia, machismo",Vivienda,Cabecera municipal,Hombre,Hombre,(06 a 11) Infancia,Soacha,Cluster 1
"Intolerancia, machismo",Vivienda,Cabecera municipal,Mujer,Hombre,(29 a 59) Adultez,Soacha,Cluster 1
"Intolerancia, machismo",Vía Pública,Cabecera municipal,Mujer,Hombre,(18 a 28) Juventud,Soacha,Cluster 1
Otras razones,"Calle (Autopista,Avenida,Dentro de La Ciudad)",Cabecera municipal,Hombre,Hombre,(29 a 59) Adultez,Soacha,Cluster 2
"Intolerancia, machismo",Vía Pública,Cabecera municipal,Hombre,Hombre,(29 a 59) Adultez,Soacha,Cluster 1
"Intolerancia, machismo","Calle (Autopista,Avenida,Dentro de La Ciudad)",Cabecera municipal,Hombre,Hombre,(12 a 17) Adolescencia,Soacha,Cluster 2
"Intolerancia, machismo",Vivienda,Cabecera municipal,Mujer,Hombre,(12 a 17) Adolescencia,Soacha,Cluster 1
"Intolerancia, machismo","Calle (Autopista,Avenida,Dentro de La Ciudad)",Cabecera municipal,Hombre,Hombre,(00 a 05) Primera Infancia,Soacha,Cluster 2
"Intolerancia, machismo",Vía Pública,Cabecera municipal,Hombre,Hombre,(29 a 59) Adultez,Soacha,Cluster 1
"Intolerancia, machismo","Calle (Autopista,Avenida,Dentro de La Ciudad)",Cabecera municipal,Hombre,Hombre,(29 a 59) Adultez,Soacha,Cluster 2
"Intolerancia, machismo",Vivienda,Cabecera municipal,Hombre,Hombre,(06 a 11) Infancia,Chía,Cluster 1
"Intolerancia, machismo",Vivienda,Cabecera municipal,Mujer,Mujer,(18 a 28) Juventud,Chía,Cluster 1
Otras razones,Vivienda,Cabecera municipal,Mujer,Mujer,(06 a 11) Infancia,Chía,Cluster 1
Enfermedad fisica o mental,Vivienda,Cabecera municipal,Mujer,Hombre,(Más de 60) Adulto Mayor,Chía,Cluster 1
"Intolerancia, machismo",Vivienda,Cabecera municipal,Mujer,Mujer,(29 a 59) Adultez,Cajicá,Cluster 1
Sin información,Vivienda,Cabecera municipal,Mujer,Mujer,(00 a 05) Primera Infancia,Cajicá,Cluster 1
"Intolerancia, machismo",Vivienda,Cabecera municipal,Hombre,Hombre,(29 a 59) Adultez,Girardot,Cluster 1
"Intolerancia, machismo",Vivienda,Cabecera municipal,Mujer,Mujer,(18 a 28) Juventud,Girardot,Cluster 1
"Intolerancia, machismo","Calle (Autopista,Avenida,Dentro de La Ciudad)",Cabecera municipal,Hombre,Hombre,(18 a 28) Juventud,Soacha,Cluster 2
"Intolerancia, machismo",Vivienda,Cabecera municipal,Hombre,Hombre,(18 a 28) Juventud,Soacha,Cluster 1
"Intolerancia, machismo",Vía Pública,Cabecera municipal,Mujer,Hombre,(18 a 28) Juventud,Soacha,Cluster 1
"Intolerancia, machismo","Calle (Autopista,Avenida,Dentro de La Ciudad)",Cabecera municipal,Hombre,Hombre,(18 a 28) Juventud,Soacha,Cluster 2
"Intolerancia, machismo",Vía Pública,Cabecera municipal,Hombre,Hombre,(18 a 28) Juventud,Soacha,Cluster 1
"Intolerancia, machismo",Vivienda,Cabecera municipal,Mujer,Mujer,(29 a 59) Adultez,Soacha,Cluster 1
"Intolerancia, machismo",Vivienda,Cabecera municipal,Mujer,Hombre,(18 a 28) Juventud,Soacha,Cluster 1
"Intolerancia, machismo",Vivienda,Cabecera municipal,Mujer,Hombre,(29 a 59) Adultez,Soacha,Cluster 1
Otras razones,Vivienda,Cabecera municipal,Hombre,Hombre,(18 a 28) Juventud,Soacha,Cluster 1
"Intolerancia, machismo",Vivienda,Parte rural (vereda y campo),Mujer,Hombre,(29 a 59) Adultez,Chía,Cluster 1
"Intolerancia, machismo","Calle (Autopista,Avenida,Dentro de La Ciudad)",Cabecera municipal,Mujer,Hombre,(18 a 28) Juventud,Chía,Cluster 2
"Intolerancia, machismo","Calle (Autopista,Avenida,Dentro de La Ciudad)",Cabecera municipal,Mujer,Mujer,(29 a 59) Adultez,Guaduas,Cluster 2
"Intolerancia, machismo",Vivienda,Parte rural (vereda y campo),Mujer,Hombre,(29 a 59) Adultez,Guaduas,Cluster 1
Sin información,Sin Información,Cabecera municipal,Mujer,Hombre,(29 a 59) Adultez,Guaduas,Cluster 3
"Intolerancia, machismo",Vivienda,Cabecera municipal,Mujer,Hombre,(29 a 59) Adultez,Girardot,Cluster 1
"Intolerancia, machismo",Vivienda,Cabecera municipal,Hombre,Hombre,(12 a 17) Adolescencia,Soacha,Cluster 1
Económicas,Vivienda,Cabecera municipal,Mujer,Hombre,(29 a 59) Adultez,Soacha,Cluster 1
Consumo de alcohol y/o sustancias psicoactivas,Vivienda,Cabecera municipal,Mujer,Hombre,(29 a 59) Adultez,Soacha,Cluster 1
"Intolerancia, machismo",Vivienda,Cabecera municipal,Hombre,Mujer,(29 a 59) Adultez,Chía,Cluster 1
"Intolerancia, machismo",Vivienda,Parte rural (vereda y campo),Hombre,Hombre,(00 a 05) Primera Infancia,Chía,Cluster 1
"Intolerancia, machismo",Vivienda,Cabecera municipal,Mujer,Mujer,(12 a 17) Adolescencia,Chía,Cluster 1
"Intolerancia, machismo",Vivienda,Parte rural (vereda y campo),Hombre,Hombre,(06 a 11) Infancia,Chía,Cluster 1
"Intolerancia, machismo",Vivienda,Parte rural (vereda y campo),Mujer,Hombre,(12 a 17) Adolescencia,Chía,Cluster 1
Sin información,Vivienda,"Centro poblado(corregimiento, inspección de policía y caserío)",Mujer,Hombre,(29 a 59) Adultez,Cajicá,Cluster 1
Sin información,Vivienda,Cabecera municipal,Hombre,Hombre,(12 a 17) Adolescencia,Cajicá,Cluster 1
Sin información,Vivienda,"Centro poblado(corregimiento, inspección de policía y caserío)",Hombre,Hombre,(12 a 17) Adolescencia,Cajicá,Cluster 1
"Intolerancia, machismo",Vivienda,Cabecera municipal,Hombre,Hombre,(12 a 17) Adolescencia,Soacha,Cluster 1
"Intolerancia, machismo",Vivienda,Cabecera municipal,Mujer,Hombre,(12 a 17) Adolescencia,Girardot,Cluster 1
"Intolerancia, machismo",Vivienda,Cabecera municipal,Mujer,Mujer,(Más de 60) Adulto Mayor,Soacha,Cluster 1
Sin información,Vivienda,Cabecera municipal,Mujer,Hombre,(29 a 59) Adultez,Cota,Cluster 1
Sin información,Vivienda,Cabecera municipal,Hombre,Hombre,(Más de 60) Adulto Mayor,Cota,Cluster 1
Otras razones,Vivienda,Cabecera municipal,Hombre,Hombre,(06 a 11) Infancia,Chía,Cluster 1
"Intolerancia, machismo",Vivienda,"Centro poblado(corregimiento, inspección de policía y caserío)",Mujer,Hombre,(18 a 28) Juventud,Cota,Cluster 1
Sin información,Vivienda,"Centro poblado(corregimiento, inspección de policía y caserío)",Hombre,Hombre,(12 a 17) Adolescencia,Cajicá,Cluster 1
"Intolerancia, machismo",Vivienda,Cabecera municipal,Mujer,Mujer,(12 a 17) Adolescencia,Girardot,Cluster 1
"Intolerancia, machismo",Vivienda,Cabecera municipal,Mujer,Mujer,(06 a 11) Infancia,Soacha,Cluster 1
"Intolerancia, machismo","Calle (Autopista,Avenida,Dentro de La Ciudad)",Cabecera municipal,Mujer,Hombre,(29 a 59) Adultez,Soacha,Cluster 2
"Intolerancia, machismo","Calle (Autopista,Avenida,Dentro de La Ciudad)",Cabecera municipal,Hombre,Hombre,(12 a 17) Adolescencia,Soacha,Cluster 2
"Intolerancia, machismo",Vivienda,Cabecera municipal,Mujer,Mujer,(29 a 59) Adultez,Soacha,Cluster 1
"Intolerancia, machismo",Vivienda,Cabecera municipal,Hombre,Hombre,(29 a 59) Adultez,Chía,Cluster 1
"Intolerancia, machismo",Vivienda,Parte rural (vereda y campo),Hombre,Hombre,(12 a 17) Adolescencia,Chía,Cluster 1
Consumo de alcohol y/o sustancias psicoactivas,Vivienda,Parte rural (vereda y campo),Hombre,Hombre,(29 a 59) Adultez,Chía,Cluster 1
"Intolerancia, machismo",Vivienda,Parte rural (vereda y campo),Hombre,Hombre,(18 a 28) Juventud,Chía,Cluster 1
"Intolerancia, machismo",Vivienda,Parte rural (vereda y campo),Mujer,Mujer,(18 a 28) Juventud,Chía,Cluster 1
"Intolerancia, machismo",Vivienda,"Centro poblado(corregimiento, inspección de policía y caserío)",Mujer,Hombre,(29 a 59) Adultez,Chía,Cluster 1
Consumo de alcohol y/o sustancias psicoactivas,Vivienda,Cabecera municipal,Mujer,Hombre,(29 a 59) Adultez,Chía,Cluster 1
Consumo de alcohol y/o sustancias psicoactivas,Vivienda,Cabecera municipal,Mujer,Hombre,(29 a 59) Adultez,Guaduas,Cluster 1
Consumo de alcohol y/o sustancias psicoactivas,Vivienda,Cabecera municipal,Hombre,Hombre,(29 a 59) Adultez,Guaduas,Cluster 1
"Intolerancia, machismo",Vivienda,"Centro poblado(corregimiento, inspección de policía y caserío)",Hombre,Hombre,(29 a 59) Adultez,Guaduas,Cluster 1
Otras razones,Vivienda,Cabecera municipal,Mujer,Mujer,(12 a 17) Adolescencia,Guaduas,Cluster 1
"Intolerancia, machismo",Vivienda,Cabecera municipal,Mujer,Mujer,(29 a 59) Adultez,Guaduas,Cluster 1
"Intolerancia, machismo",Vivienda,Cabecera municipal,Mujer,Hombre,(29 a 59) Adultez,Cajicá,Cluster 1
Consumo de alcohol y/o sustancias psicoactivas,Vivienda,Cabecera municipal,Mujer,Hombre,(29 a 59) Adultez,Cajicá,Cluster 1
Sin información,Vivienda,"Centro poblado(corregimiento, inspección de policía y caserío)",Hombre,Mujer,(06 a 11) Infancia,Cajicá,Cluster 1
"Intolerancia, machismo","Calle (Autopista,Avenida,Dentro de La Ciudad)",Cabecera municipal,Hombre,Hombre,(29 a 59) Adultez,Girardot,Cluster 2
"Intolerancia, machismo",Vivienda,Cabecera municipal,Mujer,Mujer,(29 a 59) Adultez,Girardot,Cluster 1
"Intolerancia, machismo",Vivienda,Cabecera municipal,Mujer,Mujer,(18 a 28) Juventud,Girardot,Cluster 1
"Intolerancia, machismo",Vivienda,Cabecera municipal,Mujer,Mujer,(18 a 28) Juventud,Soacha,Cluster 1
"Intolerancia, machismo",Vivienda,Cabecera municipal,Mujer,Mujer,(06 a 11) Infancia,Soacha,Cluster 1
Consumo de alcohol y/o sustancias psicoactivas,Vivienda,Cabecera municipal,Mujer,Hombre,(29 a 59) Adultez,Soacha,Cluster 1
"Intolerancia, machismo",Vivienda,Cabecera municipal,Mujer,Mujer,(29 a 59) Adultez,Soacha,Cluster 1
"Intolerancia, machismo",Vivienda,Cabecera municipal,Hombre,Hombre,(12 a 17) Adolescencia,Soacha,Cluster 1
"Intolerancia, machismo",Vivienda,Cabecera municipal,Mujer,Mujer,(29 a 59) Adultez,Soacha,Cluster 1
"Intolerancia, machismo",Vivienda,Cabecera municipal,Hombre,Hombre,(18 a 28) Juventud,Chía,Cluster 1
Otras razones,Vivienda,Cabecera municipal,Hombre,Hombre,(06 a 11) Infancia,Chía,Cluster 1
Consumo de alcohol y/o sustancias psicoactivas,Vivienda,Parte rural (vereda y campo),Hombre,Hombre,(29 a 59) Adultez,Chía,Cluster 1
Consumo de alcohol y/o sustancias psicoactivas,Vivienda,Parte rural (vereda y campo),Mujer,Hombre,(29 a 59) Adultez,Chía,Cluster 1
Consumo de alcohol y/o sustancias psicoactivas,"Calle (Autopista,Avenida,Dentro de La Ciudad)",Cabecera municipal,Mujer,Mujer,(12 a 17) Adolescencia,Pacho,Cluster 2
"Intolerancia, machismo",Vivienda,Cabecera municipal,Mujer,Hombre,(00 a 05) Primera Infancia,Cajicá,Cluster 1
Consumo de alcohol y/o sustancias psicoactivas,Vivienda,Cabecera municipal,Hombre,Hombre,(29 a 59) Adultez,Cajicá,Cluster 1
Sin información,Vivienda,"Centro poblado(corregimiento, inspección de policía y caserío)",Mujer,Hombre,(06 a 11) Infancia,Cajicá,Cluster 1
"Intolerancia, machismo",Vivienda,Cabecera municipal,Hombre,Hombre,(29 a 59) Adultez,Cajicá,Cluster 1
Sin información,Vivienda,Cabecera municipal,Mujer,Mujer,(12 a 17) Adolescencia,Soacha,Cluster 1
"Intolerancia, machismo",Vivienda,Cabecera municipal,Mujer,Hombre,(00 a 05) Primera Infancia,Soacha,Cluster 1
"Intolerancia, machismo",Vivienda,Cabecera municipal,Mujer,Mujer,(29 a 59) Adultez,Girardot,Cluster 1
"Intolerancia, machismo",Vivienda,Cabecera municipal,Hombre,Hombre,(29 a 59) Adultez,Soacha,Cluster 1
"Intolerancia, machismo",Vivienda,Cabecera municipal,Mujer,Hombre,(12 a 17) Adolescencia,Soacha,Cluster 1
"Intolerancia, machismo",Vivienda,Cabecera municipal,Mujer,Hombre,(29 a 59) Adultez,Soacha,Cluster 1
"Intolerancia, machismo","Calle (Autopista,Avenida,Dentro de La Ciudad)",Cabecera municipal,Hombre,Hombre,(18 a 28) Juventud,Chía,Cluster 2
"Intolerancia, machismo",Vivienda,"Centro poblado(corregimiento, inspección de policía y caserío)",Mujer,Mujer,(29 a 59) Adultez,Chía,Cluster 1
Otras razones,Vivienda,Parte rural (vereda y campo),Hombre,Hombre,(29 a 59) Adultez,Chía,Cluster 1
"Intolerancia, machismo",Vivienda,Parte rural (vereda y campo),Mujer,Hombre,(12 a 17) Adolescencia,Chía,Cluster 1
"Intolerancia, machismo",Vivienda,Cabecera municipal,Mujer,Mujer,(12 a 17) Adolescencia,Chía,Cluster 1
"Intolerancia, machismo",Vivienda,"Centro poblado(corregimiento, inspección de policía y caserío)",Hombre,Mujer,(18 a 28) Juventud,Chía,Cluster 1
Sin información,Vivienda,"Centro poblado(corregimiento, inspección de policía y caserío)",Hombre,Hombre,(00 a 05) Primera Infancia,Guaduas,Cluster 1
"Intolerancia, machismo",Vivienda,Cabecera municipal,Mujer,Hombre,(12 a 17) Adolescencia,Cajicá,Cluster 1
"Intolerancia, machismo",Vivienda,Cabecera municipal,Mujer,Hombre,(Más de 60) Adulto Mayor,Cajicá,Cluster 1
"Intolerancia, machismo",Vivienda,Cabecera municipal,Mujer,Mujer,(29 a 59) Adultez,Cajicá,Cluster 1
Sin información,Vivienda,Cabecera municipal,Hombre,Hombre,(06 a 11) Infancia,Cajicá,Cluster 1
Consumo de alcohol y/o sustancias psicoactivas,Vivienda,Cabecera municipal,Hombre,Hombre,(Más de 60) Adulto Mayor,Cajicá,Cluster 1
"Intolerancia, machismo",Vivienda,Cabecera municipal,Mujer,Mujer,(18 a 28) Juventud,Girardot,Cluster 1
"Intolerancia, machismo",Vivienda,Cabecera municipal,Mujer,Mujer,(18 a 28) Juventud,Girardot,Cluster 1
"Intolerancia, machismo",Vía Pública,Cabecera municipal,Hombre,Hombre,(18 a 28) Juventud,Soacha,Cluster 1
"Intolerancia, machismo","Calle (Autopista,Avenida,Dentro de La Ciudad)",Cabecera municipal,Mujer,Hombre,(06 a 11) Infancia,Soacha,Cluster 2
"Intolerancia, machismo","Calle (Autopista,Avenida,Dentro de La Ciudad)",Cabecera municipal,Mujer,Mujer,(00 a 05) Primera Infancia,Soacha,Cluster 2
"Intolerancia, machismo",Vivienda,Cabecera municipal,Hombre,Mujer,(06 a 11) Infancia,Soacha,Cluster 1
"Intolerancia, machismo","Calle (Autopista,Avenida,Dentro de La Ciudad)",Cabecera municipal,Hombre,Mujer,(06 a 11) Infancia,Soacha,Cluster 2
"Intolerancia, machismo",Vivienda,Cabecera municipal,Mujer,Hombre,(29 a 59) Adultez,Soacha,Cluster 1
Consumo de alcohol y/o sustancias psicoactivas,Vivienda,Cabecera municipal,Mujer,Hombre,(29 a 59) Adultez,Soacha,Cluster 1
"Intolerancia, machismo",Vivienda,Cabecera municipal,Mujer,Mujer,(29 a 59) Adultez,Soacha,Cluster 1
"Intolerancia, machismo",Vivienda,Cabecera municipal,Mujer,Hombre,(12 a 17) Adolescencia,Soacha,Cluster 1
"Intolerancia, machismo",Vivienda,Cabecera municipal,Hombre,Hombre,(Más de 60) Adulto Mayor,Soacha,Cluster 1
Otras razones,Vivienda,Parte rural (vereda y campo),Hombre,Mujer,(00 a 05) Primera Infancia,Chía,Cluster 1
Consumo de alcohol y/o sustancias psicoactivas,Vivienda,Cabecera municipal,Hombre,Hombre,(Más de 60) Adulto Mayor,Chía,Cluster 1
"Intolerancia, machismo",Vivienda,"Centro poblado(corregimiento, inspección de policía y caserío)",Hombre,Hombre,(29 a 59) Adultez,Guaduas,Cluster 1
Enfermedad fisica o mental,"Calle (Autopista,Avenida,Dentro de La Ciudad)",Cabecera municipal,Mujer,Mujer,(12 a 17) Adolescencia,Guaduas,Cluster 2
Otras razones,Vivienda,Parte rural (vereda y campo),Hombre,Mujer,(06 a 11) Infancia,Guaduas,Cluster 1
"Intolerancia, machismo",Carretera (Fuera de La Ciudad),Parte rural (vereda y campo),Mujer,Hombre,(Más de 60) Adulto Mayor,Pacho,Cluster 2
Sin información,Vivienda,Cabecera municipal,Mujer,Hombre,(Más de 60) Adulto Mayor,Cajicá,Cluster 1
Sin información,Vivienda,"Centro poblado(corregimiento, inspección de policía y caserío)",Mujer,Hombre,(29 a 59) Adultez,Cajicá,Cluster 1
"Intolerancia, machismo",Vivienda,Cabecera municipal,Mujer,Hombre,(06 a 11) Infancia,Cajicá,Cluster 1
"Intolerancia, machismo",Vivienda,Cabecera municipal,Mujer,Hombre,(29 a 59) Adultez,Cajicá,Cluster 1
Sin información,Vivienda,Cabecera municipal,Hombre,Mujer,(06 a 11) Infancia,Cajicá,Cluster 1
Consumo de alcohol y/o sustancias psicoactivas,Vivienda,Cabecera municipal,Hombre,Hombre,(12 a 17) Adolescencia,Soacha,Cluster 1
Sin información,Vivienda,Cabecera municipal,Mujer,Mujer,(00 a 05) Primera Infancia,Soacha,Cluster 1
"Intolerancia, machismo",Vivienda,Cabecera municipal,Mujer,Hombre,(12 a 17) Adolescencia,Soacha,Cluster 1
"Intolerancia, machismo",Vivienda,Cabecera municipal,Hombre,Hombre,(06 a 11) Infancia,Girardot,Cluster 1
Consumo de alcohol y/o sustancias psicoactivas,Vivienda,Cabecera municipal,Hombre,Hombre,(29 a 59) Adultez,Girardot,Cluster 1
Consumo de alcohol y/o sustancias psicoactivas,Vivienda,Cabecera municipal,Mujer,Hombre,(18 a 28) Juventud,Girardot,Cluster 1
"Intolerancia, machismo",Vivienda,Cabecera municipal,Hombre,Hombre,(29 a 59) Adultez,Soacha,Cluster 1
"Intolerancia, machismo",Vía Pública,Cabecera municipal,Mujer,Mujer,(18 a 28) Juventud,Soacha,Cluster 1
"Intolerancia, machismo",Vivienda,Cabecera municipal,Hombre,Hombre,(12 a 17) Adolescencia,Soacha,Cluster 1
"Intolerancia, machismo",Vivienda,"Centro poblado(corregimiento, inspección de policía y caserío)",Mujer,Hombre,(18 a 28) Juventud,Soacha,Cluster 1
"Intolerancia, machismo",Vivienda,Cabecera municipal,Mujer,Hombre,(29 a 59) Adultez,Soacha,Cluster 1
"Intolerancia, machismo",Vivienda,Cabecera municipal,Mujer,Mujer,(29 a 59) Adultez,Soacha,Cluster 1
"Intolerancia, machismo",Vivienda,Cabecera municipal,Mujer,Hombre,(29 a 59) Adultez,Soacha,Cluster 1
"Intolerancia, machismo","Calle (Autopista,Avenida,Dentro de La Ciudad)",Cabecera municipal,Hombre,Hombre,(29 a 59) Adultez,Chía,Cluster 2
Sin información,Vivienda,Cabecera municipal,Mujer,Hombre,(00 a 05) Primera Infancia,Chía,Cluster 1
"Intolerancia, machismo",Vivienda,"Centro poblado(corregimiento, inspección de policía y caserío)",Mujer,Mujer,(18 a 28) Juventud,Chía,Cluster 1
Otras razones,Vivienda,Parte rural (vereda y campo),Hombre,Hombre,(06 a 11) Infancia,Guaduas,Cluster 1
Otras razones,Vivienda,Parte rural (vereda y campo),Mujer,Hombre,(06 a 11) Infancia,Guaduas,Cluster 1
Otras razones,Vivienda,"Centro poblado(corregimiento, inspección de policía y caserío)",Mujer,Mujer,(12 a 17) Adolescencia,Guaduas,Cluster 1
Consumo de alcohol y/o sustancias psicoactivas,Vivienda,"Centro poblado(corregimiento, inspección de policía y caserío)",Hombre,Hombre,(29 a 59) Adultez,Cajicá,Cluster 1
Sin información,Vivienda,"Centro poblado(corregimiento, inspección de policía y caserío)",Mujer,Hombre,(29 a 59) Adultez,Cajicá,Cluster 1
"Intolerancia, machismo",Sin Información,Cabecera municipal,Mujer,Hombre,(18 a 28) Juventud,Cajicá,Cluster 3
"Celos, desconfianza, infidelidad",Vivienda,Cabecera municipal,Hombre,Hombre,(00 a 05) Primera Infancia,Soacha,Cluster 1
"Intolerancia, machismo",Vivienda,Cabecera municipal,Hombre,Hombre,(00 a 05) Primera Infancia,Soacha,Cluster 1
"Intolerancia, machismo",Vivienda,Cabecera municipal,Mujer,Hombre,(18 a 28) Juventud,Girardot,Cluster 1
"Intolerancia, machismo",Vivienda,Cabecera municipal,Mujer,Hombre,(29 a 59) Adultez,Girardot,Cluster 1
"Intolerancia, machismo",Vivienda,Cabecera municipal,Mujer,Hombre,(06 a 11) Infancia,Girardot,Cluster 1
"Intolerancia, machismo",Vivienda,Cabecera municipal,Hombre,Hombre,(Más de 60) Adulto Mayor,Soacha,Cluster 1
"Intolerancia, machismo",Vía Pública,Cabecera municipal,Hombre,Hombre,(29 a 59) Adultez,Soacha,Cluster 1
"Intolerancia, machismo",Vía Pública,Cabecera municipal,Hombre,Hombre,(29 a 59) Adultez,Soacha,Cluster 1
"Intolerancia, machismo",Vía Pública,Cabecera municipal,Mujer,Hombre,(Más de 60) Adulto Mayor,Soacha,Cluster 1
"Intolerancia, machismo",Vivienda,Cabecera municipal,Hombre,Hombre,(29 a 59) Adultez,Soacha,Cluster 1
"Intolerancia, machismo",Vivienda,Cabecera municipal,Mujer,Mujer,(29 a 59) Adultez,Soacha,Cluster 1
"Intolerancia, machismo","Calle (Autopista,Avenida,Dentro de La Ciudad)",Cabecera municipal,Mujer,Hombre,(29 a 59) Adultez,Soacha,Cluster 2
Sin información,"Calle (Autopista,Avenida,Dentro de La Ciudad)",Cabecera municipal,Hombre,Hombre,(00 a 05) Primera Infancia,Soacha,Cluster 2
"Intolerancia, machismo","Calle (Autopista,Avenida,Dentro de La Ciudad)",Cabecera municipal,Mujer,Hombre,(29 a 59) Adultez,Soacha,Cluster 2
Otras razones,"Establecimiento Comercial (Tienda,Centro Comercial,Almacén,Plaza de Mercado)",Parte rural (vereda y campo),Mujer,Hombre,(12 a 17) Adolescencia,Chía,Cluster 2
Consumo de alcohol y/o sustancias psicoactivas,Vivienda,"Centro poblado(corregimiento, inspección de policía y caserío)",Hombre,Hombre,(29 a 59) Adultez,Chía,Cluster 1
"Intolerancia, machismo",Vivienda,Parte rural (vereda y campo),Hombre,Mujer,(06 a 11) Infancia,Chía,Cluster 1
Otras razones,Vivienda,Cabecera municipal,Mujer,Hombre,(29 a 59) Adultez,Chía,Cluster 1
"Intolerancia, machismo","Calle (Autopista,Avenida,Dentro de La Ciudad)",Cabecera municipal,Mujer,Hombre,(18 a 28) Juventud,Chía,Cluster 2
"Intolerancia, machismo",Vivienda,Cabecera municipal,Hombre,Mujer,(06 a 11) Infancia,Soacha,Cluster 1
"Intolerancia, machismo",Vivienda,Parte rural (vereda y campo),Hombre,Hombre,(12 a 17) Adolescencia,Soacha,Cluster 1
"Intolerancia, machismo",Vivienda,Cabecera municipal,Hombre,Hombre,(29 a 59) Adultez,Soacha,Cluster 1
"Intolerancia, machismo",Vivienda,Cabecera municipal,Mujer,Hombre,(18 a 28) Juventud,Soacha,Cluster 1
"Intolerancia, machismo",Vivienda,Cabecera municipal,Mujer,Mujer,(18 a 28) Juventud,Soacha,Cluster 1
"Intolerancia, machismo",Vivienda,Cabecera municipal,Mujer,Hombre,(12 a 17) Adolescencia,Soacha,Cluster 1
Consumo de alcohol y/o sustancias psicoactivas,Vivienda,Cabecera municipal,Hombre,Hombre,(29 a 59) Adultez,Soacha,Cluster 1
"Intolerancia, machismo",Vivienda,Cabecera municipal,Hombre,Mujer,(29 a 59) Adultez,Soacha,Cluster 1
"Intolerancia, machismo",Vivienda,Cabecera municipal,Mujer,Mujer,(18 a 28) Juventud,Soacha,Cluster 1
"Intolerancia, machismo",Vía Pública,Cabecera municipal,Mujer,Hombre,(18 a 28) Juventud,Soacha,Cluster 1
"Intolerancia, machismo",Vía Pública,Cabecera municipal,Mujer,Hombre,(29 a 59) Adultez,Soacha,Cluster 1
"Intolerancia, machismo",Vivienda,Cabecera municipal,Hombre,Hombre,(18 a 28) Juventud,Soacha,Cluster 1
"Intolerancia, machismo",Vivienda,Cabecera municipal,Hombre,Hombre,(18 a 28) Juventud,Soacha,Cluster 1
"Intolerancia, machismo",Vivienda,Cabecera municipal,Mujer,Hombre,(29 a 59) Adultez,Soacha,Cluster 1
"Intolerancia, machismo",Vivienda,Cabecera municipal,Mujer,Hombre,(29 a 59) Adultez,Chía,Cluster 1
"Intolerancia, machismo",Vivienda,Cabecera municipal,Mujer,Mujer,(29 a 59) Adultez,Chía,Cluster 1
Sin información,Vivienda,Cabecera municipal,Hombre,Mujer,(12 a 17) Adolescencia,Guaduas,Cluster 1
Consumo de alcohol y/o sustancias psicoactivas,Vivienda,Cabecera municipal,Mujer,Hombre,(Más de 60) Adulto Mayor,Cajicá,Cluster 1
"Intolerancia, machismo",Vivienda,Cabecera municipal,Hombre,Mujer,(29 a 59) Adultez,Cajicá,Cluster 1
"Intolerancia, machismo",Vivienda,Parte rural (vereda y campo),Mujer,Hombre,(12 a 17) Adolescencia,Girardot,Cluster 1
"Intolerancia, machismo",Vivienda,Cabecera municipal,Hombre,Hombre,(12 a 17) Adolescencia,Girardot,Cluster 1
"Intolerancia, machismo",Vivienda,Cabecera municipal,Mujer,Mujer,(29 a 59) Adultez,Girardot,Cluster 1
Consumo de alcohol y/o sustancias psicoactivas,Vivienda,Cabecera municipal,Hombre,Hombre,(29 a 59) Adultez,Soacha,Cluster 1
"Intolerancia, machismo",Vía Pública,Cabecera municipal,Hombre,Hombre,(00 a 05) Primera Infancia,Soacha,Cluster 1
"Intolerancia, machismo",Vivienda,Cabecera municipal,Hombre,Hombre,(12 a 17) Adolescencia,Soacha,Cluster 1
"Intolerancia, machismo",Vivienda,Cabecera municipal,Hombre,Hombre,(06 a 11) Infancia,Soacha,Cluster 1
"Intolerancia, machismo",Vivienda,Cabecera municipal,Hombre,Hombre,(06 a 11) Infancia,Soacha,Cluster 1
"Intolerancia, machismo","Calle (Autopista,Avenida,Dentro de La Ciudad)",Cabecera municipal,Hombre,Hombre,(29 a 59) Adultez,Soacha,Cluster 2
"Intolerancia, machismo",Vivienda,Cabecera municipal,Mujer,Hombre,(18 a 28) Juventud,Soacha,Cluster 1
"Intolerancia, machismo",Vivienda,Cabecera municipal,Hombre,Mujer,(29 a 59) Adultez,Soacha,Cluster 1
"Intolerancia, machismo",Vivienda,Cabecera municipal,Mujer,Mujer,(18 a 28) Juventud,Soacha,Cluster 1
"Intolerancia, machismo",Vivienda,Cabecera municipal,Mujer,Mujer,(29 a 59) Adultez,Chía,Cluster 1
"Intolerancia, machismo",Vivienda,Cabecera municipal,Mujer,Hombre,(29 a 59) Adultez,Chía,Cluster 1
Consumo de alcohol y/o sustancias psicoactivas,Vivienda,"Centro poblado(corregimiento, inspección de policía y caserío)",Hombre,Hombre,(18 a 28) Juventud,Chía,Cluster 1
Enfermedad fisica o mental,Vivienda,"Centro poblado(corregimiento, inspección de policía y caserío)",Hombre,Hombre,(12 a 17) Adolescencia,Guaduas,Cluster 1
Consumo de alcohol y/o sustancias psicoactivas,Vivienda,Cabecera municipal,Mujer,Hombre,(29 a 59) Adultez,Cajicá,Cluster 1
Sin información,Vivienda,Cabecera municipal,Hombre,Hombre,(06 a 11) Infancia,Cajicá,Cluster 1
Sin información,Vivienda,Cabecera municipal,Hombre,Hombre,(06 a 11) Infancia,Cajicá,Cluster 1
"Intolerancia, machismo",Vivienda,Cabecera municipal,Hombre,Mujer,(00 a 05) Primera Infancia,Soacha,Cluster 1
"Intolerancia, machismo",Vivienda,Cabecera municipal,Mujer,Hombre,(00 a 05) Primera Infancia,Girardot,Cluster 1
"Intolerancia, machismo",Vivienda,Cabecera municipal,Mujer,Hombre,(29 a 59) Adultez,Soacha,Cluster 1
"Intolerancia, machismo",Vivienda,Cabecera municipal,Mujer,Hombre,(Más de 60) Adulto Mayor,Soacha,Cluster 1
Sin información,"Calle (Autopista,Avenida,Dentro de La Ciudad)",Cabecera municipal,Hombre,Hombre,(00 a 05) Primera Infancia,Soacha,Cluster 2
"Intolerancia, machismo",Vivienda,Cabecera municipal,Mujer,Hombre,(18 a 28) Juventud,Soacha,Cluster 1
"Intolerancia, machismo",Vía Pública,Cabecera municipal,Mujer,Hombre,(29 a 59) Adultez,Soacha,Cluster 1
"Intolerancia, machismo","Calle (Autopista,Avenida,Dentro de La Ciudad)",Cabecera municipal,Mujer,Mujer,(29 a 59) Adultez,Soacha,Cluster 2
"Intolerancia, machismo","Calle (Autopista,Avenida,Dentro de La Ciudad)",Cabecera municipal,Mujer,Hombre,(12 a 17) Adolescencia,Soacha,Cluster 2
"Intolerancia, machismo",Vivienda,"Centro poblado(corregimiento, inspección de policía y caserío)",Mujer,Hombre,(06 a 11) Infancia,Guaduas,Cluster 1
"Intolerancia, machismo",Vivienda,Cabecera municipal,Mujer,Mujer,(12 a 17) Adolescencia,Chía,Cluster 1
"Intolerancia, machismo","Calle (Autopista,Avenida,Dentro de La Ciudad)",Cabecera municipal,Mujer,Mujer,(29 a 59) Adultez,Chía,Cluster 2
"Intolerancia, machismo","Calle (Autopista,Avenida,Dentro de La Ciudad)",Cabecera municipal,Mujer,Mujer,(29 a 59) Adultez,Chía,Cluster 2
"Intolerancia, machismo",Vivienda,Cabecera municipal,Mujer,Hombre,(18 a 28) Juventud,Cajicá,Cluster 1
Sin información,Vivienda,Cabecera municipal,Hombre,Mujer,(06 a 11) Infancia,Cajicá,Cluster 1
"Intolerancia, machismo",Vivienda,"Centro poblado(corregimiento, inspección de policía y caserío)",Hombre,Hombre,(29 a 59) Adultez,Cajicá,Cluster 1
"Intolerancia, machismo",Vivienda,Cabecera municipal,Hombre,Mujer,(12 a 17) Adolescencia,Cajicá,Cluster 1
"Intolerancia, machismo",Vivienda,Parte rural (vereda y campo),Mujer,Hombre,(29 a 59) Adultez,Girardot,Cluster 1
Sin información,Vivienda,Cabecera municipal,Mujer,Hombre,(06 a 11) Infancia,Girardot,Cluster 1
"Intolerancia, machismo",Vivienda,Cabecera municipal,Hombre,Hombre,(29 a 59) Adultez,Girardot,Cluster 1
"Intolerancia, machismo",Vivienda,Cabecera municipal,Mujer,Mujer,(29 a 59) Adultez,Soacha,Cluster 1
"Intolerancia, machismo",Vivienda,Cabecera municipal,Hombre,Mujer,(00 a 05) Primera Infancia,Soacha,Cluster 1
"Intolerancia, machismo",Vivienda,Parte rural (vereda y campo),Mujer,Hombre,(06 a 11) Infancia,Soacha,Cluster 1
"Intolerancia, machismo",Vivienda,Cabecera municipal,Hombre,Hombre,(06 a 11) Infancia,Soacha,Cluster 1
"Intolerancia, machismo",Vivienda,Cabecera municipal,Hombre,Hombre,(18 a 28) Juventud,Soacha,Cluster 1
"Intolerancia, machismo",Vivienda,Cabecera municipal,Hombre,Hombre,(29 a 59) Adultez,Soacha,Cluster 1
"Intolerancia, machismo",Vivienda,Cabecera municipal,Hombre,Mujer,(29 a 59) Adultez,Chía,Cluster 1
"Intolerancia, machismo",Vivienda,"Centro poblado(corregimiento, inspección de policía y caserío)",Mujer,Mujer,(12 a 17) Adolescencia,Chía,Cluster 1
"Intolerancia, machismo",Vivienda,"Centro poblado(corregimiento, inspección de policía y caserío)",Mujer,Mujer,(18 a 28) Juventud,Chía,Cluster 1
"Intolerancia, machismo","Calle (Autopista,Avenida,Dentro de La Ciudad)",Cabecera municipal,Hombre,Hombre,(18 a 28) Juventud,Chía,Cluster 2
Sin información,Vivienda,Cabecera municipal,Mujer,Hombre,(06 a 11) Infancia,Cajicá,Cluster 1
Consumo de alcohol y/o sustancias psicoactivas,Vivienda,Cabecera municipal,Mujer,Mujer,(29 a 59) Adultez,Cajicá,Cluster 1
Sin información,Vivienda,Parte rural (vereda y campo),Hombre,Hombre,(12 a 17) Adolescencia,Cajicá,Cluster 1
"Intolerancia, machismo",Vivienda,Cabecera municipal,Hombre,Hombre,(Más de 60) Adulto Mayor,Girardot,Cluster 1
Sin información,"Calle (Autopista,Avenida,Dentro de La Ciudad)",Cabecera municipal,Mujer,Mujer,(Más de 60) Adulto Mayor,Girardot,Cluster 2
"Intolerancia, machismo",Vivienda,Cabecera municipal,Mujer,Mujer,(18 a 28) Juventud,Soacha,Cluster 1
"Intolerancia, machismo",Vía Pública,Cabecera municipal,Hombre,Hombre,(06 a 11) Infancia,Soacha,Cluster 1
"Intolerancia, machismo",Vivienda,Cabecera municipal,Hombre,Hombre,(Más de 60) Adulto Mayor,Soacha,Cluster 1
"Intolerancia, machismo",Vivienda,Cabecera municipal,Mujer,Mujer,(29 a 59) Adultez,Soacha,Cluster 1
"Intolerancia, machismo",Vivienda,Parte rural (vereda y campo),Mujer,Mujer,(12 a 17) Adolescencia,Guaduas,Cluster 1
Sin información,Vivienda,Cabecera municipal,Hombre,Mujer,(18 a 28) Juventud,Cajicá,Cluster 1
"Intolerancia, machismo",Vivienda,Cabecera municipal,Hombre,Mujer,(29 a 59) Adultez,Soacha,Cluster 1
Consumo de alcohol y/o sustancias psicoactivas,Vivienda,Cabecera municipal,Mujer,Hombre,(29 a 59) Adultez,Soacha,Cluster 1
Consumo de alcohol y/o sustancias psicoactivas,Vivienda,Cabecera municipal,Mujer,Hombre,(29 a 59) Adultez,Soacha,Cluster 1
"Intolerancia, machismo",Vivienda,Cabecera municipal,Mujer,Mujer,(12 a 17) Adolescencia,Soacha,Cluster 1
"Intolerancia, machismo",Vivienda,Sin información,Hombre,Hombre,(18 a 28) Juventud,Soacha,Cluster 1
"Intolerancia, machismo",Vivienda,Cabecera municipal,Mujer,Hombre,(18 a 28) Juventud,Chía,Cluster 1
Consumo de alcohol y/o sustancias psicoactivas,Vivienda,Parte rural (vereda y campo),Mujer,Hombre,(18 a 28) Juventud,Chía,Cluster 1
"Intolerancia, machismo",Vivienda,Cabecera municipal,Hombre,Hombre,(06 a 11) Infancia,Guaduas,Cluster 1
Económicas,Vivienda,Parte rural (vereda y campo),Hombre,Hombre,(18 a 28) Juventud,Pacho,Cluster 1
"Intolerancia, machismo",Vivienda,Cabecera municipal,Mujer,Mujer,(Más de 60) Adulto Mayor,Cajicá,Cluster 1
"Intolerancia, machismo",Vivienda,Cabecera municipal,Hombre,Mujer,(Más de 60) Adulto Mayor,Cajicá,Cluster 1
"Celos, desconfianza, infidelidad",Oficinas y/o Edificios de Oficinas,Cabecera municipal,Mujer,Hombre,(18 a 28) Juventud,Cajicá,Cluster 3
Sin información,Vivienda,Cabecera municipal,Hombre,Hombre,(18 a 28) Juventud,Cajicá,Cluster 1
Sin información,Vivienda,Cabecera municipal,Hombre,Hombre,(06 a 11) Infancia,Cajicá,Cluster 1
Sin información,Vivienda,Parte rural (vereda y campo),Mujer,Hombre,(12 a 17) Adolescencia,Cajicá,Cluster 1
Sin información,Vivienda,Cabecera municipal,Mujer,Hombre,(00 a 05) Primera Infancia,Girardot,Cluster 1
"Intolerancia, machismo",Vía Pública,Cabecera municipal,Mujer,Hombre,(18 a 28) Juventud,Girardot,Cluster 1
"Intolerancia, machismo",Vivienda,Cabecera municipal,Mujer,Hombre,(18 a 28) Juventud,Soacha,Cluster 1
"Intolerancia, machismo",Vía Pública,Cabecera municipal,Hombre,Hombre,(29 a 59) Adultez,Soacha,Cluster 1
"Intolerancia, machismo",Vivienda,Cabecera municipal,Mujer,Hombre,(18 a 28) Juventud,Soacha,Cluster 1
"Intolerancia, machismo",Vivienda,Cabecera municipal,Hombre,Mujer,(Más de 60) Adulto Mayor,Soacha,Cluster 1
"Intolerancia, machismo",Vivienda,Cabecera municipal,Mujer,Hombre,(29 a 59) Adultez,Soacha,Cluster 1
Consumo de alcohol y/o sustancias psicoactivas,Vía Pública,Cabecera municipal,Hombre,Hombre,(18 a 28) Juventud,Soacha,Cluster 1
"Intolerancia, machismo",Vivienda,Cabecera municipal,Mujer,Hombre,(29 a 59) Adultez,Soacha,Cluster 1
"Intolerancia, machismo",Vivienda,Cabecera municipal,Mujer,Hombre,(18 a 28) Juventud,Soacha,Cluster 1
Económicas,Vivienda,Cabecera municipal,Hombre,Hombre,(18 a 28) Juventud,Chía,Cluster 1
Consumo de alcohol y/o sustancias psicoactivas,Vivienda,Parte rural (vereda y campo),Mujer,Hombre,(29 a 59) Adultez,Chía,Cluster 1
Consumo de alcohol y/o sustancias psicoactivas,Vivienda,Cabecera municipal,Hombre,Mujer,(18 a 28) Juventud,Chía,Cluster 1
Consumo de alcohol y/o sustancias psicoactivas,Vivienda,Parte rural (vereda y campo),Hombre,Hombre,(29 a 59) Adultez,Chía,Cluster 1
"Intolerancia, machismo",Vivienda,Cabecera municipal,Hombre,Mujer,(00 a 05) Primera Infancia,Chía,Cluster 1
"Intolerancia, machismo",Vivienda,Cabecera municipal,Mujer,Mujer,(00 a 05) Primera Infancia,Chía,Cluster 1
Consumo de alcohol y/o sustancias psicoactivas,Vivienda,Cabecera municipal,Mujer,Hombre,(Más de 60) Adulto Mayor,Guaduas,Cluster 1
Consumo de alcohol y/o sustancias psicoactivas,Vivienda,Cabecera municipal,Hombre,Hombre,(29 a 59) Adultez,Guaduas,Cluster 1
Consumo de alcohol y/o sustancias psicoactivas,Vivienda,Cabecera municipal,Hombre,Hombre,(29 a 59) Adultez,Guaduas,Cluster 1
"Intolerancia, machismo",Vivienda,Cabecera municipal,Hombre,Hombre,(12 a 17) Adolescencia,Cajicá,Cluster 1
Sin información,Vivienda,Cabecera municipal,Hombre,Hombre,(18 a 28) Juventud,Cajicá,Cluster 1
Sin información,Vivienda,Cabecera municipal,Mujer,Mujer,(12 a 17) Adolescencia,Soacha,Cluster 1
"Intolerancia, machismo",Vivienda,Cabecera municipal,Mujer,Hombre,(29 a 59) Adultez,Girardot,Cluster 1
"Intolerancia, machismo",Vivienda,Sin información,Mujer,Hombre,(00 a 05) Primera Infancia,Girardot,Cluster 1
"Intolerancia, machismo","Calle (Autopista,Avenida,Dentro de La Ciudad)",Cabecera municipal,Mujer,Mujer,(12 a 17) Adolescencia,Girardot,Cluster 2
Consumo de alcohol y/o sustancias psicoactivas,Vivienda,Cabecera municipal,Mujer,Mujer,(Más de 60) Adulto Mayor,Girardot,Cluster 1
"Intolerancia, machismo",Vía Pública,Cabecera municipal,Hombre,Mujer,(06 a 11) Infancia,Girardot,Cluster 1
"Intolerancia, machismo",Vivienda,Cabecera municipal,Mujer,Hombre,(29 a 59) Adultez,Soacha,Cluster 1
"Intolerancia, machismo",Vivienda,"Centro poblado(corregimiento, inspección de policía y caserío)",Mujer,Hombre,(29 a 59) Adultez,Soacha,Cluster 1
"Intolerancia, machismo",Vivienda,Cabecera municipal,Mujer,Hombre,(Más de 60) Adulto Mayor,Chía,Cluster 1
Consumo de alcohol y/o sustancias psicoactivas,Vivienda,"Centro poblado(corregimiento, inspección de policía y caserío)",Mujer,Hombre,(29 a 59) Adultez,Cota,Cluster 1
Otras razones,Vivienda,Parte rural (vereda y campo),Mujer,Mujer,(12 a 17) Adolescencia,Guaduas,Cluster 1
Consumo de alcohol y/o sustancias psicoactivas,Vivienda,Parte rural (vereda y campo),Hombre,Hombre,(12 a 17) Adolescencia,Soacha,Cluster 1
Consumo de alcohol y/o sustancias psicoactivas,Vivienda,Parte rural (vereda y campo),Hombre,Hombre,(06 a 11) Infancia,Soacha,Cluster 1
Sin información,Vivienda,Cabecera municipal,Mujer,Mujer,(06 a 11) Infancia,Girardot,Cluster 1
Consumo de alcohol y/o sustancias psicoactivas,"Lugares de Hospedaje (Hoteles,Campamentos Y Otros Tipos de Hospedaje No Permanente,Moteles,Etc)",Cabecera municipal,Mujer,Hombre,(18 a 28) Juventud,Girardot,Cluster 3
Consumo de alcohol y/o sustancias psicoactivas,"Lugares de Hospedaje (Hoteles,Campamentos Y Otros Tipos de Hospedaje No Permanente,Moteles,Etc)",Cabecera municipal,Mujer,Hombre,(29 a 59) Adultez,Girardot,Cluster 3
"Intolerancia, machismo",Vivienda,Cabecera municipal,Mujer,Hombre,(18 a 28) Juventud,Girardot,Cluster 1
"Intolerancia, machismo",Vivienda,Cabecera municipal,Hombre,Mujer,(29 a 59) Adultez,Soacha,Cluster 1
"Intolerancia, machismo",Vivienda,Cabecera municipal,Hombre,Hombre,(Más de 60) Adulto Mayor,Soacha,Cluster 1
"Intolerancia, machismo",Vivienda,Cabecera municipal,Mujer,Hombre,(29 a 59) Adultez,Soacha,Cluster 1
"Intolerancia, machismo",Vía Pública,Cabecera municipal,Hombre,Hombre,(18 a 28) Juventud,Soacha,Cluster 1
"Intolerancia, machismo",Vivienda,Cabecera municipal,Hombre,Hombre,(12 a 17) Adolescencia,Soacha,Cluster 1
"Intolerancia, machismo",Vía Pública,Cabecera municipal,Mujer,Hombre,(18 a 28) Juventud,Soacha,Cluster 1
Consumo de alcohol y/o sustancias psicoactivas,"Calle (Autopista,Avenida,Dentro de La Ciudad)",Cabecera municipal,Hombre,Hombre,(06 a 11) Infancia,Soacha,Cluster 2
"Intolerancia, machismo",Vivienda,Cabecera municipal,Mujer,Hombre,(18 a 28) Juventud,Soacha,Cluster 1
"Intolerancia, machismo",Vivienda,Cabecera municipal,Hombre,Hombre,(Más de 60) Adulto Mayor,Soacha,Cluster 1
"Intolerancia, machismo",Vivienda,Parte rural (vereda y campo),Mujer,Hombre,(29 a 59) Adultez,Guaduas,Cluster 1
"Intolerancia, machismo",Vivienda,Cabecera municipal,Mujer,Hombre,(18 a 28) Juventud,Soacha,Cluster 1
Sin información,"Calle (Autopista,Avenida,Dentro de La Ciudad)",Cabecera municipal,Mujer,Hombre,(06 a 11) Infancia,Chía,Cluster 2
"Intolerancia, machismo",Vivienda,"Centro poblado(corregimiento, inspección de policía y caserío)",Mujer,Mujer,(18 a 28) Juventud,Chía,Cluster 1
"Intolerancia, machismo",Vivienda,Cabecera municipal,Hombre,Hombre,(18 a 28) Juventud,Cajicá,Cluster 1
"Intolerancia, machismo",Vivienda,Cabecera municipal,Hombre,Hombre,(06 a 11) Infancia,Soacha,Cluster 1
"Intolerancia, machismo","Calle (Autopista,Avenida,Dentro de La Ciudad)",Cabecera municipal,Mujer,Hombre,(Más de 60) Adulto Mayor,Girardot,Cluster 2
"Intolerancia, machismo","Calle (Autopista,Avenida,Dentro de La Ciudad)",Cabecera municipal,Hombre,Hombre,(18 a 28) Juventud,Soacha,Cluster 2
"Intolerancia, machismo",Vía Pública,Cabecera municipal,Mujer,Mujer,(29 a 59) Adultez,Soacha,Cluster 1
"Intolerancia, machismo",Vivienda,Cabecera municipal,Mujer,Hombre,(00 a 05) Primera Infancia,Soacha,Cluster 1
"Intolerancia, machismo",Vivienda,Cabecera municipal,Hombre,Hombre,(Más de 60) Adulto Mayor,Soacha,Cluster 1
"Intolerancia, machismo",Vía Pública,Cabecera municipal,Mujer,Hombre,(18 a 28) Juventud,Soacha,Cluster 1
"Intolerancia, machismo",Vivienda,Cabecera municipal,Mujer,Mujer,(29 a 59) Adultez,Soacha,Cluster 1
"Intolerancia, machismo",Vivienda,Cabecera municipal,Hombre,Hombre,(29 a 59) Adultez,Soacha,Cluster 1
"Intolerancia, machismo",Vivienda,Cabecera municipal,Mujer,Hombre,(29 a 59) Adultez,Soacha,Cluster 1
Sin información,"Calle (Autopista,Avenida,Dentro de La Ciudad)",Cabecera municipal,Mujer,Hombre,(18 a 28) Juventud,Soacha,Cluster 2
Consumo de alcohol y/o sustancias psicoactivas,Vivienda,Cabecera municipal,Mujer,Hombre,(06 a 11) Infancia,Soacha,Cluster 1
Sin información,Vivienda,Cabecera municipal,Hombre,Hombre,(12 a 17) Adolescencia,Soacha,Cluster 1
"Intolerancia, machismo",Vivienda,Cabecera municipal,Mujer,Mujer,(06 a 11) Infancia,Soacha,Cluster 1
"Intolerancia, machismo",Vivienda,Cabecera municipal,Hombre,Mujer,(06 a 11) Infancia,Soacha,Cluster 1
"Intolerancia, machismo",Vivienda,Cabecera municipal,Mujer,Hombre,(06 a 11) Infancia,Soacha,Cluster 1
"Intolerancia, machismo",Vivienda,Cabecera municipal,Hombre,Mujer,(06 a 11) Infancia,Soacha,Cluster 1
"Intolerancia, machismo",Vivienda,Cabecera municipal,Mujer,Hombre,(12 a 17) Adolescencia,Soacha,Cluster 1
"Intolerancia, machismo",Vivienda,Cabecera municipal,Hombre,Mujer,(00 a 05) Primera Infancia,Soacha,Cluster 1
Sin información,Vivienda,Cabecera municipal,Hombre,Mujer,(00 a 05) Primera Infancia,Soacha,Cluster 1
"Intolerancia, machismo",Vivienda,Cabecera municipal,Hombre,Hombre,(06 a 11) Infancia,Soacha,Cluster 1
"Intolerancia, machismo",Vivienda,Cabecera municipal,Mujer,Mujer,(12 a 17) Adolescencia,Soacha,Cluster 1
"Intolerancia, machismo",Vivienda,"Centro poblado (corregimiento, inspección de policía y caserío)",Hombre,Hombre,(06 a 11) Infancia,Chía,Cluster 1
"Intolerancia, machismo",Vivienda,Cabecera municipal,Mujer,Mujer,(06 a 11) Infancia,Soacha,Cluster 1
"Intolerancia, machismo",Vivienda,Cabecera municipal,Mujer,Hombre,(06 a 11) Infancia,Soacha,Cluster 1
"Intolerancia, machismo",Vivienda,"Centro poblado (corregimiento, inspección de policía y caserío)",Mujer,Mujer,(06 a 11) Infancia,Soacha,Cluster 1
Sin información,Vivienda,Cabecera municipal,Hombre,Hombre,(12 a 17) Adolescencia,Cajicá,Cluster 1
"Intolerancia, machismo",Vivienda,Cabecera municipal,Mujer,Hombre,(29 a 59) Adultez,Soacha,Cluster 1
"Intolerancia, machismo",Vivienda,Cabecera municipal,Mujer,Hombre,(29 a 59) Adultez,Soacha,Cluster 1
"Intolerancia, machismo","Calle (autopista, avenida, dentro de la ciudad)",Cabecera municipal,Hombre,Hombre,(29 a 59) Adultez,Soacha,Cluster 2
"Intolerancia, machismo",Vivienda,Cabecera municipal,Hombre,Hombre,(18 a 28) Juventud,Soacha,Cluster 1
"Intolerancia, machismo",Vivienda,Cabecera municipal,Mujer,Hombre,(29 a 59) Adultez,Chía,Cluster 1
"Intolerancia, machismo",Vivienda,Cabecera municipal,Mujer,Mujer,(Más de 60) Adulto Mayor,Soacha,Cluster 1
Económicas,Vivienda,Cabecera municipal,Mujer,Hombre,(18 a 28) Juventud,Soacha,Cluster 1
"Intolerancia, machismo",Vivienda,Cabecera municipal,Hombre,Mujer,(29 a 59) Adultez,Soacha,Cluster 1
"Intolerancia, machismo",Vivienda,Parte rural (vereda y campo),Hombre,Hombre,(29 a 59) Adultez,Soacha,Cluster 1
"Intolerancia, machismo",Vivienda,Cabecera municipal,Mujer,Mujer,(29 a 59) Adultez,Girardot,Cluster 1
Sin información,"Calle (autopista, avenida, dentro de la ciudad)",Cabecera municipal,Hombre,Hombre,(29 a 59) Adultez,Soacha,Cluster 2
Sin información,Vivienda,Cabecera municipal,Hombre,Hombre,(Más de 60) Adulto Mayor,Soacha,Cluster 1
"Intolerancia, machismo","Lugares de hospedaje (hoteles, campamentos y otros tipos de hospedaje no permanente, moteles, etc.)",Cabecera municipal,Mujer,Hombre,(29 a 59) Adultez,Soacha,Cluster 3
Consumo de alcohol y/o sustancias psicoactivas,Vivienda,Cabecera municipal,Mujer,Hombre,(29 a 59) Adultez,Soacha,Cluster 1
Sin información,Vivienda,Cabecera municipal,Hombre,Mujer,(29 a 59) Adultez,Soacha,Cluster 1
Sin información,Vivienda,Cabecera municipal,Hombre,Hombre,(29 a 59) Adultez,Soacha,Cluster 1
Sin información,Vivienda,Cabecera municipal,Hombre,Hombre,(18 a 28) Juventud,Soacha,Cluster 1
"Intolerancia, machismo",Vivienda,Cabecera municipal,Mujer,Hombre,(18 a 28) Juventud,Soacha,Cluster 1
"Intolerancia, machismo",Vivienda,Cabecera municipal,Hombre,Mujer,(18 a 28) Juventud,Soacha,Cluster 1
"Intolerancia, machismo",Vivienda,Cabecera municipal,Hombre,Mujer,(29 a 59) Adultez,Soacha,Cluster 1
Consumo de alcohol y/o sustancias psicoactivas,Vivienda,Cabecera municipal,Mujer,Hombre,(18 a 28) Juventud,Soacha,Cluster 1
Consumo de alcohol y/o sustancias psicoactivas,Vivienda,Cabecera municipal,Mujer,Hombre,(18 a 28) Juventud,Girardot,Cluster 1
Consumo de alcohol y/o sustancias psicoactivas,Vivienda,Cabecera municipal,Mujer,Hombre,(18 a 28) Juventud,Girardot,Cluster 1
"Intolerancia, machismo","Calle (autopista, avenida, dentro de la ciudad)",Cabecera municipal,Hombre,Hombre,(18 a 28) Juventud,Soacha,Cluster 2
"Intolerancia, machismo",Vivienda,Cabecera municipal,Mujer,Hombre,(29 a 59) Adultez,Chía,Cluster 1
Económicas,Vía pública,Cabecera municipal,Hombre,Hombre,(29 a 59) Adultez,Soacha,Cluster 1
"Intolerancia, machismo",Vivienda,Cabecera municipal,Mujer,Mujer,(29 a 59) Adultez,Soacha,Cluster 1
"Intolerancia, machismo",Vivienda,Cabecera municipal,Hombre,Hombre,(29 a 59) Adultez,Cajicá,Cluster 1
"Intolerancia, machismo",Vivienda,Cabecera municipal,Mujer,Hombre,(29 a 59) Adultez,Soacha,Cluster 1
"Intolerancia, machismo","Calle (autopista, avenida, dentro de la ciudad)",Cabecera municipal,Hombre,Hombre,(18 a 28) Juventud,Soacha,Cluster 2
Consumo de alcohol y/o sustancias psicoactivas,Vivienda,Cabecera municipal,Hombre,Mujer,(18 a 28) Juventud,Soacha,Cluster 1
Consumo de alcohol y/o sustancias psicoactivas,Vivienda,Cabecera municipal,Hombre,Hombre,(29 a 59) Adultez,Soacha,Cluster 1
Consumo de alcohol y/o sustancias psicoactivas,Vivienda,Cabecera municipal,Hombre,Hombre,(29 a 59) Adultez,Soacha,Cluster 1
"Intolerancia, machismo",Vivienda,Cabecera municipal,Mujer,Hombre,(29 a 59) Adultez,Soacha,Cluster 1
"Intolerancia, machismo",Vivienda,Cabecera municipal,Hombre,Hombre,(18 a 28) Juventud,Soacha,Cluster 1
"Intolerancia, machismo",Vivienda,Cabecera municipal,Mujer,Hombre,(18 a 28) Juventud,Soacha,Cluster 1
"Intolerancia, machismo",Vivienda,Cabecera municipal,Mujer,Hombre,(00 a 05) Primera Infancia,Soacha,Cluster 1
Consumo de alcohol y/o sustancias psicoactivas,Vivienda,Cabecera municipal,Hombre,Hombre,(18 a 28) Juventud,Soacha,Cluster 1
"Intolerancia, machismo","Lugares de hospedaje (hoteles, campamentos y otros tipos de hospedaje no permanente, moteles, etc.)",Cabecera municipal,Hombre,Hombre,(00 a 05) Primera Infancia,Soacha,Cluster 3
"Intolerancia, machismo",Vivienda,Cabecera municipal,Mujer,Mujer,(18 a 28) Juventud,Soacha,Cluster 1
"Intolerancia, machismo",Vivienda,Cabecera municipal,Hombre,Mujer,(29 a 59) Adultez,Soacha,Cluster 1
"Intolerancia, machismo",Vivienda,Cabecera municipal,Mujer,Hombre,(29 a 59) Adultez,Cajicá,Cluster 1
Consumo de alcohol y/o sustancias psicoactivas,Vivienda,Cabecera municipal,Hombre,Hombre,(29 a 59) Adultez,Cajicá,Cluster 1
"Intolerancia, machismo",Vivienda,Cabecera municipal,Hombre,Mujer,(06 a 11) Infancia,Cajicá,Cluster 1
"Intolerancia, machismo",Vivienda,Cabecera municipal,Mujer,Mujer,(06 a 11) Infancia,Cajicá,Cluster 1
Sin información,"Calle (autopista, avenida, dentro de la ciudad)",Cabecera municipal,Hombre,Hombre,(06 a 11) Infancia,Cajicá,Cluster 2
"Intolerancia, machismo",Vivienda,Cabecera municipal,Hombre,Hombre,(06 a 11) Infancia,Cajicá,Cluster 1
Sin información,Vivienda,Cabecera municipal,Hombre,Mujer,(12 a 17) Adolescencia,Cajicá,Cluster 1
Otras razones,Vivienda,Cabecera municipal,Mujer,Mujer,(29 a 59) Adultez,Cajicá,Cluster 1
Consumo de alcohol y/o sustancias psicoactivas,Vivienda,Cabecera municipal,Hombre,Hombre,(29 a 59) Adultez,Cajicá,Cluster 1
Sin información,Vivienda,Cabecera municipal,Mujer,Hombre,(12 a 17) Adolescencia,Cajicá,Cluster 1
Otras razones,"Calle (autopista, avenida, dentro de la ciudad)",Cabecera municipal,Hombre,Hombre,(12 a 17) Adolescencia,Cajicá,Cluster 2
Sin información,Vivienda,Cabecera municipal,Hombre,Hombre,(06 a 11) Infancia,Cajicá,Cluster 1
Consumo de alcohol y/o sustancias psicoactivas,Vivienda,Cabecera municipal,Mujer,Hombre,(29 a 59) Adultez,Cajicá,Cluster 1
"Intolerancia, machismo",Vivienda,Cabecera municipal,Hombre,Hombre,(18 a 28) Juventud,Cajicá,Cluster 1
Abandono,Vivienda,Cabecera municipal,Mujer,Sin información,(00 a 05) Primera Infancia,Cajicá,Cluster 1
"Intolerancia, machismo",Vivienda,Cabecera municipal,Hombre,Hombre,(29 a 59) Adultez,Cajicá,Cluster 1
"Intolerancia, machismo",Vivienda,Cabecera municipal,Mujer,Hombre,(00 a 05) Primera Infancia,Cajicá,Cluster 1
Consumo de alcohol y/o sustancias psicoactivas,Vivienda,Cabecera municipal,Mujer,Mujer,(06 a 11) Infancia,Cajicá,Cluster 1
"Intolerancia, machismo","Calle (autopista, avenida, dentro de la ciudad)",Cabecera municipal,Mujer,Mujer,(18 a 28) Juventud,Cajicá,Cluster 2
Consumo de alcohol y/o sustancias psicoactivas,"Calle (autopista, avenida, dentro de la ciudad)",Cabecera municipal,Mujer,Hombre,(29 a 59) Adultez,Cajicá,Cluster 2
"Intolerancia, machismo","Calle (autopista, avenida, dentro de la ciudad)",Cabecera municipal,Hombre,Sin información,(18 a 28) Juventud,Cajicá,Cluster 2
Consumo de alcohol y/o sustancias psicoactivas,Vivienda,Cabecera municipal,Hombre,Hombre,(29 a 59) Adultez,Cajicá,Cluster 1
"Intolerancia, machismo",Vivienda,Cabecera municipal,Mujer,Mujer,(18 a 28) Juventud,Cajicá,Cluster 1
Abandono,Vivienda,Cabecera municipal,Hombre,Mujer,(00 a 05) Primera Infancia,Cajicá,Cluster 1
"Intolerancia, machismo",Vivienda,Parte rural (vereda y campo),Hombre,Hombre,(18 a 28) Juventud,Cajicá,Cluster 1
"Intolerancia, machismo",Vivienda,Cabecera municipal,Mujer,Mujer,(12 a 17) Adolescencia,Cajicá,Cluster 1
"Intolerancia, machismo",Vivienda,Cabecera municipal,Hombre,Hombre,(18 a 28) Juventud,Cajicá,Cluster 1
Sin información,Sin Información,Cabecera municipal,Hombre,Mujer,(06 a 11) Infancia,Cajicá,Cluster 3
Consumo de alcohol y/o sustancias psicoactivas,Vivienda,Cabecera municipal,Mujer,Hombre,(29 a 59) Adultez,Cajicá,Cluster 1
Consumo de alcohol y/o sustancias psicoactivas,Vivienda,Cabecera municipal,Hombre,Hombre,(29 a 59) Adultez,Cajicá,Cluster 1
"Celos, desconfianza, infidelidad",Vivienda,Cabecera municipal,Mujer,Mujer,(29 a 59) Adultez,Cajicá,Cluster 1
"Intolerancia, machismo",Vivienda,Cabecera municipal,Mujer,Hombre,(12 a 17) Adolescencia,Cajicá,Cluster 1
"Intolerancia, machismo",Vivienda,Cabecera municipal,Mujer,Hombre,(29 a 59) Adultez,Cajicá,Cluster 1
Consumo de alcohol y/o sustancias psicoactivas,Vivienda,Cabecera municipal,Mujer,Hombre,(12 a 17) Adolescencia,Cajicá,Cluster 1
Consumo de alcohol y/o sustancias psicoactivas,Vivienda,Cabecera municipal,Mujer,Hombre,(18 a 28) Juventud,Cajicá,Cluster 1
Otras razones,Vivienda,Cabecera municipal,Hombre,Mujer,(06 a 11) Infancia,Cajicá,Cluster 1
Sin información,Áreas deportivas y/o recreativas,Cabecera municipal,Hombre,Sin información,(00 a 05) Primera Infancia,Cajicá,Cluster 1
"Intolerancia, machismo",Vivienda,Cabecera municipal,Mujer,Hombre,(29 a 59) Adultez,Cajicá,Cluster 1
Consumo de alcohol y/o sustancias psicoactivas,Vivienda,Cabecera municipal,Mujer,Hombre,(18 a 28) Juventud,Cajicá,Cluster 1
"Intolerancia, machismo",Vivienda,Parte rural (vereda y campo),Hombre,Hombre,(29 a 59) Adultez,Cajicá,Cluster 1
"Intolerancia, machismo",Vivienda,Parte rural (vereda y campo),Hombre,Mujer,(18 a 28) Juventud,Cota,Cluster 1
Sin información,Vivienda,"Centro poblado (corregimiento, inspección de policía y caserío)",Mujer,Hombre,(00 a 05) Primera Infancia,Cota,Cluster 1
Sin información,Vivienda,Cabecera municipal,Mujer,Mujer,(06 a 11) Infancia,Chía,Cluster 1
Sin información,Vivienda,Cabecera municipal,Hombre,Hombre,(29 a 59) Adultez,Chía,Cluster 1
Sin información,Vivienda,Cabecera municipal,Mujer,Hombre,(12 a 17) Adolescencia,Chía,Cluster 1
Sin información,Vivienda,Cabecera municipal,Mujer,Sin información,(18 a 28) Juventud,Chía,Cluster 1
Sin información,Vivienda,"Centro poblado (corregimiento, inspección de policía y caserío)",Hombre,Sin información,(Más de 60) Adulto Mayor,Cota,Cluster 1
Sin información,Vivienda,Cabecera municipal,Hombre,Hombre,(29 a 59) Adultez,Chía,Cluster 1
Sin información,Vivienda,Cabecera municipal,Mujer,Hombre,(29 a 59) Adultez,Chía,Cluster 1
Sin información,"Calle (autopista, avenida, dentro de la ciudad)",Cabecera municipal,Hombre,Hombre,(29 a 59) Adultez,Chía,Cluster 2
Sin información,"Lugares de hospedaje (hoteles, campamentos y otros tipos de hospedaje no permanente, moteles, etc.)",Cabecera municipal,Mujer,Hombre,(12 a 17) Adolescencia,Chía,Cluster 3
Sin información,"Calle (autopista, avenida, dentro de la ciudad)",Cabecera municipal,Hombre,Hombre,(18 a 28) Juventud,Chía,Cluster 2
Sin información,"Lugares de hospedaje (hoteles, campamentos y otros tipos de hospedaje no permanente, moteles, etc.)",Cabecera municipal,Mujer,Hombre,(29 a 59) Adultez,Chía,Cluster 3
Sin información,"Lugares de hospedaje (hoteles, campamentos y otros tipos de hospedaje no permanente, moteles, etc.)",Cabecera municipal,Mujer,Mujer,(29 a 59) Adultez,Chía,Cluster 3
"Intolerancia, machismo","Calle (autopista, avenida, dentro de la ciudad)",Cabecera municipal,Hombre,Hombre,(29 a 59) Adultez,Chía,Cluster 2
"Intolerancia, machismo","Establecimientos de expendio de comidas (restaurantes, asaderos, salsamentarias, etc.)",Cabecera municipal,Hombre,Hombre,(29 a 59) Adultez,Pacho,Cluster 3
Sin información,"Lugares de hospedaje (hoteles, campamentos y otros tipos de hospedaje no permanente, moteles, etc.)",Cabecera municipal,Mujer,Mujer,(12 a 17) Adolescencia,Chía,Cluster 3
"Intolerancia, machismo","Lugares de hospedaje (hoteles, campamentos y otros tipos de hospedaje no permanente, moteles, etc.)",Cabecera municipal,Mujer,Mujer,(06 a 11) Infancia,Chía,Cluster 3
"Celos, desconfianza, infidelidad",Vivienda,Parte rural (vereda y campo),Hombre,Hombre,(29 a 59) Adultez,Cota,Cluster 1
"Intolerancia, machismo","Lugares de cuidado de personas (hospicios, orfelinatos, hogares geriátricos, etc.)",Cabecera municipal,Mujer,Mujer,(12 a 17) Adolescencia,Cota,Cluster 3
Sin información,"Establecimiento comercial (tienda, centro comercial, almacén, plaza de mercado)",Cabecera municipal,Hombre,Mujer,(06 a 11) Infancia,Chía,Cluster 3
"Intolerancia, machismo",Vivienda,Cabecera municipal,Mujer,Mujer,(29 a 59) Adultez,Chía,Cluster 1
"Intolerancia, machismo",Vivienda,Cabecera municipal,Mujer,Mujer,(06 a 11) Infancia,Chía,Cluster 1
"Intolerancia, machismo",Vivienda,Cabecera municipal,Mujer,Mujer,(18 a 28) Juventud,Chía,Cluster 1
"Intolerancia, machismo",Vivienda,Cabecera municipal,Mujer,Hombre,(29 a 59) Adultez,Chía,Cluster 1
"Intolerancia, machismo",Vivienda,Cabecera municipal,Mujer,Hombre,(00 a 05) Primera Infancia,Chía,Cluster 1
"Intolerancia, machismo",Vivienda,Cabecera municipal,Mujer,Hombre,(18 a 28) Juventud,Chía,Cluster 1
"Intolerancia, machismo",Vivienda,Cabecera municipal,Hombre,Mujer,(00 a 05) Primera Infancia,Chía,Cluster 1
"Intolerancia, machismo",Vivienda,Cabecera municipal,Mujer,Mujer,(12 a 17) Adolescencia,Chía,Cluster 1
"Intolerancia, machismo",Vivienda,Cabecera municipal,Mujer,Hombre,(18 a 28) Juventud,Chía,Cluster 1
"Intolerancia, machismo",Vivienda,Cabecera municipal,Mujer,Hombre,(12 a 17) Adolescencia,Chía,Cluster 1
"Intolerancia, machismo",Vivienda,Cabecera municipal,Mujer,Hombre,(12 a 17) Adolescencia,Chía,Cluster 1
"Intolerancia, machismo",Vivienda,Cabecera municipal,Hombre,Hombre,(00 a 05) Primera Infancia,Cota,Cluster 1
"Intolerancia, machismo",Vivienda,Cabecera municipal,Hombre,Mujer,(06 a 11) Infancia,Cota,Cluster 1
"Intolerancia, machismo","Calle (autopista, avenida, dentro de la ciudad)",Cabecera municipal,Hombre,Hombre,(12 a 17) Adolescencia,Chía,Cluster 2
"Intolerancia, machismo",Vivienda,Cabecera municipal,Hombre,Hombre,(29 a 59) Adultez,Chía,Cluster 1
"Intolerancia, machismo",Vivienda,"Centro poblado (corregimiento, inspección de policía y caserío)",Hombre,Hombre,(Más de 60) Adulto Mayor,Chía,Cluster 1
"Intolerancia, machismo",Vivienda,"Centro poblado (corregimiento, inspección de policía y caserío)",Mujer,Mujer,(06 a 11) Infancia,Chía,Cluster 1
"Intolerancia, machismo",Vivienda,Parte rural (vereda y campo),Mujer,Hombre,(29 a 59) Adultez,Chía,Cluster 1
"Intolerancia, machismo",Vivienda,"Centro poblado (corregimiento, inspección de policía y caserío)",Mujer,Hombre,(06 a 11) Infancia,Chía,Cluster 1
"Intolerancia, machismo",Vivienda,"Centro poblado (corregimiento, inspección de policía y caserío)",Hombre,Hombre,(29 a 59) Adultez,Chía,Cluster 1
Abandono,"Calle (autopista, avenida, dentro de la ciudad)",Cabecera municipal,Hombre,Hombre,(12 a 17) Adolescencia,Chía,Cluster 2
"Intolerancia, machismo",Vivienda,Cabecera municipal,Hombre,Mujer,(12 a 17) Adolescencia,Chía,Cluster 1
Abandono,Vivienda,Cabecera municipal,Mujer,Hombre,(06 a 11) Infancia,Chía,Cluster 1
Otras razones,Vivienda,Cabecera municipal,Mujer,Hombre,(29 a 59) Adultez,Chía,Cluster 1
Sin información,Vivienda,Cabecera municipal,Mujer,Mujer,(12 a 17) Adolescencia,Chía,Cluster 1
Sin información,Vivienda,Parte rural (vereda y campo),Hombre,Hombre,(18 a 28) Juventud,Chía,Cluster 1
"Intolerancia, machismo",Vivienda,Cabecera municipal,Hombre,Hombre,(06 a 11) Infancia,Guaduas,Cluster 1
Sin información,Vivienda,"Centro poblado (corregimiento, inspección de policía y caserío)",Mujer,Mujer,(00 a 05) Primera Infancia,Guaduas,Cluster 1
"Intolerancia, machismo",Vivienda,Cabecera municipal,Mujer,Mujer,(18 a 28) Juventud,Guaduas,Cluster 1
"Intolerancia, machismo",Vivienda,Parte rural (vereda y campo),Mujer,Mujer,(12 a 17) Adolescencia,Guaduas,Cluster 1
Consumo de alcohol y/o sustancias psicoactivas,Vivienda,Parte rural (vereda y campo),Hombre,Hombre,(12 a 17) Adolescencia,Guaduas,Cluster 1
Consumo de alcohol y/o sustancias psicoactivas,Vivienda,Parte rural (vereda y campo),Hombre,Mujer,(18 a 28) Juventud,Guaduas,Cluster 1
Consumo de alcohol y/o sustancias psicoactivas,Vivienda,Parte rural (vereda y campo),Mujer,Mujer,(18 a 28) Juventud,Guaduas,Cluster 1
"Intolerancia, machismo",Carretera (fuera de la ciudad),Parte rural (vereda y campo),Mujer,Hombre,(29 a 59) Adultez,Guaduas,Cluster 2
"Intolerancia, machismo",Vivienda,Cabecera municipal,Mujer,Mujer,(06 a 11) Infancia,Guaduas,Cluster 1
Otras razones,Áreas deportivas y/o recreativas,Cabecera municipal,Hombre,Hombre,(Más de 60) Adulto Mayor,Guaduas,Cluster 1
Sin información,Vivienda,Parte rural (vereda y campo),Mujer,Hombre,(06 a 11) Infancia,Guaduas,Cluster 1
Sin información,Vivienda,Parte rural (vereda y campo),Hombre,Hombre,(06 a 11) Infancia,Guaduas,Cluster 1
Sin información,Vivienda,Cabecera municipal,Mujer,Mujer,(00 a 05) Primera Infancia,Guaduas,Cluster 1
Sin información,Vivienda,Cabecera municipal,Mujer,Mujer,(00 a 05) Primera Infancia,Guaduas,Cluster 1
"Intolerancia, machismo",Vivienda,Cabecera municipal,Hombre,Hombre,(29 a 59) Adultez,Cota,Cluster 1
"Intolerancia, machismo","Calle (autopista, avenida, dentro de la ciudad)",Cabecera municipal,Hombre,Hombre,(29 a 59) Adultez,Cota,Cluster 2
Consumo de alcohol y/o sustancias psicoactivas,Vivienda,Cabecera municipal,Hombre,Hombre,(29 a 59) Adultez,Cota,Cluster 1
"Intolerancia, machismo",Vivienda,Cabecera municipal,Mujer,Hombre,(06 a 11) Infancia,Chía,Cluster 1
"Intolerancia, machismo","Establecimiento industrial (fábrica, planta) y/o obras en construcción",Cabecera municipal,Mujer,Hombre,(29 a 59) Adultez,Soacha,Cluster 3
Consumo de alcohol y/o sustancias psicoactivas,Vivienda,Cabecera municipal,Hombre,Hombre,(29 a 59) Adultez,Girardot,Cluster 1
"Intolerancia, machismo",Vivienda,Cabecera municipal,Hombre,Hombre,(Más de 60) Adulto Mayor,Girardot,Cluster 1
Consumo de alcohol y/o sustancias psicoactivas,Vivienda,Cabecera municipal,Mujer,Mujer,(Más de 60) Adulto Mayor,Girardot,Cluster 1
"Intolerancia, machismo",Vía pública,Cabecera municipal,Mujer,Mujer,(18 a 28) Juventud,Girardot,Cluster 1
"Intolerancia, machismo",Vivienda,Cabecera municipal,Hombre,Hombre,(00 a 05) Primera Infancia,Girardot,Cluster 1
"Intolerancia, machismo",Vivienda,Cabecera municipal,Mujer,Hombre,(29 a 59) Adultez,Girardot,Cluster 1
"Intolerancia, machismo",Vivienda,Cabecera municipal,Hombre,Hombre,(18 a 28) Juventud,Girardot,Cluster 1
"Intolerancia, machismo",Vivienda,Cabecera municipal,Hombre,Hombre,(29 a 59) Adultez,Girardot,Cluster 1
"Intolerancia, machismo",Vivienda,Cabecera municipal,Hombre,Hombre,(Más de 60) Adulto Mayor,Girardot,Cluster 1
"Intolerancia, machismo",Vivienda,Cabecera municipal,Mujer,Hombre,(12 a 17) Adolescencia,Girardot,Cluster 1
Económicas,Vivienda,Cabecera municipal,Hombre,Mujer,(Más de 60) Adulto Mayor,Girardot,Cluster 1
"Intolerancia, machismo",Vivienda,Cabecera municipal,Mujer,Mujer,(Más de 60) Adulto Mayor,Girardot,Cluster 1
"Intolerancia, machismo",Vivienda,Cabecera municipal,Mujer,Mujer,(Más de 60) Adulto Mayor,Girardot,Cluster 1
Consumo de alcohol y/o sustancias psicoactivas,"Lugares de actividades culturales (cines, teatros, museos, bibliotecas, etc.)",Cabecera municipal,Hombre,Hombre,(00 a 05) Primera Infancia,Girardot,Cluster 3
Otras razones,Vivienda,Cabecera municipal,Mujer,Mujer,(00 a 05) Primera Infancia,Girardot,Cluster 1
"Intolerancia, machismo",Vivienda,Cabecera municipal,Mujer,Hombre,(29 a 59) Adultez,Girardot,Cluster 1
Consumo de alcohol y/o sustancias psicoactivas,Vía pública,Cabecera municipal,Hombre,Hombre,(Más de 60) Adulto Mayor,Girardot,Cluster 1
"Intolerancia, machismo",Vivienda,Cabecera municipal,Mujer,Mujer,(29 a 59) Adultez,Girardot,Cluster 1
"Intolerancia, machismo",Vivienda,Cabecera municipal,Hombre,Hombre,(12 a 17) Adolescencia,Girardot,Cluster 1
"Intolerancia, machismo",Vivienda,Cabecera municipal,Hombre,Hombre,(Más de 60) Adulto Mayor,Girardot,Cluster 1
Consumo de alcohol y/o sustancias psicoactivas,Vivienda,Cabecera municipal,Hombre,Hombre,(Más de 60) Adulto Mayor,Girardot,Cluster 1
"Intolerancia, machismo",Sin Información,Cabecera municipal,Hombre,Hombre,(00 a 05) Primera Infancia,Girardot,Cluster 3
"Intolerancia, machismo",Vivienda,Cabecera municipal,Mujer,Hombre,(29 a 59) Adultez,Girardot,Cluster 1
"Intolerancia, machismo",Vivienda,Cabecera municipal,Hombre,Hombre,(18 a 28) Juventud,Girardot,Cluster 1
Consumo de alcohol y/o sustancias psicoactivas,Vivienda,Cabecera municipal,Hombre,Hombre,(Más de 60) Adulto Mayor,Girardot,Cluster 1
"Intolerancia, machismo",Vivienda,Cabecera municipal,Hombre,Hombre,(Más de 60) Adulto Mayor,Girardot,Cluster 1
Consumo de alcohol y/o sustancias psicoactivas,Vivienda,Cabecera municipal,Hombre,Hombre,(29 a 59) Adultez,Girardot,Cluster 1
Consumo de alcohol y/o sustancias psicoactivas,"Calle (autopista, avenida, dentro de la ciudad)",Cabecera municipal,Hombre,Hombre,(Más de 60) Adulto Mayor,Girardot,Cluster 2
"Intolerancia, machismo",Vivienda,Cabecera municipal,Mujer,Hombre,(18 a 28) Juventud,Girardot,Cluster 1
"Intolerancia, machismo",Vivienda,Cabecera municipal,Mujer,Mujer,(00 a 05) Primera Infancia,Girardot,Cluster 1
"Intolerancia, machismo",Vivienda,Cabecera municipal,Mujer,Hombre,(00 a 05) Primera Infancia,Girardot,Cluster 1
"Intolerancia, machismo",Vivienda,Cabecera municipal,Hombre,Hombre,(12 a 17) Adolescencia,Girardot,Cluster 1
Consumo de alcohol y/o sustancias psicoactivas,Vivienda,Cabecera municipal,Mujer,Mujer,(29 a 59) Adultez,Girardot,Cluster 1
Consumo de alcohol y/o sustancias psicoactivas,Vivienda,Cabecera municipal,Mujer,Mujer,(29 a 59) Adultez,Girardot,Cluster 1
Consumo de alcohol y/o sustancias psicoactivas,Vivienda,Cabecera municipal,Mujer,Mujer,(29 a 59) Adultez,Girardot,Cluster 1
Consumo de alcohol y/o sustancias psicoactivas,Vivienda,Cabecera municipal,Mujer,Hombre,(12 a 17) Adolescencia,Girardot,Cluster 1
Consumo de alcohol y/o sustancias psicoactivas,Vivienda,Cabecera municipal,Mujer,Mujer,(Más de 60) Adulto Mayor,Girardot,Cluster 1
"Intolerancia, machismo",Vivienda,Cabecera municipal,Mujer,Mujer,(12 a 17) Adolescencia,Girardot,Cluster 1
"Intolerancia, machismo",Vía pública,Cabecera municipal,Mujer,Mujer,(18 a 28) Juventud,Girardot,Cluster 1
"Intolerancia, machismo",Vivienda,Cabecera municipal,Mujer,Mujer,(29 a 59) Adultez,Girardot,Cluster 1
"Intolerancia, machismo",Vivienda,Cabecera municipal,Mujer,Hombre,(18 a 28) Juventud,Girardot,Cluster 1
"Intolerancia, machismo",Vivienda,Cabecera municipal,Hombre,Hombre,(18 a 28) Juventud,Girardot,Cluster 1
"Intolerancia, machismo",Vivienda,Cabecera municipal,Hombre,Hombre,(06 a 11) Infancia,Girardot,Cluster 1
"Intolerancia, machismo",Vivienda,Cabecera municipal,Mujer,Mujer,(29 a 59) Adultez,Girardot,Cluster 1
"Intolerancia, machismo",Vivienda,Cabecera municipal,Hombre,Mujer,(18 a 28) Juventud,Girardot,Cluster 1
"Intolerancia, machismo",Vía pública,Cabecera municipal,Hombre,Hombre,(12 a 17) Adolescencia,Girardot,Cluster 1
"Intolerancia, machismo",Vivienda,Cabecera municipal,Hombre,Hombre,(00 a 05) Primera Infancia,Girardot,Cluster 1
"Intolerancia, machismo",Vía pública,Cabecera municipal,Hombre,Hombre,(29 a 59) Adultez,Girardot,Cluster 1
Consumo de alcohol y/o sustancias psicoactivas,Vivienda,Cabecera municipal,Mujer,Hombre,(Más de 60) Adulto Mayor,Girardot,Cluster 1
"Intolerancia, machismo",Vivienda,Cabecera municipal,Hombre,Hombre,(29 a 59) Adultez,Girardot,Cluster 1
Enfermedad fisica o mental,Vivienda,Cabecera municipal,Mujer,Hombre,(29 a 59) Adultez,Girardot,Cluster 1
Enfermedad fisica o mental,Vivienda,Cabecera municipal,Hombre,Hombre,(Más de 60) Adulto Mayor,Girardot,Cluster 1
Otras razones,Vivienda,Cabecera municipal,Mujer,Hombre,(00 a 05) Primera Infancia,Girardot,Cluster 1
"Intolerancia, machismo",Vivienda,Cabecera municipal,Mujer,Hombre,(29 a 59) Adultez,Girardot,Cluster 1
"Intolerancia, machismo",Vivienda,Cabecera municipal,Mujer,Hombre,(29 a 59) Adultez,Girardot,Cluster 1
"Intolerancia, machismo",Vivienda,Cabecera municipal,Mujer,Hombre,(29 a 59) Adultez,Girardot,Cluster 1
"Intolerancia, machismo",Vivienda,Cabecera municipal,Mujer,Mujer,(18 a 28) Juventud,Girardot,Cluster 1
Consumo de alcohol y/o sustancias psicoactivas,"Calle (autopista, avenida, dentro de la ciudad)","Centro poblado (corregimiento, inspección de policía y caserío)",Hombre,Hombre,(29 a 59) Adultez,Girardot,Cluster 2
"Intolerancia, machismo",Vivienda,Cabecera municipal,Mujer,Mujer,(12 a 17) Adolescencia,Girardot,Cluster 1
"Intolerancia, machismo",Vivienda,Cabecera municipal,Mujer,Hombre,(18 a 28) Juventud,Girardot,Cluster 1
Consumo de alcohol y/o sustancias psicoactivas,Vivienda,Cabecera municipal,Mujer,Hombre,(Más de 60) Adulto Mayor,Girardot,Cluster 1
Consumo de alcohol y/o sustancias psicoactivas,Vivienda,Cabecera municipal,Hombre,Hombre,(00 a 05) Primera Infancia,Girardot,Cluster 1
"Intolerancia, machismo",Vivienda,Cabecera municipal,Mujer,Hombre,(18 a 28) Juventud,Girardot,Cluster 1
Consumo de alcohol y/o sustancias psicoactivas,Vivienda,Cabecera municipal,Hombre,Hombre,(Más de 60) Adulto Mayor,Girardot,Cluster 1
"Intolerancia, machismo",Vivienda,Cabecera municipal,Hombre,Hombre,(06 a 11) Infancia,Girardot,Cluster 1
"Intolerancia, machismo",Vivienda,Cabecera municipal,Hombre,Hombre,(18 a 28) Juventud,Girardot,Cluster 1
Económicas,"Calle (autopista, avenida, dentro de la ciudad)",Cabecera municipal,Mujer,Hombre,(18 a 28) Juventud,Girardot,Cluster 2
"Intolerancia, machismo",Vivienda,Cabecera municipal,Mujer,Hombre,(29 a 59) Adultez,Girardot,Cluster 1
Consumo de alcohol y/o sustancias psicoactivas,"Calle (autopista, avenida, dentro de la ciudad)",Cabecera municipal,Mujer,Mujer,(29 a 59) Adultez,Girardot,Cluster 2
Económicas,"Calle (autopista, avenida, dentro de la ciudad)",Cabecera municipal,Mujer,Mujer,(Más de 60) Adulto Mayor,Girardot,Cluster 2
"Intolerancia, machismo",Vivienda,Cabecera municipal,Mujer,Hombre,(12 a 17) Adolescencia,Girardot,Cluster 1
"Intolerancia, machismo",Vivienda,Cabecera municipal,Hombre,Hombre,(29 a 59) Adultez,Girardot,Cluster 1
"Intolerancia, machismo",Vivienda,Cabecera municipal,Hombre,Mujer,(29 a 59) Adultez,Girardot,Cluster 1
"Intolerancia, machismo",Vivienda,Cabecera municipal,Hombre,Hombre,(Más de 60) Adulto Mayor,Girardot,Cluster 1
"Celos, desconfianza, infidelidad",Vivienda,Cabecera municipal,Hombre,Hombre,(29 a 59) Adultez,Girardot,Cluster 1
"Intolerancia, machismo",Vivienda,Cabecera municipal,Mujer,Mujer,(18 a 28) Juventud,Girardot,Cluster 1
"Intolerancia, machismo",Vivienda,Cabecera municipal,Mujer,Mujer,(18 a 28) Juventud,Girardot,Cluster 1
Consumo de alcohol y/o sustancias psicoactivas,Vivienda,"Centro poblado (corregimiento, inspección de policía y caserío)",Mujer,Hombre,(12 a 17) Adolescencia,Soacha,Cluster 1
"Intolerancia, machismo",Vivienda,Cabecera municipal,Hombre,Hombre,(Más de 60) Adulto Mayor,Soacha,Cluster 1
Económicas,Vivienda,Cabecera municipal,Mujer,Hombre,(29 a 59) Adultez,Soacha,Cluster 1
"Intolerancia, machismo",Vivienda,Cabecera municipal,Mujer,Mujer,(18 a 28) Juventud,Soacha,Cluster 1
"Intolerancia, machismo","Calle (autopista, avenida, dentro de la ciudad)",Cabecera municipal,Mujer,Hombre,(29 a 59) Adultez,Soacha,Cluster 2
"Intolerancia, machismo",Vivienda,Cabecera municipal,Hombre,Hombre,(29 a 59) Adultez,Soacha,Cluster 1
Consumo de alcohol y/o sustancias psicoactivas,Vivienda,Cabecera municipal,Hombre,Hombre,(29 a 59) Adultez,Soacha,Cluster 1
"Intolerancia, machismo",Vivienda,Cabecera municipal,Mujer,Mujer,(18 a 28) Juventud,Soacha,Cluster 1
"Intolerancia, machismo","Calle (autopista, avenida, dentro de la ciudad)",Cabecera municipal,Hombre,Hombre,(18 a 28) Juventud,Soacha,Cluster 2
"Intolerancia, machismo",Vía pública,Cabecera municipal,Hombre,Hombre,(18 a 28) Juventud,Soacha,Cluster 1
"Intolerancia, machismo","Calle (autopista, avenida, dentro de la ciudad)",Cabecera municipal,Mujer,Hombre,(29 a 59) Adultez,Soacha,Cluster 2
"Intolerancia, machismo",Vivienda,Cabecera municipal,Mujer,Hombre,(06 a 11) Infancia,Soacha,Cluster 1
"Intolerancia, machismo",Vía pública,Cabecera municipal,Hombre,Hombre,(29 a 59) Adultez,Soacha,Cluster 1
"Intolerancia, machismo",Vivienda,Cabecera municipal,Hombre,Hombre,(29 a 59) Adultez,Soacha,Cluster 1
"Intolerancia, machismo","Establecimiento comercial (tienda, centro comercial, almacén, plaza de mercado)",Cabecera municipal,Mujer,Mujer,(29 a 59) Adultez,Soacha,Cluster 3
Consumo de alcohol y/o sustancias psicoactivas,Vía pública,Cabecera municipal,Mujer,Hombre,(29 a 59) Adultez,Soacha,Cluster 1
"Intolerancia, machismo",Vivienda,Cabecera municipal,Mujer,Mujer,(29 a 59) Adultez,Soacha,Cluster 1
"Intolerancia, machismo",Vía pública,Cabecera municipal,Hombre,Hombre,(29 a 59) Adultez,Soacha,Cluster 1
"Intolerancia, machismo",Vivienda,Cabecera municipal,Mujer,Mujer,(18 a 28) Juventud,Soacha,Cluster 1
"Intolerancia, machismo",Vivienda,Cabecera municipal,Hombre,Hombre,(12 a 17) Adolescencia,Soacha,Cluster 1
"Intolerancia, machismo",Vivienda,Cabecera municipal,Mujer,Hombre,(29 a 59) Adultez,Soacha,Cluster 1
"Intolerancia, machismo","Calle (autopista, avenida, dentro de la ciudad)",Cabecera municipal,Mujer,Mujer,(18 a 28) Juventud,Soacha,Cluster 2
"Intolerancia, machismo",Vivienda,Cabecera municipal,Mujer,Mujer,(Más de 60) Adulto Mayor,Soacha,Cluster 1
"Intolerancia, machismo","Calle (autopista, avenida, dentro de la ciudad)",Cabecera municipal,Mujer,Hombre,(29 a 59) Adultez,Soacha,Cluster 2
"Intolerancia, machismo",Vivienda,Cabecera municipal,Hombre,Mujer,(12 a 17) Adolescencia,Soacha,Cluster 1
"Intolerancia, machismo",Vivienda,Cabecera municipal,Mujer,Mujer,(18 a 28) Juventud,Soacha,Cluster 1
"Intolerancia, machismo",Vía pública,Cabecera municipal,Hombre,Hombre,(Más de 60) Adulto Mayor,Soacha,Cluster 1
"Intolerancia, machismo",Vivienda,Cabecera municipal,Mujer,Hombre,(29 a 59) Adultez,Soacha,Cluster 1
"Intolerancia, machismo",Vivienda,Cabecera municipal,Hombre,Hombre,(29 a 59) Adultez,Soacha,Cluster 1
Consumo de alcohol y/o sustancias psicoactivas,Vivienda,Cabecera municipal,Mujer,Hombre,(18 a 28) Juventud,Soacha,Cluster 1
"Intolerancia, machismo",Vivienda,Cabecera municipal,Mujer,Hombre,(06 a 11) Infancia,Soacha,Cluster 1
"Intolerancia, machismo",Vivienda,Cabecera municipal,Hombre,Hombre,(06 a 11) Infancia,Soacha,Cluster 1
"Intolerancia, machismo",Vivienda,Cabecera municipal,Mujer,Hombre,(29 a 59) Adultez,Soacha,Cluster 1
"Intolerancia, machismo","Calle (autopista, avenida, dentro de la ciudad)",Cabecera municipal,Mujer,Hombre,(29 a 59) Adultez,Soacha,Cluster 2
"Intolerancia, machismo",Vivienda,Cabecera municipal,Mujer,Mujer,(18 a 28) Juventud,Soacha,Cluster 1
"Intolerancia, machismo",Vivienda,Cabecera municipal,Mujer,Mujer,(29 a 59) Adultez,Soacha,Cluster 1
"Intolerancia, machismo",Vivienda,Cabecera municipal,Hombre,Hombre,(06 a 11) Infancia,Soacha,Cluster 1
"Intolerancia, machismo",Vía pública,Cabecera municipal,Mujer,Hombre,(29 a 59) Adultez,Soacha,Cluster 1
"Intolerancia, machismo",Vivienda,Cabecera municipal,Hombre,Hombre,(29 a 59) Adultez,Soacha,Cluster 1
"Intolerancia, machismo",Vivienda,Cabecera municipal,Mujer,Hombre,(18 a 28) Juventud,Soacha,Cluster 1
"Intolerancia, machismo",Vivienda,Cabecera municipal,Hombre,Mujer,(06 a 11) Infancia,Soacha,Cluster 1
"Intolerancia, machismo",Vivienda,Cabecera municipal,Mujer,Mujer,(29 a 59) Adultez,Soacha,Cluster 1
"Intolerancia, machismo",Vivienda,Cabecera municipal,Mujer,Hombre,(29 a 59) Adultez,Soacha,Cluster 1
"Intolerancia, machismo",Vía pública,Cabecera municipal,Mujer,Mujer,(18 a 28) Juventud,Soacha,Cluster 1
"Intolerancia, machismo",Vía pública,Cabecera municipal,Mujer,Mujer,(12 a 17) Adolescencia,Soacha,Cluster 1
"Intolerancia, machismo",Vía pública,Cabecera municipal,Hombre,Mujer,(12 a 17) Adolescencia,Soacha,Cluster 1
"Intolerancia, machismo",Vía pública,Cabecera municipal,Hombre,Mujer,(29 a 59) Adultez,Soacha,Cluster 1
"Intolerancia, machismo",Vivienda,Cabecera municipal,Hombre,Hombre,(18 a 28) Juventud,Soacha,Cluster 1
"Intolerancia, machismo",Vivienda,Cabecera municipal,Mujer,Mujer,(06 a 11) Infancia,Soacha,Cluster 1
"Intolerancia, machismo",Vía pública,Cabecera municipal,Mujer,Hombre,(29 a 59) Adultez,Soacha,Cluster 1
"Intolerancia, machismo",Vivienda,Cabecera municipal,Hombre,Hombre,(00 a 05) Primera Infancia,Soacha,Cluster 1
"Intolerancia, machismo",Vivienda,Cabecera municipal,Mujer,Hombre,(Más de 60) Adulto Mayor,Soacha,Cluster 1
Consumo de alcohol y/o sustancias psicoactivas,Vivienda,Cabecera municipal,Mujer,Hombre,(29 a 59) Adultez,Soacha,Cluster 1
"Intolerancia, machismo",Vivienda,Cabecera municipal,Mujer,Mujer,(12 a 17) Adolescencia,Soacha,Cluster 1
"Intolerancia, machismo",Vivienda,Cabecera municipal,Mujer,Hombre,(12 a 17) Adolescencia,Soacha,Cluster 1
"Intolerancia, machismo",Vivienda,Cabecera municipal,Mujer,Hombre,(29 a 59) Adultez,Soacha,Cluster 1
"Intolerancia, machismo",Vía pública,Cabecera municipal,Hombre,Hombre,(18 a 28) Juventud,Soacha,Cluster 1
"Intolerancia, machismo",Vivienda,Cabecera municipal,Mujer,Hombre,(12 a 17) Adolescencia,Soacha,Cluster 1
"Intolerancia, machismo",Vivienda,Cabecera municipal,Mujer,Hombre,(12 a 17) Adolescencia,Soacha,Cluster 1
"Intolerancia, machismo",Vía pública,Cabecera municipal,Mujer,Mujer,(29 a 59) Adultez,Soacha,Cluster 1
"Intolerancia, machismo",Vivienda,Cabecera municipal,Mujer,Hombre,(00 a 05) Primera Infancia,Soacha,Cluster 1
"Intolerancia, machismo",Vivienda,Cabecera municipal,Mujer,Mujer,(29 a 59) Adultez,Soacha,Cluster 1
"Intolerancia, machismo",Vivienda,Cabecera municipal,Mujer,Hombre,(29 a 59) Adultez,Soacha,Cluster 1
"Intolerancia, machismo",Vivienda,Cabecera municipal,Hombre,Hombre,(06 a 11) Infancia,Soacha,Cluster 1
"Intolerancia, machismo",Vivienda,Cabecera municipal,Mujer,Hombre,(29 a 59) Adultez,Soacha,Cluster 1
"Intolerancia, machismo",Vivienda,Cabecera municipal,Mujer,Mujer,(12 a 17) Adolescencia,Soacha,Cluster 1
"Intolerancia, machismo",Vía pública,Cabecera municipal,Hombre,Hombre,(29 a 59) Adultez,Soacha,Cluster 1
"Intolerancia, machismo",Vivienda,Cabecera municipal,Hombre,Hombre,(00 a 05) Primera Infancia,Soacha,Cluster 1
Otras razones,Vivienda,Cabecera municipal,Mujer,Hombre,(18 a 28) Juventud,Soacha,Cluster 1
"Intolerancia, machismo",Vivienda,Cabecera municipal,Mujer,Hombre,(12 a 17) Adolescencia,Soacha,Cluster 1
"Intolerancia, machismo",Vivienda,Cabecera municipal,Hombre,Hombre,(12 a 17) Adolescencia,Soacha,Cluster 1
"Intolerancia, machismo",Vivienda,Cabecera municipal,Hombre,Hombre,(00 a 05) Primera Infancia,Soacha,Cluster 1
"Intolerancia, machismo",Lugares de esparcimiento con expendio de alcohol,Cabecera municipal,Hombre,Hombre,(29 a 59) Adultez,Soacha,Cluster 3
"Intolerancia, machismo",Vivienda,Cabecera municipal,Hombre,Hombre,(Más de 60) Adulto Mayor,Soacha,Cluster 1
"Intolerancia, machismo",Vivienda,Cabecera municipal,Hombre,Mujer,(Más de 60) Adulto Mayor,Soacha,Cluster 1
"Intolerancia, machismo",Vivienda,Cabecera municipal,Mujer,Hombre,(12 a 17) Adolescencia,Soacha,Cluster 1
"Intolerancia, machismo",Vivienda,Cabecera municipal,Hombre,Hombre,(29 a 59) Adultez,Soacha,Cluster 1
"Intolerancia, machismo",Vivienda,Cabecera municipal,Mujer,Mujer,(18 a 28) Juventud,Soacha,Cluster 1
Consumo de alcohol y/o sustancias psicoactivas,Vivienda,Cabecera municipal,Mujer,Hombre,(29 a 59) Adultez,Soacha,Cluster 1
Consumo de alcohol y/o sustancias psicoactivas,Vivienda,Cabecera municipal,Mujer,Hombre,(Más de 60) Adulto Mayor,Soacha,Cluster 1
"Intolerancia, machismo",Vivienda,Cabecera municipal,Hombre,Hombre,(29 a 59) Adultez,Soacha,Cluster 1
"Intolerancia, machismo",Vía pública,Cabecera municipal,Mujer,Hombre,(18 a 28) Juventud,Soacha,Cluster 1
"Intolerancia, machismo",Vivienda,Cabecera municipal,Mujer,Mujer,(29 a 59) Adultez,Soacha,Cluster 1
"Intolerancia, machismo",Vía pública,Cabecera municipal,Hombre,Hombre,(29 a 59) Adultez,Soacha,Cluster 1
"Intolerancia, machismo",Vivienda,Cabecera municipal,Mujer,Hombre,(18 a 28) Juventud,Soacha,Cluster 1
"Intolerancia, machismo",Vivienda,Cabecera municipal,Mujer,Hombre,(29 a 59) Adultez,Soacha,Cluster 1
"Intolerancia, machismo",Vivienda,Cabecera municipal,Mujer,Hombre,(18 a 28) Juventud,Soacha,Cluster 1
"Intolerancia, machismo",Vía pública,Cabecera municipal,Mujer,Mujer,(18 a 28) Juventud,Soacha,Cluster 1
"Intolerancia, machismo",Vía pública,Cabecera municipal,Mujer,Mujer,(29 a 59) Adultez,Soacha,Cluster 1
"Intolerancia, machismo",Vía pública,Cabecera municipal,Hombre,Hombre,(Más de 60) Adulto Mayor,Soacha,Cluster 1
"Intolerancia, machismo",Vivienda,Cabecera municipal,Mujer,Hombre,(29 a 59) Adultez,Soacha,Cluster 1
"Intolerancia, machismo",Vivienda,Cabecera municipal,Hombre,Hombre,(29 a 59) Adultez,Soacha,Cluster 1
"Intolerancia, machismo",Vía pública,Cabecera municipal,Hombre,Hombre,(18 a 28) Juventud,Soacha,Cluster 1
"Intolerancia, machismo",Vivienda,Cabecera municipal,Hombre,Hombre,(06 a 11) Infancia,Soacha,Cluster 1
"Intolerancia, machismo",Vía pública,Cabecera municipal,Mujer,Hombre,(06 a 11) Infancia,Soacha,Cluster 1
"Intolerancia, machismo",Vía pública,Cabecera municipal,Mujer,Hombre,(29 a 59) Adultez,Soacha,Cluster 1
"Intolerancia, machismo",Vivienda,Cabecera municipal,Hombre,Hombre,(00 a 05) Primera Infancia,Soacha,Cluster 1
"Celos, desconfianza, infidelidad",Vía pública,Cabecera municipal,Mujer,Hombre,(18 a 28) Juventud,Soacha,Cluster 1
"Intolerancia, machismo",Vía pública,Cabecera municipal,Hombre,Hombre,(12 a 17) Adolescencia,Soacha,Cluster 1
"Intolerancia, machismo",Vivienda,Cabecera municipal,Mujer,Hombre,(Más de 60) Adulto Mayor,Soacha,Cluster 1
"Intolerancia, machismo",Vivienda,Cabecera municipal,Hombre,Mujer,(Más de 60) Adulto Mayor,Soacha,Cluster 1
"Intolerancia, machismo",Vía pública,Cabecera municipal,Mujer,Mujer,(29 a 59) Adultez,Soacha,Cluster 1
"Intolerancia, machismo",Vivienda,Cabecera municipal,Mujer,Hombre,(29 a 59) Adultez,Soacha,Cluster 1
"Intolerancia, machismo",Vivienda,Cabecera municipal,Hombre,Mujer,(29 a 59) Adultez,Soacha,Cluster 1
"Intolerancia, machismo","Calle (autopista, avenida, dentro de la ciudad)",Cabecera municipal,Hombre,Hombre,(06 a 11) Infancia,Soacha,Cluster 2
"Intolerancia, machismo","Calle (autopista, avenida, dentro de la ciudad)",Cabecera municipal,Mujer,Hombre,(06 a 11) Infancia,Soacha,Cluster 2
"Intolerancia, machismo",Vivienda,Cabecera municipal,Mujer,Hombre,(29 a 59) Adultez,Soacha,Cluster 1
"Intolerancia, machismo",Vivienda,Cabecera municipal,Mujer,Hombre,(29 a 59) Adultez,Soacha,Cluster 1
"Intolerancia, machismo","Calle (autopista, avenida, dentro de la ciudad)",Cabecera municipal,Mujer,Hombre,(29 a 59) Adultez,Soacha,Cluster 2
"Intolerancia, machismo","Calle (autopista, avenida, dentro de la ciudad)",Cabecera municipal,Hombre,Hombre,(29 a 59) Adultez,Soacha,Cluster 2
Consumo de alcohol y/o sustancias psicoactivas,Vivienda,Cabecera municipal,Mujer,Mujer,(18 a 28) Juventud,Soacha,Cluster 1
"Intolerancia, machismo",Vivienda,Cabecera municipal,Mujer,Mujer,(18 a 28) Juventud,Soacha,Cluster 1
"Intolerancia, machismo",Vivienda,Cabecera municipal,Mujer,Hombre,(18 a 28) Juventud,Soacha,Cluster 1
Consumo de alcohol y/o sustancias psicoactivas,Vivienda,Cabecera municipal,Hombre,Hombre,(29 a 59) Adultez,Soacha,Cluster 1
"Intolerancia, machismo",Vía pública,Cabecera municipal,Mujer,Hombre,(29 a 59) Adultez,Soacha,Cluster 1
Sin información,Vivienda,Cabecera municipal,Mujer,Hombre,(06 a 11) Infancia,Soacha,Cluster 1
"Intolerancia, machismo",Vivienda,Cabecera municipal,Hombre,Hombre,(06 a 11) Infancia,Soacha,Cluster 1
"Intolerancia, machismo",Vivienda,Cabecera municipal,Mujer,Mujer,(29 a 59) Adultez,Soacha,Cluster 1
"Intolerancia, machismo",Vivienda,Cabecera municipal,Mujer,Mujer,(29 a 59) Adultez,Soacha,Cluster 1
"Intolerancia, machismo",Vivienda,Cabecera municipal,Mujer,Mujer,(18 a 28) Juventud,Soacha,Cluster 1
Consumo de alcohol y/o sustancias psicoactivas,Vía pública,Cabecera municipal,Mujer,Mujer,(29 a 59) Adultez,Soacha,Cluster 1
"Intolerancia, machismo",Vía pública,Cabecera municipal,Mujer,Mujer,(29 a 59) Adultez,Soacha,Cluster 1
"Intolerancia, machismo",Vivienda,Cabecera municipal,Hombre,Hombre,(12 a 17) Adolescencia,Soacha,Cluster 1
"Intolerancia, machismo",Vivienda,Cabecera municipal,Mujer,Hombre,(18 a 28) Juventud,Soacha,Cluster 1
"Intolerancia, machismo",Vivienda,Cabecera municipal,Mujer,Hombre,(29 a 59) Adultez,Soacha,Cluster 1
"Intolerancia, machismo",Vivienda,Cabecera municipal,Hombre,Hombre,(29 a 59) Adultez,Soacha,Cluster 1
"Intolerancia, machismo","Calle (autopista, avenida, dentro de la ciudad)",Cabecera municipal,Hombre,Hombre,(Más de 60) Adulto Mayor,Soacha,Cluster 2
Consumo de alcohol y/o sustancias psicoactivas,Vivienda,Cabecera municipal,Hombre,Hombre,(12 a 17) Adolescencia,Soacha,Cluster 1
"Intolerancia, machismo",Vivienda,Cabecera municipal,Mujer,Hombre,(12 a 17) Adolescencia,Soacha,Cluster 1
"Intolerancia, machismo",Vivienda,Cabecera municipal,Hombre,Mujer,(12 a 17) Adolescencia,Soacha,Cluster 1
"Intolerancia, machismo",Vivienda,"Centro poblado (corregimiento, inspección de policía y caserío)",Hombre,Mujer,(29 a 59) Adultez,Soacha,Cluster 1
"Intolerancia, machismo",Vivienda,Cabecera municipal,Mujer,Hombre,(12 a 17) Adolescencia,Soacha,Cluster 1
"Intolerancia, machismo",Vivienda,Cabecera municipal,Mujer,Hombre,(29 a 59) Adultez,Soacha,Cluster 1
"Intolerancia, machismo",Vivienda,Cabecera municipal,Mujer,Hombre,(18 a 28) Juventud,Soacha,Cluster 1
"Intolerancia, machismo",Vivienda,Cabecera municipal,Mujer,Hombre,(00 a 05) Primera Infancia,Soacha,Cluster 1
"Intolerancia, machismo",Vivienda,Cabecera municipal,Hombre,Hombre,(18 a 28) Juventud,Soacha,Cluster 1
"Intolerancia, machismo",Vía pública,Cabecera municipal,Hombre,Hombre,(29 a 59) Adultez,Soacha,Cluster 1
"Intolerancia, machismo",Vivienda,Cabecera municipal,Hombre,Mujer,(12 a 17) Adolescencia,Soacha,Cluster 1
"Intolerancia, machismo",Vía pública,Cabecera municipal,Mujer,Hombre,(18 a 28) Juventud,Soacha,Cluster 1
"Intolerancia, machismo",Vivienda,Cabecera municipal,Mujer,Hombre,(29 a 59) Adultez,Soacha,Cluster 1
"Intolerancia, machismo","Calle (autopista, avenida, dentro de la ciudad)",Cabecera municipal,Hombre,Mujer,(06 a 11) Infancia,Soacha,Cluster 2
"Intolerancia, machismo","Calle (autopista, avenida, dentro de la ciudad)",Cabecera municipal,Mujer,Hombre,(18 a 28) Juventud,Soacha,Cluster 2
"Intolerancia, machismo","Calle (autopista, avenida, dentro de la ciudad)",Cabecera municipal,Hombre,Hombre,(Más de 60) Adulto Mayor,Soacha,Cluster 2
"Intolerancia, machismo",Vía pública,Cabecera municipal,Hombre,Mujer,(29 a 59) Adultez,Soacha,Cluster 1
"Intolerancia, machismo",Vía pública,Cabecera municipal,Mujer,Hombre,(29 a 59) Adultez,Soacha,Cluster 1
"Intolerancia, machismo",Vivienda,Cabecera municipal,Mujer,Hombre,(18 a 28) Juventud,Soacha,Cluster 1
"Intolerancia, machismo",Vivienda,Cabecera municipal,Mujer,Mujer,(29 a 59) Adultez,Soacha,Cluster 1
"Intolerancia, machismo",Vía pública,Cabecera municipal,Hombre,Hombre,(29 a 59) Adultez,Soacha,Cluster 1
"Intolerancia, machismo",Vivienda,Cabecera municipal,Mujer,Mujer,(29 a 59) Adultez,Soacha,Cluster 1
"Intolerancia, machismo",Vivienda,Cabecera municipal,Hombre,Hombre,(29 a 59) Adultez,Soacha,Cluster 1
"Intolerancia, machismo",Vivienda,Cabecera municipal,Mujer,Mujer,(29 a 59) Adultez,Soacha,Cluster 1
"Intolerancia, machismo",Vivienda,Cabecera municipal,Mujer,Mujer,(29 a 59) Adultez,Soacha,Cluster 1
Consumo de alcohol y/o sustancias psicoactivas,Vivienda,Cabecera municipal,Hombre,Hombre,(12 a 17) Adolescencia,Soacha,Cluster 1
"Intolerancia, machismo",Vía pública,Cabecera municipal,Mujer,Hombre,(29 a 59) Adultez,Soacha,Cluster 1
"Intolerancia, machismo",Vía pública,Cabecera municipal,Mujer,Mujer,(29 a 59) Adultez,Soacha,Cluster 1
Consumo de alcohol y/o sustancias psicoactivas,Vivienda,Cabecera municipal,Hombre,Hombre,(18 a 28) Juventud,Soacha,Cluster 1
"Intolerancia, machismo",Vía pública,Cabecera municipal,Hombre,Hombre,(29 a 59) Adultez,Soacha,Cluster 1
"Intolerancia, machismo",Vivienda,Cabecera municipal,Mujer,Hombre,(18 a 28) Juventud,Soacha,Cluster 1
"Intolerancia, machismo",Vivienda,Cabecera municipal,Mujer,Hombre,(12 a 17) Adolescencia,Soacha,Cluster 1
"Intolerancia, machismo",Vivienda,Cabecera municipal,Hombre,Hombre,(12 a 17) Adolescencia,Soacha,Cluster 1
"Intolerancia, machismo",Vía pública,Cabecera municipal,Hombre,Hombre,(29 a 59) Adultez,Soacha,Cluster 1
"Intolerancia, machismo",Vivienda,Cabecera municipal,Mujer,Hombre,(12 a 17) Adolescencia,Soacha,Cluster 1
"Intolerancia, machismo",Vivienda,Cabecera municipal,Mujer,Hombre,(29 a 59) Adultez,Soacha,Cluster 1
"Intolerancia, machismo",Vivienda,Cabecera municipal,Hombre,Hombre,(29 a 59) Adultez,Soacha,Cluster 1
"Intolerancia, machismo",Vía pública,Cabecera municipal,Mujer,Hombre,(29 a 59) Adultez,Soacha,Cluster 1
"Intolerancia, machismo",Vía pública,Cabecera municipal,Mujer,Mujer,(18 a 28) Juventud,Soacha,Cluster 1
"Intolerancia, machismo",Vivienda,Cabecera municipal,Hombre,Mujer,(Más de 60) Adulto Mayor,Soacha,Cluster 1
"Intolerancia, machismo",Vivienda,Cabecera municipal,Hombre,Hombre,(29 a 59) Adultez,Soacha,Cluster 1
"Intolerancia, machismo",Vivienda,Cabecera municipal,Mujer,Hombre,(00 a 05) Primera Infancia,Soacha,Cluster 1
"Intolerancia, machismo",Vivienda,Parte rural (vereda y campo),Hombre,Hombre,(Más de 60) Adulto Mayor,Soacha,Cluster 1
"Intolerancia, machismo",Vivienda,Cabecera municipal,Hombre,Mujer,(00 a 05) Primera Infancia,Soacha,Cluster 1
"Intolerancia, machismo",Vehículo de servicio particular,Cabecera municipal,Mujer,Mujer,(00 a 05) Primera Infancia,Chía,Cluster 1
"Intolerancia, machismo",Vivienda,Cabecera municipal,Hombre,Hombre,(12 a 17) Adolescencia,Soacha,Cluster 1
"Intolerancia, machismo",Vivienda,Cabecera municipal,Hombre,Hombre,(06 a 11) Infancia,Soacha,Cluster 1
"Intolerancia, machismo",Vivienda,Cabecera municipal,Hombre,Hombre,(12 a 17) Adolescencia,Soacha,Cluster 1
"Intolerancia, machismo",Vivienda,Cabecera municipal,Hombre,Hombre,(00 a 05) Primera Infancia,Soacha,Cluster 1
"Intolerancia, machismo",Vivienda,"Centro poblado (corregimiento, inspección de policía y caserío)",Hombre,Mujer,(12 a 17) Adolescencia,Soacha,Cluster 1
"Intolerancia, machismo",Vivienda,"Centro poblado (corregimiento, inspección de policía y caserío)",Mujer,Mujer,(06 a 11) Infancia,Soacha,Cluster 1
"Intolerancia, machismo",Vivienda,Cabecera municipal,Mujer,Hombre,(12 a 17) Adolescencia,Soacha,Cluster 1
"Intolerancia, machismo",Vivienda,Cabecera municipal,Mujer,Hombre,(06 a 11) Infancia,Soacha,Cluster 1
"Intolerancia, machismo",Vivienda,Cabecera municipal,Hombre,Hombre,(29 a 59) Adultez,Soacha,Cluster 1
"Intolerancia, machismo","Calle (autopista, avenida, dentro de la ciudad)",Cabecera municipal,Mujer,Mujer,(18 a 28) Juventud,Soacha,Cluster 2
Sin información,Vivienda,Cabecera municipal,Hombre,Hombre,(Más de 60) Adulto Mayor,Soacha,Cluster 1
Consumo de alcohol y/o sustancias psicoactivas,"Lugares de hospedaje (hoteles, campamentos y otros tipos de hospedaje no permanente, moteles, etc.)",Cabecera municipal,Hombre,Hombre,(18 a 28) Juventud,Girardot,Cluster 3
"Intolerancia, machismo",Vivienda,Parte rural (vereda y campo),Hombre,Hombre,(29 a 59) Adultez,Girardot,Cluster 1
Sin información,Vivienda,Cabecera municipal,Mujer,Mujer,(29 a 59) Adultez,Soacha,Cluster 1
"Intolerancia, machismo",Vivienda,Cabecera municipal,Hombre,Hombre,(29 a 59) Adultez,Soacha,Cluster 1
"Intolerancia, machismo","Calle (autopista, avenida, dentro de la ciudad)",Cabecera municipal,Mujer,Mujer,(29 a 59) Adultez,Soacha,Cluster 2
Consumo de alcohol y/o sustancias psicoactivas,Vivienda,Cabecera municipal,Hombre,Hombre,(29 a 59) Adultez,Girardot,Cluster 1
"Intolerancia, machismo",Vivienda,Cabecera municipal,Mujer,Hombre,(29 a 59) Adultez,Soacha,Cluster 1
"Intolerancia, machismo",Vivienda,"Centro poblado (corregimiento, inspección de policía y caserío)",Hombre,Hombre,(29 a 59) Adultez,Soacha,Cluster 1
"Intolerancia, machismo",Vivienda,"Centro poblado (corregimiento, inspección de policía y caserío)",Mujer,Hombre,(29 a 59) Adultez,Soacha,Cluster 1
Sin información,Vivienda,Cabecera municipal,Hombre,Mujer,(29 a 59) Adultez,Soacha,Cluster 1
"Intolerancia, machismo",Vivienda,"Centro poblado (corregimiento, inspección de policía y caserío)",Hombre,Hombre,(18 a 28) Juventud,Soacha,Cluster 1
"Intolerancia, machismo","Calle (autopista, avenida, dentro de la ciudad)",Cabecera municipal,Mujer,Hombre,(29 a 59) Adultez,Soacha,Cluster 2
Consumo de alcohol y/o sustancias psicoactivas,Vivienda,Cabecera municipal,Hombre,Hombre,(18 a 28) Juventud,Soacha,Cluster 1
"Intolerancia, machismo","Establecimiento comercial (tienda, centro comercial, almacén, plaza de mercado)",Cabecera municipal,Mujer,Hombre,(29 a 59) Adultez,Soacha,Cluster 3
"Intolerancia, machismo","Establecimiento comercial (tienda, centro comercial, almacén, plaza de mercado)",Cabecera municipal,Hombre,Hombre,(18 a 28) Juventud,Soacha,Cluster 3
"Intolerancia, machismo","Establecimiento comercial (tienda, centro comercial, almacén, plaza de mercado)",Cabecera municipal,Mujer,Hombre,(18 a 28) Juventud,Soacha,Cluster 3
Consumo de alcohol y/o sustancias psicoactivas,"Lugares de hospedaje (hoteles, campamentos y otros tipos de hospedaje no permanente, moteles, etc.)",Cabecera municipal,Hombre,Mujer,(12 a 17) Adolescencia,Girardot,Cluster 3
"Intolerancia, machismo",Vivienda,Cabecera municipal,Mujer,Hombre,(29 a 59) Adultez,Guaduas,Cluster 1
Consumo de alcohol y/o sustancias psicoactivas,Vivienda,Cabecera municipal,Mujer,Hombre,(12 a 17) Adolescencia,Cajicá,Cluster 1
Abandono,Vivienda,Cabecera municipal,Hombre,Hombre,(18 a 28) Juventud,Cajicá,Cluster 1
Consumo de alcohol y/o sustancias psicoactivas,Vivienda,Cabecera municipal,Hombre,Hombre,(29 a 59) Adultez,Cajicá,Cluster 1
"Intolerancia, machismo",Vivienda,Cabecera municipal,Mujer,Mujer,(18 a 28) Juventud,Cajicá,Cluster 1
"Intolerancia, machismo",Vivienda,Cabecera municipal,Mujer,Mujer,(29 a 59) Adultez,Cajicá,Cluster 1
"Intolerancia, machismo","Calle (autopista, avenida, dentro de la ciudad)",Cabecera municipal,Mujer,Hombre,(Más de 60) Adulto Mayor,Cajicá,Cluster 2
"Celos, desconfianza, infidelidad","Calle (autopista, avenida, dentro de la ciudad)",Cabecera municipal,Mujer,Hombre,(29 a 59) Adultez,Cajicá,Cluster 2
Económicas,"Calle (autopista, avenida, dentro de la ciudad)",Cabecera municipal,Mujer,Hombre,(29 a 59) Adultez,Cajicá,Cluster 2
Abandono,Carretera (fuera de la ciudad),Cabecera municipal,Hombre,Hombre,(12 a 17) Adolescencia,Cajicá,Cluster 2
Consumo de alcohol y/o sustancias psicoactivas,Vivienda,"Centro poblado (corregimiento, inspección de policía y caserío)",Hombre,Hombre,(12 a 17) Adolescencia,Cajicá,Cluster 1
"Intolerancia, machismo",Vivienda,Cabecera municipal,Hombre,Hombre,(18 a 28) Juventud,Cajicá,Cluster 1
"Intolerancia, machismo","Calle (autopista, avenida, dentro de la ciudad)",Cabecera municipal,Hombre,Mujer,(29 a 59) Adultez,Cajicá,Cluster 2
"Intolerancia, machismo",Vivienda,Cabecera municipal,Mujer,Hombre,(18 a 28) Juventud,Cajicá,Cluster 1
"Intolerancia, machismo",Vivienda,Cabecera municipal,Hombre,Hombre,(18 a 28) Juventud,Cajicá,Cluster 1
"Intolerancia, machismo",Vivienda,Cabecera municipal,Hombre,Hombre,(29 a 59) Adultez,Cajicá,Cluster 1
Consumo de alcohol y/o sustancias psicoactivas,Vivienda,Cabecera municipal,Mujer,Hombre,(29 a 59) Adultez,Cajicá,Cluster 1
"Intolerancia, machismo","Calle (autopista, avenida, dentro de la ciudad)",Cabecera municipal,Hombre,Hombre,(18 a 28) Juventud,Cajicá,Cluster 2
Otras razones,Vivienda,Sin información,Mujer,Mujer,(12 a 17) Adolescencia,Cajicá,Cluster 1
"Intolerancia, machismo",Vivienda,Parte rural (vereda y campo),Mujer,Hombre,(29 a 59) Adultez,Cajicá,Cluster 1
"Intolerancia, machismo",Vivienda,Cabecera municipal,Mujer,Mujer,(06 a 11) Infancia,Cajicá,Cluster 1
"Celos, desconfianza, infidelidad",Vivienda,Cabecera municipal,Mujer,Hombre,(12 a 17) Adolescencia,Cajicá,Cluster 1
"Intolerancia, machismo",Vivienda,"Centro poblado (corregimiento, inspección de policía y caserío)",Mujer,Mujer,(29 a 59) Adultez,Cajicá,Cluster 1
"Intolerancia, machismo",Vivienda,Cabecera municipal,Hombre,Mujer,(00 a 05) Primera Infancia,Cajicá,Cluster 1
"Intolerancia, machismo","Establecimientos dedicados a la administración pública (cortes, juzgados, ministerios, etc.)",Cabecera municipal,Hombre,Hombre,(29 a 59) Adultez,Cajicá,Cluster 3
"Intolerancia, machismo",Vivienda,Parte rural (vereda y campo),Mujer,Mujer,(29 a 59) Adultez,Cajicá,Cluster 1
"Intolerancia, machismo",Vivienda,Parte rural (vereda y campo),Mujer,Hombre,(29 a 59) Adultez,Chía,Cluster 1
"Intolerancia, machismo",Vivienda,Parte rural (vereda y campo),Hombre,Sin información,(29 a 59) Adultez,Cota,Cluster 1
Otras razones,Sin Información,Cabecera municipal,Mujer,Mujer,(00 a 05) Primera Infancia,Chía,Cluster 3
Consumo de alcohol y/o sustancias psicoactivas,Vivienda,Cabecera municipal,Mujer,Hombre,(12 a 17) Adolescencia,Cota,Cluster 1
"Intolerancia, machismo",Vivienda,Cabecera municipal,Hombre,Mujer,(00 a 05) Primera Infancia,Cota,Cluster 1
"Intolerancia, machismo",Vivienda,Cabecera municipal,Mujer,Hombre,(Más de 60) Adulto Mayor,Chía,Cluster 1
"Intolerancia, machismo",Vivienda,"Centro poblado (corregimiento, inspección de policía y caserío)",Mujer,Hombre,(12 a 17) Adolescencia,Chía,Cluster 1
Otras razones,Vivienda,Cabecera municipal,Hombre,Mujer,(00 a 05) Primera Infancia,Chía,Cluster 1
"Intolerancia, machismo",Vivienda,"Centro poblado (corregimiento, inspección de policía y caserío)",Mujer,Hombre,(12 a 17) Adolescencia,Chía,Cluster 1
"Intolerancia, machismo",Vivienda,"Centro poblado (corregimiento, inspección de policía y caserío)",Hombre,Hombre,(29 a 59) Adultez,Chía,Cluster 1
"Celos, desconfianza, infidelidad","Calle (autopista, avenida, dentro de la ciudad)",Cabecera municipal,Hombre,Hombre,(00 a 05) Primera Infancia,Chía,Cluster 2
"Intolerancia, machismo",Vivienda,Sin información,Mujer,Hombre,(29 a 59) Adultez,Chía,Cluster 1
Otras razones,Vivienda,Cabecera municipal,Mujer,Hombre,(00 a 05) Primera Infancia,Guaduas,Cluster 1
Sin información,Vivienda,Cabecera municipal,Mujer,Hombre,(06 a 11) Infancia,Guaduas,Cluster 1
"Intolerancia, machismo",Vivienda,Cabecera municipal,Hombre,Mujer,(29 a 59) Adultez,Guaduas,Cluster 1
Otras razones,Vivienda,Parte rural (vereda y campo),Hombre,Mujer,(12 a 17) Adolescencia,Guaduas,Cluster 1
"Intolerancia, machismo",Carretera (fuera de la ciudad),Cabecera municipal,Hombre,Hombre,(29 a 59) Adultez,Guaduas,Cluster 2
"Intolerancia, machismo",Vía pública,Cabecera municipal,Hombre,Hombre,(18 a 28) Juventud,Guaduas,Cluster 1
"Intolerancia, machismo",Sin Información,Cabecera municipal,Mujer,Hombre,(29 a 59) Adultez,Guaduas,Cluster 3
"Intolerancia, machismo",Vivienda,Cabecera municipal,Mujer,Mujer,(18 a 28) Juventud,Guaduas,Cluster 1
"Intolerancia, machismo",Vivienda,Cabecera municipal,Mujer,Hombre,(18 a 28) Juventud,Guaduas,Cluster 1
Consumo de alcohol y/o sustancias psicoactivas,Vivienda,Cabecera municipal,Mujer,Hombre,(06 a 11) Infancia,Guaduas,Cluster 1
"Intolerancia, machismo",Vivienda,Parte rural (vereda y campo),Mujer,Hombre,(Más de 60) Adulto Mayor,Chía,Cluster 1
Consumo de alcohol y/o sustancias psicoactivas,Vivienda,Cabecera municipal,Mujer,Hombre,(18 a 28) Juventud,Girardot,Cluster 1
"Intolerancia, machismo",Vivienda,Cabecera municipal,Hombre,Hombre,(29 a 59) Adultez,Girardot,Cluster 1
"Intolerancia, machismo",Vivienda,Cabecera municipal,Hombre,Mujer,(06 a 11) Infancia,Girardot,Cluster 1
"Intolerancia, machismo",Vivienda,Cabecera municipal,Mujer,Mujer,(06 a 11) Infancia,Girardot,Cluster 1
Sin información,Vivienda,Cabecera municipal,Mujer,Mujer,(00 a 05) Primera Infancia,Girardot,Cluster 1
Consumo de alcohol y/o sustancias psicoactivas,Vivienda,Cabecera municipal,Mujer,Hombre,(29 a 59) Adultez,Girardot,Cluster 1
"Intolerancia, machismo","Establecimientos de expendio de comidas (restaurantes, asaderos, salsamentarias, etc.)",Cabecera municipal,Mujer,Mujer,(18 a 28) Juventud,Girardot,Cluster 3
"Intolerancia, machismo",Vía pública,Parte rural (vereda y campo),Mujer,Mujer,(29 a 59) Adultez,Girardot,Cluster 1
Consumo de alcohol y/o sustancias psicoactivas,Vivienda,Cabecera municipal,Hombre,Hombre,(18 a 28) Juventud,Girardot,Cluster 1
Consumo de alcohol y/o sustancias psicoactivas,Vivienda,Cabecera municipal,Mujer,Hombre,(18 a 28) Juventud,Girardot,Cluster 1
"Intolerancia, machismo",Vivienda,Cabecera municipal,Hombre,Mujer,(Más de 60) Adulto Mayor,Girardot,Cluster 1
"Intolerancia, machismo",Vivienda,Cabecera municipal,Mujer,Mujer,(29 a 59) Adultez,Girardot,Cluster 1
"Intolerancia, machismo",Vivienda,Cabecera municipal,Hombre,Hombre,(29 a 59) Adultez,Girardot,Cluster 1
"Intolerancia, machismo",Vivienda,Cabecera municipal,Mujer,Mujer,(12 a 17) Adolescencia,Girardot,Cluster 1
"Intolerancia, machismo",Vivienda,Cabecera municipal,Mujer,Hombre,(18 a 28) Juventud,Girardot,Cluster 1
"Intolerancia, machismo",Vivienda,Cabecera municipal,Mujer,Hombre,(18 a 28) Juventud,Girardot,Cluster 1
"Intolerancia, machismo",Vivienda,Cabecera municipal,Mujer,Hombre,(29 a 59) Adultez,Girardot,Cluster 1
"Intolerancia, machismo",Vivienda,Cabecera municipal,Mujer,Hombre,(12 a 17) Adolescencia,Girardot,Cluster 1
"Intolerancia, machismo",Vivienda,Cabecera municipal,Mujer,Mujer,(29 a 59) Adultez,Girardot,Cluster 1
"Intolerancia, machismo",Vivienda,Cabecera municipal,Mujer,Hombre,(Más de 60) Adulto Mayor,Girardot,Cluster 1
"Intolerancia, machismo",Vivienda,Cabecera municipal,Mujer,Hombre,(29 a 59) Adultez,Girardot,Cluster 1
"Intolerancia, machismo",Vivienda,Cabecera municipal,Hombre,Mujer,(Más de 60) Adulto Mayor,Girardot,Cluster 1
"Intolerancia, machismo",Vivienda,Parte rural (vereda y campo),Mujer,Mujer,(18 a 28) Juventud,Girardot,Cluster 1
"Intolerancia, machismo",Vivienda,Cabecera municipal,Mujer,Mujer,(18 a 28) Juventud,Girardot,Cluster 1
"Intolerancia, machismo",Vivienda,Cabecera municipal,Mujer,Hombre,(29 a 59) Adultez,Girardot,Cluster 1
"Intolerancia, machismo","Establecimiento comercial (tienda, centro comercial, almacén, plaza de mercado)",Cabecera municipal,Mujer,Hombre,(29 a 59) Adultez,Girardot,Cluster 3
Económicas,Vivienda,Cabecera municipal,Mujer,Hombre,(29 a 59) Adultez,Girardot,Cluster 1
"Intolerancia, machismo",Vivienda,Cabecera municipal,Hombre,Hombre,(Más de 60) Adulto Mayor,Girardot,Cluster 1
"Intolerancia, machismo",Vivienda,Cabecera municipal,Mujer,Mujer,(29 a 59) Adultez,Girardot,Cluster 1
"Intolerancia, machismo",Vivienda,Cabecera municipal,Mujer,Mujer,(29 a 59) Adultez,Girardot,Cluster 1
"Intolerancia, machismo",Vivienda,Cabecera municipal,Mujer,Mujer,(18 a 28) Juventud,Girardot,Cluster 1
Consumo de alcohol y/o sustancias psicoactivas,Vivienda,Cabecera municipal,Hombre,Hombre,(29 a 59) Adultez,Girardot,Cluster 1
"Intolerancia, machismo",Vivienda,Cabecera municipal,Mujer,Hombre,(29 a 59) Adultez,Girardot,Cluster 1
"Intolerancia, machismo","Establecimiento comercial (tienda, centro comercial, almacén, plaza de mercado)",Cabecera municipal,Hombre,Hombre,(29 a 59) Adultez,Girardot,Cluster 3
Consumo de alcohol y/o sustancias psicoactivas,"Calle (autopista, avenida, dentro de la ciudad)",Cabecera municipal,Hombre,Hombre,(29 a 59) Adultez,Girardot,Cluster 2
"Intolerancia, machismo",Vivienda,Cabecera municipal,Hombre,Hombre,(29 a 59) Adultez,Girardot,Cluster 1
"Intolerancia, machismo",Vivienda,Cabecera municipal,Mujer,Mujer,(29 a 59) Adultez,Girardot,Cluster 1
"Intolerancia, machismo",Vivienda,Cabecera municipal,Hombre,Hombre,(12 a 17) Adolescencia,Soacha,Cluster 1
"Intolerancia, machismo",Vía pública,Cabecera municipal,Mujer,Hombre,(06 a 11) Infancia,Soacha,Cluster 1
"Intolerancia, machismo",Vía pública,Cabecera municipal,Hombre,Hombre,(29 a 59) Adultez,Soacha,Cluster 1
"Intolerancia, machismo",Vía pública,Cabecera municipal,Mujer,Mujer,(29 a 59) Adultez,Soacha,Cluster 1
"Intolerancia, machismo",Vivienda,Cabecera municipal,Mujer,Mujer,(29 a 59) Adultez,Soacha,Cluster 1
"Intolerancia, machismo",Vía pública,Cabecera municipal,Hombre,Hombre,(29 a 59) Adultez,Soacha,Cluster 1
"Intolerancia, machismo",Vía pública,Cabecera municipal,Hombre,Hombre,(29 a 59) Adultez,Soacha,Cluster 1
"Intolerancia, machismo",Vía pública,Cabecera municipal,Hombre,Hombre,(29 a 59) Adultez,Soacha,Cluster 1
"Intolerancia, machismo",Vivienda,Cabecera municipal,Mujer,Hombre,(Más de 60) Adulto Mayor,Soacha,Cluster 1
"Intolerancia, machismo",Vivienda,Cabecera municipal,Mujer,Mujer,(00 a 05) Primera Infancia,Soacha,Cluster 1
"Intolerancia, machismo",Vivienda,Cabecera municipal,Mujer,Hombre,(29 a 59) Adultez,Soacha,Cluster 1
"Intolerancia, machismo",Vía pública,Cabecera municipal,Hombre,Hombre,(18 a 28) Juventud,Soacha,Cluster 1
Consumo de alcohol y/o sustancias psicoactivas,Vía pública,Cabecera municipal,Mujer,Hombre,(Más de 60) Adulto Mayor,Soacha,Cluster 1
"Intolerancia, machismo",Vivienda,Cabecera municipal,Hombre,Hombre,(Más de 60) Adulto Mayor,Soacha,Cluster 1
Consumo de alcohol y/o sustancias psicoactivas,Vivienda,Cabecera municipal,Mujer,Hombre,(12 a 17) Adolescencia,Soacha,Cluster 1
Consumo de alcohol y/o sustancias psicoactivas,Vía pública,Cabecera municipal,Mujer,Hombre,(29 a 59) Adultez,Soacha,Cluster 1
Consumo de alcohol y/o sustancias psicoactivas,Vivienda,Cabecera municipal,Hombre,Hombre,(18 a 28) Juventud,Soacha,Cluster 1
"Intolerancia, machismo",Vivienda,Cabecera municipal,Hombre,Hombre,(29 a 59) Adultez,Soacha,Cluster 1
"Intolerancia, machismo",Vía pública,Cabecera municipal,Hombre,Hombre,(18 a 28) Juventud,Soacha,Cluster 1
"Intolerancia, machismo",Vivienda,Cabecera municipal,Hombre,Hombre,(12 a 17) Adolescencia,Soacha,Cluster 1
Consumo de alcohol y/o sustancias psicoactivas,Vivienda,Cabecera municipal,Hombre,Hombre,(29 a 59) Adultez,Soacha,Cluster 1
"Intolerancia, machismo",Vivienda,Cabecera municipal,Hombre,Hombre,(29 a 59) Adultez,Soacha,Cluster 1
"Intolerancia, machismo",Vivienda,Cabecera municipal,Mujer,Hombre,(12 a 17) Adolescencia,Soacha,Cluster 1
"Intolerancia, machismo",Vivienda,Cabecera municipal,Hombre,Hombre,(Más de 60) Adulto Mayor,Soacha,Cluster 1
"Intolerancia, machismo",Vivienda,Cabecera municipal,Hombre,Hombre,(18 a 28) Juventud,Soacha,Cluster 1
"Intolerancia, machismo","Calle (autopista, avenida, dentro de la ciudad)",Cabecera municipal,Mujer,Mujer,(Más de 60) Adulto Mayor,Soacha,Cluster 2
"Intolerancia, machismo",Vivienda,Cabecera municipal,Mujer,Mujer,(Más de 60) Adulto Mayor,Soacha,Cluster 1
"Intolerancia, machismo",Vivienda,Cabecera municipal,Mujer,Hombre,(29 a 59) Adultez,Soacha,Cluster 1
"Intolerancia, machismo",Vía pública,Cabecera municipal,Mujer,Mujer,(29 a 59) Adultez,Soacha,Cluster 1
"Intolerancia, machismo",Vivienda,Cabecera municipal,Mujer,Hombre,(18 a 28) Juventud,Soacha,Cluster 1
"Intolerancia, machismo",Vivienda,Cabecera municipal,Hombre,Mujer,(29 a 59) Adultez,Soacha,Cluster 1
"Intolerancia, machismo",Vivienda,Cabecera municipal,Mujer,Hombre,(Más de 60) Adulto Mayor,Soacha,Cluster 1
"Intolerancia, machismo",Vivienda,Cabecera municipal,Mujer,Hombre,(29 a 59) Adultez,Soacha,Cluster 1
"Intolerancia, machismo",Vía pública,Cabecera municipal,Hombre,Hombre,(29 a 59) Adultez,Soacha,Cluster 1
"Celos, desconfianza, infidelidad",Vivienda,Cabecera municipal,Mujer,Mujer,(29 a 59) Adultez,Soacha,Cluster 1
"Intolerancia, machismo",Vivienda,Cabecera municipal,Mujer,Hombre,(18 a 28) Juventud,Soacha,Cluster 1
Consumo de alcohol y/o sustancias psicoactivas,Vía pública,Cabecera municipal,Mujer,Hombre,(29 a 59) Adultez,Soacha,Cluster 1
"Intolerancia, machismo",Vía pública,Cabecera municipal,Mujer,Mujer,(29 a 59) Adultez,Soacha,Cluster 1
"Intolerancia, machismo",Sin Información,Cabecera municipal,Mujer,Mujer,(00 a 05) Primera Infancia,Soacha,Cluster 3
"Intolerancia, machismo","Establecimiento comercial (tienda, centro comercial, almacén, plaza de mercado)",Cabecera municipal,Hombre,Hombre,(29 a 59) Adultez,Soacha,Cluster 3
"Intolerancia, machismo",Vivienda,Cabecera municipal,Hombre,Hombre,(Más de 60) Adulto Mayor,Soacha,Cluster 1
"Intolerancia, machismo",Vía pública,Cabecera municipal,Mujer,Mujer,(29 a 59) Adultez,Soacha,Cluster 1
"Intolerancia, machismo",Vivienda,Cabecera municipal,Mujer,Hombre,(29 a 59) Adultez,Soacha,Cluster 1
Sin información,Vivienda,Cabecera municipal,Mujer,Hombre,(00 a 05) Primera Infancia,Soacha,Cluster 1
"Intolerancia, machismo",Vía pública,Cabecera municipal,Mujer,Mujer,(12 a 17) Adolescencia,Soacha,Cluster 1
"Intolerancia, machismo",Vía pública,Cabecera municipal,Mujer,Mujer,(29 a 59) Adultez,Soacha,Cluster 1
"Intolerancia, machismo",Vía pública,Cabecera municipal,Hombre,Mujer,(29 a 59) Adultez,Soacha,Cluster 1
"Intolerancia, machismo",Vía pública,Cabecera municipal,Mujer,Hombre,(18 a 28) Juventud,Soacha,Cluster 1
"Intolerancia, machismo",Vivienda,Cabecera municipal,Mujer,Hombre,(12 a 17) Adolescencia,Soacha,Cluster 1
"Intolerancia, machismo",Vivienda,Cabecera municipal,Hombre,Mujer,(29 a 59) Adultez,Soacha,Cluster 1
"Intolerancia, machismo",Vía pública,Cabecera municipal,Hombre,Hombre,(29 a 59) Adultez,Soacha,Cluster 1
"Intolerancia, machismo","Calle (autopista, avenida, dentro de la ciudad)",Cabecera municipal,Hombre,Mujer,(00 a 05) Primera Infancia,Soacha,Cluster 2
"Intolerancia, machismo",Vivienda,Cabecera municipal,Mujer,Hombre,(29 a 59) Adultez,Soacha,Cluster 1
"Intolerancia, machismo",Vivienda,Cabecera municipal,Mujer,Hombre,(29 a 59) Adultez,Soacha,Cluster 1
"Intolerancia, machismo",Vivienda,Cabecera municipal,Hombre,Hombre,(29 a 59) Adultez,Soacha,Cluster 1
"Intolerancia, machismo",Vía pública,Cabecera municipal,Mujer,Mujer,(29 a 59) Adultez,Soacha,Cluster 1
"Intolerancia, machismo",Vivienda,Cabecera municipal,Hombre,Hombre,(29 a 59) Adultez,Soacha,Cluster 1
"Intolerancia, machismo",Vivienda,Cabecera municipal,Mujer,Hombre,(18 a 28) Juventud,Soacha,Cluster 1
"Intolerancia, machismo",Vivienda,Cabecera municipal,Hombre,Hombre,(00 a 05) Primera Infancia,Soacha,Cluster 1
"Intolerancia, machismo",Vía pública,Cabecera municipal,Hombre,Hombre,(18 a 28) Juventud,Soacha,Cluster 1
"Intolerancia, machismo",Vía pública,Cabecera municipal,Hombre,Mujer,(18 a 28) Juventud,Soacha,Cluster 1
"Intolerancia, machismo",Oficinas y/o edificios de oficinas,Cabecera municipal,Mujer,Mujer,(29 a 59) Adultez,Soacha,Cluster 3
"Intolerancia, machismo","Calle (autopista, avenida, dentro de la ciudad)",Cabecera municipal,Mujer,Hombre,(29 a 59) Adultez,Soacha,Cluster 2
"Intolerancia, machismo",Vía pública,Cabecera municipal,Mujer,Hombre,(29 a 59) Adultez,Soacha,Cluster 1
"Intolerancia, machismo",Vía pública,Cabecera municipal,Hombre,Hombre,(29 a 59) Adultez,Soacha,Cluster 1
"Intolerancia, machismo",Vivienda,Cabecera municipal,Mujer,Hombre,(18 a 28) Juventud,Soacha,Cluster 1
"Intolerancia, machismo",Vivienda,Cabecera municipal,Mujer,Mujer,(06 a 11) Infancia,Soacha,Cluster 1
"Intolerancia, machismo",Vivienda,Cabecera municipal,Hombre,Hombre,(29 a 59) Adultez,Soacha,Cluster 1
"Intolerancia, machismo",Vivienda,Cabecera municipal,Mujer,Hombre,(Más de 60) Adulto Mayor,Soacha,Cluster 1
"Intolerancia, machismo",Vivienda,Cabecera municipal,Hombre,Mujer,(18 a 28) Juventud,Soacha,Cluster 1
"Intolerancia, machismo",Vivienda,Cabecera municipal,Hombre,Hombre,(Más de 60) Adulto Mayor,Soacha,Cluster 1
"Intolerancia, machismo",Vivienda,Cabecera municipal,Mujer,Hombre,(18 a 28) Juventud,Soacha,Cluster 1
"Intolerancia, machismo",Vivienda,Cabecera municipal,Hombre,Mujer,(29 a 59) Adultez,Soacha,Cluster 1
"Intolerancia, machismo",Vivienda,Cabecera municipal,Hombre,Hombre,(29 a 59) Adultez,Soacha,Cluster 1
"Intolerancia, machismo",Vivienda,Cabecera municipal,Mujer,Mujer,(12 a 17) Adolescencia,Soacha,Cluster 1
"Intolerancia, machismo",Vivienda,Cabecera municipal,Mujer,Mujer,(29 a 59) Adultez,Soacha,Cluster 1
"Intolerancia, machismo",Vía pública,Cabecera municipal,Hombre,Mujer,(29 a 59) Adultez,Soacha,Cluster 1
"Intolerancia, machismo",Vivienda,Cabecera municipal,Hombre,Hombre,(06 a 11) Infancia,Soacha,Cluster 1
Consumo de alcohol y/o sustancias psicoactivas,Vivienda,Cabecera municipal,Hombre,Hombre,(12 a 17) Adolescencia,Soacha,Cluster 1
"Intolerancia, machismo",Vivienda,Cabecera municipal,Mujer,Hombre,(29 a 59) Adultez,Soacha,Cluster 1
"Intolerancia, machismo",Vía pública,Cabecera municipal,Mujer,Hombre,(12 a 17) Adolescencia,Soacha,Cluster 1
"Intolerancia, machismo",Vivienda,Cabecera municipal,Hombre,Mujer,(29 a 59) Adultez,Soacha,Cluster 1
"Intolerancia, machismo",Vivienda,Cabecera municipal,Mujer,Mujer,(29 a 59) Adultez,Soacha,Cluster 1
"Intolerancia, machismo",Vivienda,Cabecera municipal,Hombre,Mujer,(00 a 05) Primera Infancia,Soacha,Cluster 1
"Intolerancia, machismo",Vía pública,Cabecera municipal,Mujer,Mujer,(12 a 17) Adolescencia,Soacha,Cluster 1
"Intolerancia, machismo",Sin Información,Cabecera municipal,Mujer,Hombre,(00 a 05) Primera Infancia,Soacha,Cluster 3
"Intolerancia, machismo",Vivienda,Cabecera municipal,Hombre,Mujer,(00 a 05) Primera Infancia,Soacha,Cluster 1
"Intolerancia, machismo",Vía pública,Cabecera municipal,Hombre,Hombre,(18 a 28) Juventud,Soacha,Cluster 1
"Intolerancia, machismo",Vivienda,Cabecera municipal,Mujer,Hombre,(18 a 28) Juventud,Soacha,Cluster 1
Consumo de alcohol y/o sustancias psicoactivas,Vivienda,Cabecera municipal,Hombre,Hombre,(29 a 59) Adultez,Soacha,Cluster 1
"Intolerancia, machismo",Vivienda,Cabecera municipal,Mujer,Hombre,(Más de 60) Adulto Mayor,Soacha,Cluster 1
"Intolerancia, machismo",Vía pública,Cabecera municipal,Mujer,Hombre,(18 a 28) Juventud,Soacha,Cluster 1
"Intolerancia, machismo",Vía pública,Cabecera municipal,Hombre,Hombre,(12 a 17) Adolescencia,Soacha,Cluster 1
"Intolerancia, machismo",Vivienda,Cabecera municipal,Mujer,Mujer,(29 a 59) Adultez,Soacha,Cluster 1
"Intolerancia, machismo",Vivienda,Cabecera municipal,Mujer,Hombre,(29 a 59) Adultez,Soacha,Cluster 1
"Intolerancia, machismo",Oficinas y/o edificios de oficinas,Cabecera municipal,Mujer,Mujer,(29 a 59) Adultez,Soacha,Cluster 3
"Intolerancia, machismo",Vivienda,Cabecera municipal,Hombre,Hombre,(18 a 28) Juventud,Soacha,Cluster 1
"Intolerancia, machismo",Vivienda,Cabecera municipal,Mujer,Mujer,(18 a 28) Juventud,Soacha,Cluster 1
"Intolerancia, machismo",Vivienda,"Centro poblado (corregimiento, inspección de policía y caserío)",Mujer,Hombre,(Más de 60) Adulto Mayor,Guaduas,Cluster 1
"Intolerancia, machismo",Vivienda,"Centro poblado (corregimiento, inspección de policía y caserío)",Mujer,Hombre,(29 a 59) Adultez,Guaduas,Cluster 1
Sin información,Vivienda,Parte rural (vereda y campo),Hombre,Hombre,(12 a 17) Adolescencia,Cajicá,Cluster 1
Sin información,Sin Información,Cabecera municipal,Mujer,Mujer,(29 a 59) Adultez,Girardot,Cluster 3
Sin información,Vivienda,Cabecera municipal,Mujer,Hombre,(Más de 60) Adulto Mayor,Soacha,Cluster 1
Sin información,Vivienda,Cabecera municipal,Mujer,Hombre,(29 a 59) Adultez,Soacha,Cluster 1
Sin información,Vivienda,Cabecera municipal,Mujer,Hombre,(29 a 59) Adultez,Soacha,Cluster 1
Sin información,Vivienda,Cabecera municipal,Hombre,Mujer,(29 a 59) Adultez,Soacha,Cluster 1
Sin información,Vivienda,Cabecera municipal,Mujer,Hombre,(29 a 59) Adultez,Soacha,Cluster 1
Sin información,Vía pública,Cabecera municipal,Mujer,Mujer,(18 a 28) Juventud,Soacha,Cluster 1
Sin información,Vivienda,Cabecera municipal,Hombre,Hombre,(12 a 17) Adolescencia,Soacha,Cluster 1
Sin información,Vivienda,Cabecera municipal,Hombre,Hombre,(12 a 17) Adolescencia,Soacha,Cluster 1
Sin información,Centros de reclusión,Sin información,Hombre,Hombre,(12 a 17) Adolescencia,Cajicá,Cluster 2
"Intolerancia, machismo",Vía pública,Cabecera municipal,Mujer,Hombre,(29 a 59) Adultez,Soacha,Cluster 1
"Intolerancia, machismo",Vivienda,Cabecera municipal,Hombre,Hombre,(06 a 11) Infancia,Soacha,Cluster 1
"Intolerancia, machismo",Vivienda,Cabecera municipal,Mujer,Hombre,(00 a 05) Primera Infancia,Cajicá,Cluster 1
"Intolerancia, machismo",Vivienda,Cabecera municipal,Mujer,Mujer,(06 a 11) Infancia,Girardot,Cluster 1
"Intolerancia, machismo",Vivienda,Cabecera municipal,Hombre,Hombre,(12 a 17) Adolescencia,Soacha,Cluster 1
"Intolerancia, machismo",Vivienda,Cabecera municipal,Mujer,Hombre,(06 a 11) Infancia,Cota,Cluster 1
"Intolerancia, machismo",Vivienda,Cabecera municipal,Mujer,Mujer,(12 a 17) Adolescencia,Soacha,Cluster 1
"Intolerancia, machismo",Vivienda,Cabecera municipal,Hombre,Hombre,(06 a 11) Infancia,Soacha,Cluster 1
"Intolerancia, machismo",Vivienda,Cabecera municipal,Mujer,Hombre,(12 a 17) Adolescencia,Soacha,Cluster 1
"Intolerancia, machismo",Vivienda,Cabecera municipal,Mujer,Hombre,(12 a 17) Adolescencia,Soacha,Cluster 1
Enfermedad fisica o mental,Vivienda,Cabecera municipal,Mujer,Mujer,(00 a 05) Primera Infancia,Soacha,Cluster 1
"Intolerancia, machismo",Vivienda,Cabecera municipal,Hombre,Hombre,(12 a 17) Adolescencia,Soacha,Cluster 1
Sin información,Vivienda,Cabecera municipal,Hombre,Mujer,(00 a 05) Primera Infancia,Soacha,Cluster 1
"Intolerancia, machismo",Vivienda,Cabecera municipal,Mujer,Hombre,(06 a 11) Infancia,Soacha,Cluster 1
"Intolerancia, machismo",Vivienda,Cabecera municipal,Mujer,Mujer,(06 a 11) Infancia,Soacha,Cluster 1
"Intolerancia, machismo",Vivienda,Cabecera municipal,Hombre,Hombre,(12 a 17) Adolescencia,Soacha,Cluster 1
"Intolerancia, machismo",Vivienda,Sin información,Mujer,Hombre,(12 a 17) Adolescencia,Soacha,Cluster 1
"Intolerancia, machismo",Vivienda,Cabecera municipal,Hombre,Mujer,(12 a 17) Adolescencia,Soacha,Cluster 1
"Intolerancia, machismo",Vivienda,Cabecera municipal,Mujer,Hombre,(12 a 17) Adolescencia,Soacha,Cluster 1
Sin información,Vivienda,Cabecera municipal,Mujer,Mujer,(06 a 11) Infancia,Cajicá,Cluster 1
"Intolerancia, machismo",Vivienda,Cabecera municipal,Mujer,Hombre,(06 a 11) Infancia,Soacha,Cluster 1
Sin información,"Calle (autopista, avenida, dentro de la ciudad)",Parte rural (vereda y campo),Mujer,Hombre,(06 a 11) Infancia,Chía,Cluster 2
Consumo de alcohol y/o sustancias psicoactivas,Vehículo de servicio particular,Sin información,Hombre,Hombre,(06 a 11) Infancia,Soacha,Cluster 1
"Intolerancia, machismo",Vivienda,Cabecera municipal,Mujer,Hombre,(06 a 11) Infancia,Soacha,Cluster 1
"Intolerancia, machismo",Vivienda,"Centro poblado (corregimiento, inspección de policía y caserío)",Mujer,Mujer,(12 a 17) Adolescencia,Soacha,Cluster 1
"Intolerancia, machismo",Vivienda,"Centro poblado (corregimiento, inspección de policía y caserío)",Hombre,Hombre,(06 a 11) Infancia,Soacha,Cluster 1
"Intolerancia, machismo",Vivienda,"Centro poblado (corregimiento, inspección de policía y caserío)",Mujer,Hombre,(06 a 11) Infancia,Soacha,Cluster 1
"Intolerancia, machismo",Vivienda,Cabecera municipal,Mujer,Mujer,(06 a 11) Infancia,Soacha,Cluster 1
Consumo de alcohol y/o sustancias psicoactivas,"Calle (autopista, avenida, dentro de la ciudad)",Sin información,Hombre,Hombre,(06 a 11) Infancia,Cajicá,Cluster 2
"Intolerancia, machismo",Vivienda,Cabecera municipal,Mujer,Hombre,(29 a 59) Adultez,Soacha,Cluster 1
"Intolerancia, machismo",Vivienda,Cabecera municipal,Mujer,Mujer,(18 a 28) Juventud,Soacha,Cluster 1
"Intolerancia, machismo",Vivienda,Cabecera municipal,Mujer,Hombre,(29 a 59) Adultez,Soacha,Cluster 1
"Intolerancia, machismo",Vivienda,Cabecera municipal,Hombre,Hombre,(29 a 59) Adultez,Soacha,Cluster 1
Consumo de alcohol y/o sustancias psicoactivas,Lugares de esparcimiento con expendio de alcohol,Sin información,Mujer,Hombre,(29 a 59) Adultez,Soacha,Cluster 3
"Intolerancia, machismo",Vivienda,Sin información,Mujer,Hombre,(18 a 28) Juventud,Soacha,Cluster 1
"Intolerancia, machismo",Vía pública,Sin información,Hombre,Sin información,(29 a 59) Adultez,Soacha,Cluster 1
"Intolerancia, machismo",Vivienda,Cabecera municipal,Mujer,Hombre,(29 a 59) Adultez,Soacha,Cluster 1
Enfermedad fisica o mental,Vivienda,Cabecera municipal,Hombre,Hombre,(18 a 28) Juventud,Soacha,Cluster 1
Consumo de alcohol y/o sustancias psicoactivas,Vivienda,Cabecera municipal,Mujer,Hombre,(18 a 28) Juventud,Soacha,Cluster 1
"Intolerancia, machismo",Vivienda,Cabecera municipal,Mujer,Hombre,(18 a 28) Juventud,Soacha,Cluster 1
Consumo de alcohol y/o sustancias psicoactivas,Vía pública,Cabecera municipal,Mujer,Mujer,(29 a 59) Adultez,Soacha,Cluster 1
Sin información,Vivienda,Cabecera municipal,Hombre,Hombre,(29 a 59) Adultez,Soacha,Cluster 1
"Intolerancia, machismo",Vivienda,Cabecera municipal,Mujer,Hombre,(29 a 59) Adultez,Soacha,Cluster 1
"Intolerancia, machismo",Áreas deportivas y/o recreativas,Cabecera municipal,Mujer,Hombre,(29 a 59) Adultez,Soacha,Cluster 1
"Intolerancia, machismo",Vivienda,Cabecera municipal,Hombre,Hombre,(18 a 28) Juventud,Cota,Cluster 1
"Intolerancia, machismo",Vivienda,Cabecera municipal,Mujer,Mujer,(18 a 28) Juventud,Soacha,Cluster 1
"Intolerancia, machismo",Vivienda,Cabecera municipal,Hombre,Hombre,(29 a 59) Adultez,Soacha,Cluster 1
Económicas,Vivienda,Cabecera municipal,Hombre,Hombre,(Más de 60) Adulto Mayor,Soacha,Cluster 1
Consumo de alcohol y/o sustancias psicoactivas,Vivienda,Cabecera municipal,Hombre,Hombre,(29 a 59) Adultez,Soacha,Cluster 1
Económicas,Vivienda,"Centro poblado (corregimiento, inspección de policía y caserío)",Hombre,Hombre,(29 a 59) Adultez,Soacha,Cluster 1
"Intolerancia, machismo",Vivienda,Cabecera municipal,Mujer,Hombre,(29 a 59) Adultez,Soacha,Cluster 1
"Intolerancia, machismo","Calle (autopista, avenida, dentro de la ciudad)",Cabecera municipal,Mujer,Mujer,(29 a 59) Adultez,Soacha,Cluster 2
Consumo de alcohol y/o sustancias psicoactivas,Vivienda,Cabecera municipal,Hombre,Hombre,(29 a 59) Adultez,Soacha,Cluster 1
"Intolerancia, machismo",Vivienda,Cabecera municipal,Hombre,Hombre,(29 a 59) Adultez,Soacha,Cluster 1
"Intolerancia, machismo","Calle (autopista, avenida, dentro de la ciudad)",Sin información,Mujer,Mujer,(18 a 28) Juventud,Soacha,Cluster 2
"Intolerancia, machismo","Establecimiento comercial (tienda, centro comercial, almacén, plaza de mercado)",Cabecera municipal,Hombre,Hombre,(29 a 59) Adultez,Soacha,Cluster 3
"Intolerancia, machismo",Vivienda,Cabecera municipal,Mujer,Hombre,(29 a 59) Adultez,Soacha,Cluster 1
"Intolerancia, machismo",Vivienda,Cabecera municipal,Mujer,Hombre,(Más de 60) Adulto Mayor,Soacha,Cluster 1
"Intolerancia, machismo",Vivienda,Cabecera municipal,Hombre,Hombre,(29 a 59) Adultez,Soacha,Cluster 1
"Intolerancia, machismo","Calle (autopista, avenida, dentro de la ciudad)",Cabecera municipal,Mujer,Hombre,(29 a 59) Adultez,Soacha,Cluster 2
"Intolerancia, machismo",Vivienda,Cabecera municipal,Mujer,Hombre,(29 a 59) Adultez,Soacha,Cluster 1
"Intolerancia, machismo",Vivienda,Cabecera municipal,Hombre,Hombre,(Más de 60) Adulto Mayor,Soacha,Cluster 1
Consumo de alcohol y/o sustancias psicoactivas,"Calle (autopista, avenida, dentro de la ciudad)",Cabecera municipal,Mujer,Hombre,(29 a 59) Adultez,Soacha,Cluster 2
"Intolerancia, machismo",Vivienda,Cabecera municipal,Hombre,Hombre,(18 a 28) Juventud,Soacha,Cluster 1
"Intolerancia, machismo",Vivienda,Cabecera municipal,Hombre,Hombre,(29 a 59) Adultez,Soacha,Cluster 1
"Intolerancia, machismo",Vivienda,Cabecera municipal,Mujer,Hombre,(18 a 28) Juventud,Soacha,Cluster 1
"Intolerancia, machismo",Vivienda,Cabecera municipal,Hombre,Mujer,(18 a 28) Juventud,Soacha,Cluster 1
"Intolerancia, machismo",Vivienda,Sin información,Hombre,Hombre,(00 a 05) Primera Infancia,Soacha,Cluster 1
Consumo de alcohol y/o sustancias psicoactivas,Vivienda,Cabecera municipal,Hombre,Hombre,(29 a 59) Adultez,Soacha,Cluster 1
"Intolerancia, machismo",Vivienda,Cabecera municipal,Mujer,Mujer,(29 a 59) Adultez,Girardot,Cluster 1
Consumo de alcohol y/o sustancias psicoactivas,Vivienda,Parte rural (vereda y campo),Hombre,Hombre,(12 a 17) Adolescencia,Guaduas,Cluster 1
Consumo de alcohol y/o sustancias psicoactivas,Vivienda,Cabecera municipal,Mujer,Mujer,(12 a 17) Adolescencia,Soacha,Cluster 1
Consumo de alcohol y/o sustancias psicoactivas,Vivienda,Cabecera municipal,Mujer,Mujer,(12 a 17) Adolescencia,Soacha,Cluster 1
"Intolerancia, machismo","Calle (autopista, avenida, dentro de la ciudad)",Cabecera municipal,Hombre,Hombre,(00 a 05) Primera Infancia,Cajicá,Cluster 2
"Intolerancia, machismo",Vivienda,Parte rural (vereda y campo),Mujer,Mujer,(18 a 28) Juventud,Cajicá,Cluster 1
"Intolerancia, machismo",Vivienda,Parte rural (vereda y campo),Mujer,Hombre,(29 a 59) Adultez,Cajicá,Cluster 1
"Intolerancia, machismo",Vivienda,Parte rural (vereda y campo),Hombre,Hombre,(29 a 59) Adultez,Cajicá,Cluster 1
"Intolerancia, machismo",Vivienda,Parte rural (vereda y campo),Mujer,Mujer,(29 a 59) Adultez,Cajicá,Cluster 1
"Intolerancia, machismo",Centros educativos,Cabecera municipal,Hombre,Hombre,(12 a 17) Adolescencia,Cajicá,Cluster 2
"Intolerancia, machismo",Vivienda,"Centro poblado (corregimiento, inspección de policía y caserío)",Mujer,Hombre,(18 a 28) Juventud,Cajicá,Cluster 1
"Intolerancia, machismo",Vivienda,"Centro poblado (corregimiento, inspección de policía y caserío)",Hombre,Mujer,(29 a 59) Adultez,Cajicá,Cluster 1
"Intolerancia, machismo",Vivienda,Cabecera municipal,Mujer,Mujer,(Más de 60) Adulto Mayor,Cajicá,Cluster 1
"Intolerancia, machismo",Vivienda,Parte rural (vereda y campo),Mujer,Hombre,(00 a 05) Primera Infancia,Cajicá,Cluster 1
Consumo de alcohol y/o sustancias psicoactivas,Vivienda,Parte rural (vereda y campo),Mujer,Hombre,(18 a 28) Juventud,Cajicá,Cluster 1
Consumo de alcohol y/o sustancias psicoactivas,Vivienda,Parte rural (vereda y campo),Mujer,Hombre,(29 a 59) Adultez,Cajicá,Cluster 1
Consumo de alcohol y/o sustancias psicoactivas,Vivienda,"Centro poblado (corregimiento, inspección de policía y caserío)",Hombre,Hombre,(Más de 60) Adulto Mayor,Cajicá,Cluster 1
"Intolerancia, machismo",Vivienda,"Centro poblado (corregimiento, inspección de policía y caserío)",Mujer,Mujer,(29 a 59) Adultez,Cajicá,Cluster 1
Económicas,Vivienda,"Centro poblado (corregimiento, inspección de policía y caserío)",Mujer,Mujer,(29 a 59) Adultez,Cajicá,Cluster 1
"Celos, desconfianza, infidelidad",Vivienda,Parte rural (vereda y campo),Mujer,Hombre,(18 a 28) Juventud,Cajicá,Cluster 1
"Celos, desconfianza, infidelidad",Vivienda,Parte rural (vereda y campo),Hombre,Hombre,(29 a 59) Adultez,Cajicá,Cluster 1
Consumo de alcohol y/o sustancias psicoactivas,"Establecimiento comercial (tienda, centro comercial, almacén, plaza de mercado)",Parte rural (vereda y campo),Hombre,Hombre,(29 a 59) Adultez,Cajicá,Cluster 3
"Intolerancia, machismo",Vivienda,Parte rural (vereda y campo),Mujer,Hombre,(06 a 11) Infancia,Cajicá,Cluster 1
Económicas,Vivienda,Parte rural (vereda y campo),Mujer,Hombre,(Más de 60) Adulto Mayor,Cajicá,Cluster 1
Económicas,Vivienda,Parte rural (vereda y campo),Hombre,Hombre,(18 a 28) Juventud,Cajicá,Cluster 1
"Intolerancia, machismo",Vehículo de servicio particular,Parte rural (vereda y campo),Mujer,Mujer,(12 a 17) Adolescencia,Cajicá,Cluster 1
Enfermedad fisica o mental,"Calle (autopista, avenida, dentro de la ciudad)",Parte rural (vereda y campo),Mujer,Mujer,(29 a 59) Adultez,Cajicá,Cluster 2
"Intolerancia, machismo",Vivienda,Cabecera municipal,Mujer,Hombre,(Más de 60) Adulto Mayor,Cajicá,Cluster 1
Otras razones,Vivienda,Cabecera municipal,Hombre,Mujer,(06 a 11) Infancia,Cajicá,Cluster 1
"Intolerancia, machismo",Vivienda,Parte rural (vereda y campo),Mujer,Hombre,(29 a 59) Adultez,Cajicá,Cluster 1
"Intolerancia, machismo",Vivienda,"Centro poblado (corregimiento, inspección de policía y caserío)",Mujer,Mujer,(Más de 60) Adulto Mayor,Cajicá,Cluster 1
Otras razones,Vivienda,Cabecera municipal,Mujer,Hombre,(00 a 05) Primera Infancia,Cajicá,Cluster 1
"Intolerancia, machismo",Vivienda,Parte rural (vereda y campo),Mujer,Hombre,(12 a 17) Adolescencia,Cajicá,Cluster 1
Consumo de alcohol y/o sustancias psicoactivas,Vivienda,Parte rural (vereda y campo),Hombre,Mujer,(29 a 59) Adultez,Cajicá,Cluster 1
Otras razones,Vivienda,Parte rural (vereda y campo),Hombre,Mujer,(06 a 11) Infancia,Cajicá,Cluster 1
"Intolerancia, machismo",Vivienda,Parte rural (vereda y campo),Mujer,Mujer,(29 a 59) Adultez,Cajicá,Cluster 1
"Intolerancia, machismo",Vivienda,Cabecera municipal,Mujer,Hombre,(18 a 28) Juventud,Cajicá,Cluster 1
"Intolerancia, machismo","Calle (autopista, avenida, dentro de la ciudad)",Parte rural (vereda y campo),Hombre,Hombre,(29 a 59) Adultez,Cajicá,Cluster 2
"Intolerancia, machismo","Calle (autopista, avenida, dentro de la ciudad)",Cabecera municipal,Mujer,Mujer,(18 a 28) Juventud,Cajicá,Cluster 2
Consumo de alcohol y/o sustancias psicoactivas,Vivienda,Cabecera municipal,Mujer,Hombre,(18 a 28) Juventud,Cajicá,Cluster 1
"Intolerancia, machismo","Calle (autopista, avenida, dentro de la ciudad)",Cabecera municipal,Hombre,Hombre,(29 a 59) Adultez,Cajicá,Cluster 2
"Intolerancia, machismo","Calle (autopista, avenida, dentro de la ciudad)",Cabecera municipal,Mujer,Mujer,(29 a 59) Adultez,Cajicá,Cluster 2
Consumo de alcohol y/o sustancias psicoactivas,Vivienda,Cabecera municipal,Mujer,Mujer,(29 a 59) Adultez,Cajicá,Cluster 1
"Intolerancia, machismo",Otros,Sin información,Hombre,Hombre,(29 a 59) Adultez,Cajicá,Cluster 3
"Intolerancia, machismo","Establecimiento comercial (tienda, centro comercial, almacén, plaza de mercado)",Cabecera municipal,Mujer,Mujer,(29 a 59) Adultez,Cajicá,Cluster 3
Consumo de alcohol y/o sustancias psicoactivas,Vivienda,Parte rural (vereda y campo),Mujer,Hombre,(29 a 59) Adultez,Cajicá,Cluster 1
"Intolerancia, machismo",Vivienda,Cabecera municipal,Mujer,Mujer,(12 a 17) Adolescencia,Cajicá,Cluster 1
Sin información,Vivienda,Cabecera municipal,Mujer,Hombre,(12 a 17) Adolescencia,Cajicá,Cluster 1
"Intolerancia, machismo",Vivienda,Parte rural (vereda y campo),Mujer,Hombre,(00 a 05) Primera Infancia,Cajicá,Cluster 1
"Intolerancia, machismo","Calle (autopista, avenida, dentro de la ciudad)",Parte rural (vereda y campo),Mujer,Mujer,(18 a 28) Juventud,Cajicá,Cluster 2
"Intolerancia, machismo",Vivienda,Cabecera municipal,Mujer,Mujer,(29 a 59) Adultez,Cajicá,Cluster 1
Consumo de alcohol y/o sustancias psicoactivas,Vivienda,Parte rural (vereda y campo),Mujer,Hombre,(29 a 59) Adultez,Cajicá,Cluster 1
"Intolerancia, machismo",Vivienda,"Centro poblado (corregimiento, inspección de policía y caserío)",Mujer,Hombre,(12 a 17) Adolescencia,Chía,Cluster 1
Consumo de alcohol y/o sustancias psicoactivas,Vivienda,"Centro poblado (corregimiento, inspección de policía y caserío)",Mujer,Hombre,(18 a 28) Juventud,Cajicá,Cluster 1
"Intolerancia, machismo",Vivienda,Sin información,Mujer,Mujer,(Más de 60) Adulto Mayor,Cajicá,Cluster 1
"Intolerancia, machismo",Vivienda,"Centro poblado (corregimiento, inspección de policía y caserío)",Hombre,Hombre,(06 a 11) Infancia,Cajicá,Cluster 1
Consumo de alcohol y/o sustancias psicoactivas,Vivienda,Parte rural (vereda y campo),Mujer,Hombre,(18 a 28) Juventud,Cajicá,Cluster 1
Consumo de alcohol y/o sustancias psicoactivas,Vivienda,"Centro poblado (corregimiento, inspección de policía y caserío)",Mujer,Hombre,(00 a 05) Primera Infancia,Cajicá,Cluster 1
Consumo de alcohol y/o sustancias psicoactivas,Vivienda,"Centro poblado (corregimiento, inspección de policía y caserío)",Mujer,Hombre,(29 a 59) Adultez,Cajicá,Cluster 1
Abandono,Carretera (fuera de la ciudad),Sin información,Mujer,Mujer,(29 a 59) Adultez,Cajicá,Cluster 2
"Intolerancia, machismo",Centros educativos,"Centro poblado (corregimiento, inspección de policía y caserío)",Mujer,Mujer,(12 a 17) Adolescencia,Cajicá,Cluster 2
Sin información,Vivienda,"Centro poblado (corregimiento, inspección de policía y caserío)",Hombre,Hombre,(06 a 11) Infancia,Cajicá,Cluster 1
Consumo de alcohol y/o sustancias psicoactivas,"Calle (autopista, avenida, dentro de la ciudad)",Sin información,Hombre,Hombre,(18 a 28) Juventud,Cajicá,Cluster 2
Abandono,Vivienda,Cabecera municipal,Mujer,Hombre,(29 a 59) Adultez,Cajicá,Cluster 1
Económicas,"Calle (autopista, avenida, dentro de la ciudad)",Sin información,Mujer,Hombre,(29 a 59) Adultez,Cajicá,Cluster 2
Económicas,Vivienda,Cabecera municipal,Mujer,Hombre,(Más de 60) Adulto Mayor,Cajicá,Cluster 1
Abandono,Vivienda,Cabecera municipal,Mujer,Hombre,(18 a 28) Juventud,Cajicá,Cluster 1
Consumo de alcohol y/o sustancias psicoactivas,"Calle (autopista, avenida, dentro de la ciudad)","Centro poblado (corregimiento, inspección de policía y caserío)",Hombre,Hombre,(29 a 59) Adultez,Cajicá,Cluster 2
Abandono,"Calle (autopista, avenida, dentro de la ciudad)",Sin información,Mujer,Mujer,(29 a 59) Adultez,Cajicá,Cluster 2
"Intolerancia, machismo",Vivienda,"Centro poblado (corregimiento, inspección de policía y caserío)",Mujer,Mujer,(29 a 59) Adultez,Cajicá,Cluster 1
"Intolerancia, machismo",Vivienda,"Centro poblado (corregimiento, inspección de policía y caserío)",Mujer,Mujer,(29 a 59) Adultez,Cajicá,Cluster 1
Consumo de alcohol y/o sustancias psicoactivas,Vía pública,Cabecera municipal,Mujer,Mujer,(29 a 59) Adultez,Chía,Cluster 1
"Intolerancia, machismo",Vivienda,Cabecera municipal,Mujer,Mujer,(29 a 59) Adultez,Chía,Cluster 1
Sin información,Vivienda,Cabecera municipal,Mujer,Mujer,(06 a 11) Infancia,Chía,Cluster 1
"Intolerancia, machismo",Vivienda,Cabecera municipal,Hombre,Hombre,(00 a 05) Primera Infancia,Chía,Cluster 1
Sin información,Vivienda,Cabecera municipal,Hombre,Mujer,(06 a 11) Infancia,Chía,Cluster 1
Sin información,Vivienda,Cabecera municipal,Hombre,Mujer,(06 a 11) Infancia,Chía,Cluster 1
Sin información,Vivienda,Cabecera municipal,Mujer,Mujer,(00 a 05) Primera Infancia,Chía,Cluster 1
"Intolerancia, machismo",Vivienda,Cabecera municipal,Mujer,Mujer,(12 a 17) Adolescencia,Chía,Cluster 1
Sin información,Vivienda,Parte rural (vereda y campo),Hombre,Mujer,(06 a 11) Infancia,Chía,Cluster 1
"Intolerancia, machismo",Vivienda,Parte rural (vereda y campo),Mujer,Hombre,(29 a 59) Adultez,Chía,Cluster 1
Otras razones,Vivienda,Cabecera municipal,Hombre,Mujer,(29 a 59) Adultez,Chía,Cluster 1
Sin información,Vivienda,Cabecera municipal,Hombre,Mujer,(00 a 05) Primera Infancia,Chía,Cluster 1
"Intolerancia, machismo",Vivienda,Cabecera municipal,Mujer,Mujer,(Más de 60) Adulto Mayor,Chía,Cluster 1
"Intolerancia, machismo",Vivienda,Cabecera municipal,Mujer,Mujer,(29 a 59) Adultez,Chía,Cluster 1
Consumo de alcohol y/o sustancias psicoactivas,Vivienda,Parte rural (vereda y campo),Hombre,Hombre,(29 a 59) Adultez,Chía,Cluster 1
Abandono,Vivienda,Cabecera municipal,Mujer,Mujer,(Más de 60) Adulto Mayor,Chía,Cluster 1
Consumo de alcohol y/o sustancias psicoactivas,"Calle (autopista, avenida, dentro de la ciudad)",Cabecera municipal,Mujer,Mujer,(29 a 59) Adultez,Chía,Cluster 2
"Intolerancia, machismo",Vivienda,Cabecera municipal,Hombre,Mujer,(06 a 11) Infancia,Chía,Cluster 1
"Intolerancia, machismo",Vivienda,Cabecera municipal,Hombre,Mujer,(06 a 11) Infancia,Chía,Cluster 1
Consumo de alcohol y/o sustancias psicoactivas,Vivienda,Cabecera municipal,Mujer,Hombre,(29 a 59) Adultez,Chía,Cluster 1
"Celos, desconfianza, infidelidad",Vivienda,Cabecera municipal,Hombre,Hombre,(18 a 28) Juventud,Chía,Cluster 1
"Intolerancia, machismo",Vivienda,Cabecera municipal,Mujer,Hombre,(29 a 59) Adultez,Chía,Cluster 1
"Intolerancia, machismo","Calle (autopista, avenida, dentro de la ciudad)",Cabecera municipal,Mujer,Hombre,(12 a 17) Adolescencia,Chía,Cluster 2
"Intolerancia, machismo",Vivienda,Cabecera municipal,Mujer,Mujer,(Más de 60) Adulto Mayor,Chía,Cluster 1
"Intolerancia, machismo",Vivienda,Parte rural (vereda y campo),Mujer,Hombre,(18 a 28) Juventud,Chía,Cluster 1
Consumo de alcohol y/o sustancias psicoactivas,"Establecimiento comercial (tienda, centro comercial, almacén, plaza de mercado)",Parte rural (vereda y campo),Hombre,Hombre,(18 a 28) Juventud,Chía,Cluster 3
"Intolerancia, machismo",Vivienda,"Centro poblado (corregimiento, inspección de policía y caserío)",Mujer,Mujer,(29 a 59) Adultez,Chía,Cluster 1
"Intolerancia, machismo","Calle (autopista, avenida, dentro de la ciudad)",Cabecera municipal,Hombre,Mujer,(29 a 59) Adultez,Chía,Cluster 2
"Intolerancia, machismo",Vivienda,Cabecera municipal,Mujer,Hombre,(29 a 59) Adultez,Chía,Cluster 1
"Intolerancia, machismo",Vivienda,Cabecera municipal,Hombre,Hombre,(18 a 28) Juventud,Chía,Cluster 1
"Intolerancia, machismo",Vivienda,Cabecera municipal,Hombre,Mujer,(06 a 11) Infancia,Chía,Cluster 1
"Intolerancia, machismo",Vivienda,"Centro poblado (corregimiento, inspección de policía y caserío)",Mujer,Mujer,(18 a 28) Juventud,Chía,Cluster 1
"Intolerancia, machismo",Vivienda,Cabecera municipal,Hombre,Mujer,(18 a 28) Juventud,Chía,Cluster 1
Sin información,Vivienda,Cabecera municipal,Hombre,Mujer,(06 a 11) Infancia,Cota,Cluster 1
"Intolerancia, machismo",Vivienda,Cabecera municipal,Mujer,Hombre,(29 a 59) Adultez,Chía,Cluster 1
"Intolerancia, machismo","Calle (autopista, avenida, dentro de la ciudad)",Cabecera municipal,Hombre,Mujer,(00 a 05) Primera Infancia,Chía,Cluster 2
Sin información,Vivienda,Parte rural (vereda y campo),Hombre,Mujer,(06 a 11) Infancia,Chía,Cluster 1
"Intolerancia, machismo",Vivienda,Sin información,Mujer,Hombre,(29 a 59) Adultez,Chía,Cluster 1
"Intolerancia, machismo",Vivienda,Cabecera municipal,Hombre,Mujer,(06 a 11) Infancia,Chía,Cluster 1
"Intolerancia, machismo",Oficinas y/o edificios de oficinas,Cabecera municipal,Mujer,Mujer,(12 a 17) Adolescencia,Cota,Cluster 3
"Intolerancia, machismo",Vivienda,Cabecera municipal,Hombre,Mujer,(12 a 17) Adolescencia,Chía,Cluster 1
Consumo de alcohol y/o sustancias psicoactivas,"Calle (autopista, avenida, dentro de la ciudad)",Cabecera municipal,Hombre,Hombre,(29 a 59) Adultez,Chía,Cluster 2
"Intolerancia, machismo",Vivienda,Cabecera municipal,Mujer,Mujer,(18 a 28) Juventud,Chía,Cluster 1
"Intolerancia, machismo",Vivienda,Cabecera municipal,Hombre,Hombre,(06 a 11) Infancia,Chía,Cluster 1
"Intolerancia, machismo",Vivienda,Cabecera municipal,Hombre,Mujer,(06 a 11) Infancia,Chía,Cluster 1
"Intolerancia, machismo",Vivienda,Cabecera municipal,Mujer,Mujer,(18 a 28) Juventud,Chía,Cluster 1
"Intolerancia, machismo",Vivienda,Cabecera municipal,Mujer,Hombre,(18 a 28) Juventud,Chía,Cluster 1
"Intolerancia, machismo","Calle (autopista, avenida, dentro de la ciudad)",Cabecera municipal,Mujer,Hombre,(18 a 28) Juventud,Chía,Cluster 2
Otras razones,Vivienda,Cabecera municipal,Mujer,Hombre,(29 a 59) Adultez,Cajicá,Cluster 1
"Intolerancia, machismo",Vivienda,Sin información,Mujer,Mujer,(06 a 11) Infancia,Cota,Cluster 1
"Intolerancia, machismo","Calle (autopista, avenida, dentro de la ciudad)",Cabecera municipal,Hombre,Hombre,(12 a 17) Adolescencia,Chía,Cluster 2
Sin información,Vivienda,Cabecera municipal,Mujer,Mujer,(00 a 05) Primera Infancia,Chía,Cluster 1
"Intolerancia, machismo",Vivienda,Parte rural (vereda y campo),Hombre,Hombre,(29 a 59) Adultez,Chía,Cluster 1
Consumo de alcohol y/o sustancias psicoactivas,"Calle (autopista, avenida, dentro de la ciudad)",Sin información,Mujer,Hombre,(29 a 59) Adultez,Chía,Cluster 2
Otras razones,"Establecimiento comercial (tienda, centro comercial, almacén, plaza de mercado)",Cabecera municipal,Hombre,Hombre,(06 a 11) Infancia,Chía,Cluster 3
Otras razones,"Establecimiento comercial (tienda, centro comercial, almacén, plaza de mercado)",Cabecera municipal,Mujer,Mujer,(06 a 11) Infancia,Chía,Cluster 3
"Intolerancia, machismo",Centros educativos,Cabecera municipal,Hombre,Mujer,(12 a 17) Adolescencia,Cota,Cluster 2
"Intolerancia, machismo","Calle (autopista, avenida, dentro de la ciudad)",Cabecera municipal,Mujer,Mujer,(18 a 28) Juventud,Cota,Cluster 2
"Intolerancia, machismo",Vivienda,Cabecera municipal,Mujer,Hombre,(12 a 17) Adolescencia,Cota,Cluster 1
"Intolerancia, machismo",Vivienda,Parte rural (vereda y campo),Hombre,Mujer,(29 a 59) Adultez,Chía,Cluster 1
"Intolerancia, machismo",Vivienda,Cabecera municipal,Hombre,Mujer,(00 a 05) Primera Infancia,Chía,Cluster 1
"Intolerancia, machismo",Vivienda,Cabecera municipal,Mujer,Hombre,(29 a 59) Adultez,Cota,Cluster 1
"Intolerancia, machismo",Vivienda,Cabecera municipal,Mujer,Hombre,(29 a 59) Adultez,Chía,Cluster 1
"Intolerancia, machismo","Calle (autopista, avenida, dentro de la ciudad)",Cabecera municipal,Mujer,Hombre,(18 a 28) Juventud,Chía,Cluster 2
Consumo de alcohol y/o sustancias psicoactivas,Vivienda,"Centro poblado (corregimiento, inspección de policía y caserío)",Mujer,Hombre,(29 a 59) Adultez,Chía,Cluster 1
"Intolerancia, machismo","Calle (autopista, avenida, dentro de la ciudad)","Centro poblado (corregimiento, inspección de policía y caserío)",Mujer,Hombre,(Más de 60) Adulto Mayor,Cota,Cluster 2
Consumo de alcohol y/o sustancias psicoactivas,Vivienda,Parte rural (vereda y campo),Mujer,Hombre,(29 a 59) Adultez,Pacho,Cluster 1
"Intolerancia, machismo","Lugares de hospedaje (hoteles, campamentos y otros tipos de hospedaje no permanente, moteles, etc.)","Centro poblado (corregimiento, inspección de policía y caserío)",Mujer,Hombre,(29 a 59) Adultez,Chía,Cluster 3
Consumo de alcohol y/o sustancias psicoactivas,Vivienda,"Centro poblado (corregimiento, inspección de policía y caserío)",Mujer,Hombre,(29 a 59) Adultez,Chía,Cluster 1
Consumo de alcohol y/o sustancias psicoactivas,"Calle (autopista, avenida, dentro de la ciudad)",Parte rural (vereda y campo),Hombre,Hombre,(29 a 59) Adultez,Chía,Cluster 2
Consumo de alcohol y/o sustancias psicoactivas,"Calle (autopista, avenida, dentro de la ciudad)",Parte rural (vereda y campo),Hombre,Hombre,(18 a 28) Juventud,Chía,Cluster 2
"Intolerancia, machismo","Calle (autopista, avenida, dentro de la ciudad)","Centro poblado (corregimiento, inspección de policía y caserío)",Hombre,Hombre,(00 a 05) Primera Infancia,Chía,Cluster 2
"Intolerancia, machismo",Vivienda,Parte rural (vereda y campo),Mujer,Mujer,(18 a 28) Juventud,Chía,Cluster 1
Sin información,Vivienda,"Centro poblado (corregimiento, inspección de policía y caserío)",Hombre,Mujer,(06 a 11) Infancia,Chía,Cluster 1
Sin información,Vivienda,"Centro poblado (corregimiento, inspección de policía y caserío)",Hombre,Mujer,(12 a 17) Adolescencia,Chía,Cluster 1
Sin información,Vivienda,Cabecera municipal,Hombre,Hombre,(Más de 60) Adulto Mayor,Chía,Cluster 1
"Intolerancia, machismo","Calle (autopista, avenida, dentro de la ciudad)",Sin información,Mujer,Hombre,(29 a 59) Adultez,Chía,Cluster 2
"Intolerancia, machismo","Lugares de hospedaje (hoteles, campamentos y otros tipos de hospedaje no permanente, moteles, etc.)",Parte rural (vereda y campo),Mujer,Hombre,(00 a 05) Primera Infancia,Chía,Cluster 3
"Intolerancia, machismo",Centros educativos,"Centro poblado (corregimiento, inspección de policía y caserío)",Hombre,Mujer,(12 a 17) Adolescencia,Chía,Cluster 2
Sin información,Vivienda,"Centro poblado (corregimiento, inspección de policía y caserío)",Mujer,Hombre,(00 a 05) Primera Infancia,Chía,Cluster 1
Sin información,Vivienda,"Centro poblado (corregimiento, inspección de policía y caserío)",Mujer,Hombre,(06 a 11) Infancia,Chía,Cluster 1
Sin información,Vivienda,"Centro poblado (corregimiento, inspección de policía y caserío)",Hombre,Hombre,(00 a 05) Primera Infancia,Chía,Cluster 1
Otras razones,Vivienda,Cabecera municipal,Mujer,Mujer,(06 a 11) Infancia,Chía,Cluster 1
Consumo de alcohol y/o sustancias psicoactivas,"Calle (autopista, avenida, dentro de la ciudad)",Sin información,Hombre,Hombre,(29 a 59) Adultez,Chía,Cluster 2
"Intolerancia, machismo",Vivienda,Sin información,Mujer,Hombre,(00 a 05) Primera Infancia,Chía,Cluster 1
"Intolerancia, machismo",Vivienda,Sin información,Hombre,Hombre,(18 a 28) Juventud,Chía,Cluster 1
"Intolerancia, machismo","Calle (autopista, avenida, dentro de la ciudad)","Centro poblado (corregimiento, inspección de policía y caserío)",Hombre,Hombre,(29 a 59) Adultez,Chía,Cluster 2
Abandono,Vivienda,"Centro poblado (corregimiento, inspección de policía y caserío)",Mujer,Mujer,(18 a 28) Juventud,Chía,Cluster 1
"Intolerancia, machismo",Vivienda,Sin información,Mujer,Hombre,(12 a 17) Adolescencia,Cajicá,Cluster 1
"Intolerancia, machismo",Vivienda,"Centro poblado (corregimiento, inspección de policía y caserío)",Hombre,Mujer,(00 a 05) Primera Infancia,Chía,Cluster 1
Sin información,"Lugares de hospedaje (hoteles, campamentos y otros tipos de hospedaje no permanente, moteles, etc.)","Centro poblado (corregimiento, inspección de policía y caserío)",Mujer,Sin información,(00 a 05) Primera Infancia,Chía,Cluster 3
"Intolerancia, machismo",Vivienda,Parte rural (vereda y campo),Mujer,Mujer,(18 a 28) Juventud,Chía,Cluster 1
"Intolerancia, machismo",Vivienda,Sin información,Hombre,Hombre,(00 a 05) Primera Infancia,Chía,Cluster 1
"Intolerancia, machismo",Vivienda,Sin información,Mujer,Mujer,(29 a 59) Adultez,Chía,Cluster 1
Sin información,"Lugares de hospedaje (hoteles, campamentos y otros tipos de hospedaje no permanente, moteles, etc.)","Centro poblado (corregimiento, inspección de policía y caserío)",Mujer,Hombre,(Más de 60) Adulto Mayor,Chía,Cluster 3
Consumo de alcohol y/o sustancias psicoactivas,"Lugares de hospedaje (hoteles, campamentos y otros tipos de hospedaje no permanente, moteles, etc.)",Parte rural (vereda y campo),Mujer,Hombre,(12 a 17) Adolescencia,Chía,Cluster 3
"Intolerancia, machismo",Vivienda,Sin información,Mujer,Hombre,(18 a 28) Juventud,Chía,Cluster 1
"Intolerancia, machismo",Vivienda,"Centro poblado (corregimiento, inspección de policía y caserío)",Mujer,Mujer,(12 a 17) Adolescencia,Chía,Cluster 1
Consumo de alcohol y/o sustancias psicoactivas,Sin Información,Cabecera municipal,Hombre,Hombre,(12 a 17) Adolescencia,Chía,Cluster 3
Consumo de alcohol y/o sustancias psicoactivas,"Lugares de hospedaje (hoteles, campamentos y otros tipos de hospedaje no permanente, moteles, etc.)",Parte rural (vereda y campo),Mujer,Hombre,(29 a 59) Adultez,Chía,Cluster 3
Otras razones,Vivienda,Cabecera municipal,Mujer,Hombre,(18 a 28) Juventud,Chía,Cluster 1
"Intolerancia, machismo",Vivienda,Parte rural (vereda y campo),Mujer,Mujer,(06 a 11) Infancia,Cota,Cluster 1
"Intolerancia, machismo",Vivienda,"Centro poblado (corregimiento, inspección de policía y caserío)",Mujer,Hombre,(18 a 28) Juventud,Chía,Cluster 1
Consumo de alcohol y/o sustancias psicoactivas,"Lugares de hospedaje (hoteles, campamentos y otros tipos de hospedaje no permanente, moteles, etc.)",Parte rural (vereda y campo),Hombre,Hombre,(18 a 28) Juventud,Chía,Cluster 3
"Intolerancia, machismo",Vivienda,Sin información,Mujer,Mujer,(18 a 28) Juventud,Chía,Cluster 1
"Intolerancia, machismo","Calle (autopista, avenida, dentro de la ciudad)","Centro poblado (corregimiento, inspección de policía y caserío)",Mujer,Hombre,(18 a 28) Juventud,Chía,Cluster 2
"Intolerancia, machismo","Calle (autopista, avenida, dentro de la ciudad)","Centro poblado (corregimiento, inspección de policía y caserío)",Hombre,Mujer,(06 a 11) Infancia,Chía,Cluster 2
"Intolerancia, machismo","Lugares de hospedaje (hoteles, campamentos y otros tipos de hospedaje no permanente, moteles, etc.)",Cabecera municipal,Mujer,Hombre,(29 a 59) Adultez,Chía,Cluster 3
Económicas,"Calle (autopista, avenida, dentro de la ciudad)",Cabecera municipal,Hombre,Hombre,(29 a 59) Adultez,Chía,Cluster 2
"Intolerancia, machismo",Vivienda,"Centro poblado (corregimiento, inspección de policía y caserío)",Mujer,Hombre,(12 a 17) Adolescencia,Chía,Cluster 1
"Intolerancia, machismo","Establecimiento comercial (tienda, centro comercial, almacén, plaza de mercado)","Centro poblado (corregimiento, inspección de policía y caserío)",Mujer,Hombre,(12 a 17) Adolescencia,Chía,Cluster 3
"Intolerancia, machismo","Establecimiento comercial (tienda, centro comercial, almacén, plaza de mercado)","Centro poblado (corregimiento, inspección de policía y caserío)",Mujer,Hombre,(12 a 17) Adolescencia,Chía,Cluster 3
Consumo de alcohol y/o sustancias psicoactivas,Vivienda,"Centro poblado (corregimiento, inspección de policía y caserío)",Mujer,Hombre,(00 a 05) Primera Infancia,Chía,Cluster 1
Consumo de alcohol y/o sustancias psicoactivas,"Lugares de hospedaje (hoteles, campamentos y otros tipos de hospedaje no permanente, moteles, etc.)",Parte rural (vereda y campo),Hombre,Hombre,(29 a 59) Adultez,Chía,Cluster 3
Consumo de alcohol y/o sustancias psicoactivas,Vivienda,"Centro poblado (corregimiento, inspección de policía y caserío)",Mujer,Hombre,(29 a 59) Adultez,Chía,Cluster 1
"Intolerancia, machismo",Vivienda,"Centro poblado (corregimiento, inspección de policía y caserío)",Hombre,Mujer,(12 a 17) Adolescencia,Chía,Cluster 1
"Intolerancia, machismo",Vivienda,"Centro poblado (corregimiento, inspección de policía y caserío)",Mujer,Hombre,(18 a 28) Juventud,Chía,Cluster 1
"Celos, desconfianza, infidelidad",Vivienda,Parte rural (vereda y campo),Hombre,Mujer,(18 a 28) Juventud,Chía,Cluster 1
"Celos, desconfianza, infidelidad",Vivienda,Parte rural (vereda y campo),Mujer,Hombre,(29 a 59) Adultez,Cota,Cluster 1
"Celos, desconfianza, infidelidad",Vivienda,Parte rural (vereda y campo),Hombre,Hombre,(18 a 28) Juventud,Cota,Cluster 1
"Intolerancia, machismo","Establecimiento comercial (tienda, centro comercial, almacén, plaza de mercado)","Centro poblado (corregimiento, inspección de policía y caserío)",Mujer,Mujer,(18 a 28) Juventud,Chía,Cluster 3
Consumo de alcohol y/o sustancias psicoactivas,"Calle (autopista, avenida, dentro de la ciudad)",Parte rural (vereda y campo),Hombre,Hombre,(29 a 59) Adultez,Chía,Cluster 2
"Intolerancia, machismo","Calle (autopista, avenida, dentro de la ciudad)","Centro poblado (corregimiento, inspección de policía y caserío)",Mujer,Hombre,(29 a 59) Adultez,Chía,Cluster 2
"Intolerancia, machismo","Calle (autopista, avenida, dentro de la ciudad)","Centro poblado (corregimiento, inspección de policía y caserío)",Mujer,Hombre,(12 a 17) Adolescencia,Chía,Cluster 2
Sin información,"Lugares de hospedaje (hoteles, campamentos y otros tipos de hospedaje no permanente, moteles, etc.)","Centro poblado (corregimiento, inspección de policía y caserío)",Mujer,Hombre,(00 a 05) Primera Infancia,Chía,Cluster 3
"Intolerancia, machismo","Calle (autopista, avenida, dentro de la ciudad)","Centro poblado (corregimiento, inspección de policía y caserío)",Mujer,Hombre,(06 a 11) Infancia,Chía,Cluster 2
"Intolerancia, machismo",Vivienda,"Centro poblado (corregimiento, inspección de policía y caserío)",Hombre,Mujer,(00 a 05) Primera Infancia,Chía,Cluster 1
Consumo de alcohol y/o sustancias psicoactivas,Vía pública,Parte rural (vereda y campo),Mujer,Hombre,(29 a 59) Adultez,Chía,Cluster 1
"Intolerancia, machismo",Áreas deportivas y/o recreativas,"Centro poblado (corregimiento, inspección de policía y caserío)",Hombre,Mujer,(06 a 11) Infancia,Chía,Cluster 1
"Intolerancia, machismo",Áreas deportivas y/o recreativas,"Centro poblado (corregimiento, inspección de policía y caserío)",Hombre,Mujer,(06 a 11) Infancia,Chía,Cluster 1
Sin información,Vivienda,Parte rural (vereda y campo),Mujer,Mujer,(18 a 28) Juventud,Chía,Cluster 1
"Intolerancia, machismo",Vivienda,Cabecera municipal,Mujer,Hombre,(29 a 59) Adultez,Chía,Cluster 1
Otras razones,Vivienda,Cabecera municipal,Mujer,Mujer,(29 a 59) Adultez,Cota,Cluster 1
Abandono,Vivienda,Sin información,Mujer,Mujer,(06 a 11) Infancia,Guaduas,Cluster 1
Consumo de alcohol y/o sustancias psicoactivas,Áreas deportivas y/o recreativas,Cabecera municipal,Hombre,Hombre,(29 a 59) Adultez,Guaduas,Cluster 1
Consumo de alcohol y/o sustancias psicoactivas,Lugares de esparcimiento con expendio de alcohol,Cabecera municipal,Hombre,Hombre,(18 a 28) Juventud,Guaduas,Cluster 3
Sin información,Vivienda,Cabecera municipal,Hombre,Mujer,(06 a 11) Infancia,Guaduas,Cluster 1
Sin información,Vivienda,Parte rural (vereda y campo),Hombre,Hombre,(00 a 05) Primera Infancia,Guaduas,Cluster 1
Sin información,Vivienda,Sin información,Mujer,Mujer,(06 a 11) Infancia,Guaduas,Cluster 1
Consumo de alcohol y/o sustancias psicoactivas,"Calle (autopista, avenida, dentro de la ciudad)",Cabecera municipal,Mujer,Mujer,(29 a 59) Adultez,Chía,Cluster 2
Consumo de alcohol y/o sustancias psicoactivas,Vía pública,Sin información,Hombre,Hombre,(Más de 60) Adulto Mayor,Chía,Cluster 1
"Intolerancia, machismo",Vivienda,Parte rural (vereda y campo),Hombre,Hombre,(06 a 11) Infancia,Chía,Cluster 1
Consumo de alcohol y/o sustancias psicoactivas,Vivienda,Cabecera municipal,Mujer,Mujer,(12 a 17) Adolescencia,Cota,Cluster 1
"Intolerancia, machismo",Vivienda,Cabecera municipal,Hombre,Mujer,(12 a 17) Adolescencia,Girardot,Cluster 1
"Intolerancia, machismo",Vivienda,Cabecera municipal,Hombre,Hombre,(Más de 60) Adulto Mayor,Girardot,Cluster 1
Enfermedad fisica o mental,Vivienda,Cabecera municipal,Hombre,Hombre,(12 a 17) Adolescencia,Girardot,Cluster 1
"Intolerancia, machismo",Vivienda,Cabecera municipal,Hombre,Hombre,(18 a 28) Juventud,Girardot,Cluster 1
Consumo de alcohol y/o sustancias psicoactivas,Vivienda,Cabecera municipal,Mujer,Hombre,(29 a 59) Adultez,Girardot,Cluster 1
Consumo de alcohol y/o sustancias psicoactivas,"Calle (autopista, avenida, dentro de la ciudad)",Cabecera municipal,Mujer,Hombre,(18 a 28) Juventud,Girardot,Cluster 2
"Intolerancia, machismo",Vivienda,Cabecera municipal,Mujer,Hombre,(12 a 17) Adolescencia,Girardot,Cluster 1
"Intolerancia, machismo",Vivienda,Cabecera municipal,Hombre,Mujer,(18 a 28) Juventud,Girardot,Cluster 1
"Intolerancia, machismo",Vivienda,Cabecera municipal,Hombre,Hombre,(29 a 59) Adultez,Girardot,Cluster 1
"Intolerancia, machismo",Vivienda,Cabecera municipal,Mujer,Hombre,(29 a 59) Adultez,Girardot,Cluster 1
"Intolerancia, machismo",Vía pública,Cabecera municipal,Mujer,Mujer,(29 a 59) Adultez,Girardot,Cluster 1
"Intolerancia, machismo",Vivienda,Cabecera municipal,Mujer,Hombre,(29 a 59) Adultez,Girardot,Cluster 1
Consumo de alcohol y/o sustancias psicoactivas,Vivienda,Cabecera municipal,Mujer,Hombre,(29 a 59) Adultez,Girardot,Cluster 1
"Intolerancia, machismo","Calle (autopista, avenida, dentro de la ciudad)",Cabecera municipal,Mujer,Mujer,(29 a 59) Adultez,Girardot,Cluster 2
"Intolerancia, machismo",Vivienda,Cabecera municipal,Mujer,Mujer,(06 a 11) Infancia,Girardot,Cluster 1
"Intolerancia, machismo","Calle (autopista, avenida, dentro de la ciudad)",Cabecera municipal,Mujer,Mujer,(18 a 28) Juventud,Girardot,Cluster 2
"Intolerancia, machismo",Vivienda,Cabecera municipal,Hombre,Mujer,(06 a 11) Infancia,Girardot,Cluster 1
"Intolerancia, machismo",Vía pública,Cabecera municipal,Mujer,Mujer,(29 a 59) Adultez,Girardot,Cluster 1
Consumo de alcohol y/o sustancias psicoactivas,Terreno baldío,Cabecera municipal,Mujer,Mujer,(18 a 28) Juventud,Girardot,Cluster 1
Consumo de alcohol y/o sustancias psicoactivas,Vivienda,Cabecera municipal,Mujer,Hombre,(29 a 59) Adultez,Girardot,Cluster 1
"Intolerancia, machismo",Vivienda,Cabecera municipal,Hombre,Hombre,(29 a 59) Adultez,Girardot,Cluster 1
"Intolerancia, machismo",Vía pública,Cabecera municipal,Mujer,Hombre,(29 a 59) Adultez,Girardot,Cluster 1
"Celos, desconfianza, infidelidad",Vivienda,Cabecera municipal,Mujer,Hombre,(18 a 28) Juventud,Girardot,Cluster 1
"Intolerancia, machismo",Vivienda,Cabecera municipal,Mujer,Hombre,(06 a 11) Infancia,Girardot,Cluster 1
"Intolerancia, machismo",Vivienda,Cabecera municipal,Hombre,Hombre,(29 a 59) Adultez,Girardot,Cluster 1
Consumo de alcohol y/o sustancias psicoactivas,Vivienda,Parte rural (vereda y campo),Hombre,Hombre,(29 a 59) Adultez,Girardot,Cluster 1
"Intolerancia, machismo",Vivienda,Sin información,Mujer,Sin información,(18 a 28) Juventud,Girardot,Cluster 1
"Intolerancia, machismo",Vía pública,Cabecera municipal,Mujer,Hombre,(29 a 59) Adultez,Girardot,Cluster 1
"Intolerancia, machismo",Vía pública,Cabecera municipal,Hombre,Hombre,(29 a 59) Adultez,Girardot,Cluster 1
"Intolerancia, machismo",Vivienda,Cabecera municipal,Mujer,Hombre,(18 a 28) Juventud,Girardot,Cluster 1
"Intolerancia, machismo",Vivienda,Cabecera municipal,Hombre,Mujer,(06 a 11) Infancia,Girardot,Cluster 1
Consumo de alcohol y/o sustancias psicoactivas,"Calle (autopista, avenida, dentro de la ciudad)",Cabecera municipal,Hombre,Hombre,(29 a 59) Adultez,Girardot,Cluster 2
"Intolerancia, machismo","Calle (autopista, avenida, dentro de la ciudad)","Centro poblado (corregimiento, inspección de policía y caserío)",Hombre,Hombre,(Más de 60) Adulto Mayor,Girardot,Cluster 2
"Intolerancia, machismo","Establecimiento comercial (tienda, centro comercial, almacén, plaza de mercado)",Cabecera municipal,Mujer,Mujer,(18 a 28) Juventud,Girardot,Cluster 3
"Intolerancia, machismo",Vivienda,Cabecera municipal,Mujer,Hombre,(18 a 28) Juventud,Girardot,Cluster 1
"Intolerancia, machismo",Vivienda,Cabecera municipal,Hombre,Hombre,(12 a 17) Adolescencia,Girardot,Cluster 1
Sin información,Vivienda,Cabecera municipal,Mujer,Sin información,(29 a 59) Adultez,Girardot,Cluster 1
"Intolerancia, machismo",Vivienda,Cabecera municipal,Mujer,Hombre,(29 a 59) Adultez,Girardot,Cluster 1
"Intolerancia, machismo",Vivienda,Cabecera municipal,Mujer,Sin información,(06 a 11) Infancia,Girardot,Cluster 1
"Intolerancia, machismo",Vivienda,Cabecera municipal,Hombre,Mujer,(12 a 17) Adolescencia,Girardot,Cluster 1
Consumo de alcohol y/o sustancias psicoactivas,Vivienda,Cabecera municipal,Hombre,Hombre,(18 a 28) Juventud,Girardot,Cluster 1
Consumo de alcohol y/o sustancias psicoactivas,Vivienda,Cabecera municipal,Hombre,Hombre,(18 a 28) Juventud,Girardot,Cluster 1
Consumo de alcohol y/o sustancias psicoactivas,Vivienda,Cabecera municipal,Mujer,Mujer,(29 a 59) Adultez,Girardot,Cluster 1
"Intolerancia, machismo",Vivienda,Cabecera municipal,Mujer,Mujer,(Más de 60) Adulto Mayor,Girardot,Cluster 1
Consumo de alcohol y/o sustancias psicoactivas,Vivienda,"Centro poblado (corregimiento, inspección de policía y caserío)",Mujer,Hombre,(29 a 59) Adultez,Girardot,Cluster 1
"Intolerancia, machismo",Vivienda,Cabecera municipal,Mujer,Mujer,(00 a 05) Primera Infancia,Girardot,Cluster 1
"Intolerancia, machismo","Calle (autopista, avenida, dentro de la ciudad)",Cabecera municipal,Hombre,Mujer,(29 a 59) Adultez,Girardot,Cluster 2
"Intolerancia, machismo","Calle (autopista, avenida, dentro de la ciudad)",Cabecera municipal,Hombre,Hombre,(18 a 28) Juventud,Girardot,Cluster 2
"Intolerancia, machismo",Vivienda,Cabecera municipal,Hombre,Hombre,(18 a 28) Juventud,Girardot,Cluster 1
"Intolerancia, machismo",Vivienda,Cabecera municipal,Hombre,Mujer,(29 a 59) Adultez,Girardot,Cluster 1
"Intolerancia, machismo",Vivienda,Sin información,Hombre,Hombre,(29 a 59) Adultez,Girardot,Cluster 1
"Intolerancia, machismo",Vivienda,Cabecera municipal,Mujer,Hombre,(Más de 60) Adulto Mayor,Girardot,Cluster 1
"Intolerancia, machismo",Vivienda,Cabecera municipal,Hombre,Mujer,(29 a 59) Adultez,Girardot,Cluster 1
"Intolerancia, machismo",Vivienda,Cabecera municipal,Hombre,Hombre,(Más de 60) Adulto Mayor,Girardot,Cluster 1
Consumo de alcohol y/o sustancias psicoactivas,Vivienda,Sin información,Mujer,Hombre,(29 a 59) Adultez,Girardot,Cluster 1
Consumo de alcohol y/o sustancias psicoactivas,Vivienda,Cabecera municipal,Hombre,Hombre,(12 a 17) Adolescencia,Girardot,Cluster 1
"Intolerancia, machismo",Vivienda,Cabecera municipal,Hombre,Hombre,(12 a 17) Adolescencia,Girardot,Cluster 1
Consumo de alcohol y/o sustancias psicoactivas,"Calle (autopista, avenida, dentro de la ciudad)",Cabecera municipal,Mujer,Hombre,(Más de 60) Adulto Mayor,Girardot,Cluster 2
"Intolerancia, machismo",Vivienda,Cabecera municipal,Mujer,Hombre,(29 a 59) Adultez,Girardot,Cluster 1
"Intolerancia, machismo",Vía pública,Parte rural (vereda y campo),Mujer,Mujer,(29 a 59) Adultez,Girardot,Cluster 1
"Intolerancia, machismo",Vivienda,Cabecera municipal,Mujer,Mujer,(18 a 28) Juventud,Girardot,Cluster 1
"Intolerancia, machismo",Vivienda,Sin información,Mujer,Hombre,(29 a 59) Adultez,Girardot,Cluster 1
"Intolerancia, machismo",Vivienda,Parte rural (vereda y campo),Mujer,Hombre,(18 a 28) Juventud,Girardot,Cluster 1
"Intolerancia, machismo",Vivienda,Cabecera municipal,Mujer,Mujer,(Más de 60) Adulto Mayor,Girardot,Cluster 1
"Intolerancia, machismo",Vivienda,Sin información,Mujer,Mujer,(06 a 11) Infancia,Girardot,Cluster 1
"Intolerancia, machismo",Vivienda,Cabecera municipal,Mujer,Hombre,(12 a 17) Adolescencia,Girardot,Cluster 1
Consumo de alcohol y/o sustancias psicoactivas,Vivienda,Sin información,Mujer,Mujer,(06 a 11) Infancia,Girardot,Cluster 1
"Intolerancia, machismo","Calle (autopista, avenida, dentro de la ciudad)",Sin información,Mujer,Hombre,(29 a 59) Adultez,Girardot,Cluster 2
"Intolerancia, machismo",Vivienda,Cabecera municipal,Mujer,Hombre,(29 a 59) Adultez,Girardot,Cluster 1
"Intolerancia, machismo","Calle (autopista, avenida, dentro de la ciudad)",Cabecera municipal,Mujer,Hombre,(12 a 17) Adolescencia,Girardot,Cluster 2
"Intolerancia, machismo",Vivienda,Cabecera municipal,Mujer,Mujer,(12 a 17) Adolescencia,Girardot,Cluster 1
"Intolerancia, machismo",Vivienda,Cabecera municipal,Mujer,Mujer,(29 a 59) Adultez,Girardot,Cluster 1
"Intolerancia, machismo",Vivienda,Sin información,Mujer,Mujer,(29 a 59) Adultez,Girardot,Cluster 1
"Intolerancia, machismo","Calle (autopista, avenida, dentro de la ciudad)",Cabecera municipal,Mujer,Hombre,(29 a 59) Adultez,Girardot,Cluster 2
"Intolerancia, machismo",Vivienda,Cabecera municipal,Mujer,Hombre,(Más de 60) Adulto Mayor,Girardot,Cluster 1
"Intolerancia, machismo",Vivienda,Cabecera municipal,Mujer,Hombre,(29 a 59) Adultez,Girardot,Cluster 1
"Intolerancia, machismo",Vivienda,Cabecera municipal,Mujer,Hombre,(Más de 60) Adulto Mayor,Girardot,Cluster 1
Sin información,Vía pública,Cabecera municipal,Hombre,Hombre,(18 a 28) Juventud,Girardot,Cluster 1
"Intolerancia, machismo",Vivienda,Cabecera municipal,Hombre,Hombre,(18 a 28) Juventud,Girardot,Cluster 1
"Intolerancia, machismo",Vivienda,Cabecera municipal,Mujer,Hombre,(18 a 28) Juventud,Girardot,Cluster 1
"Intolerancia, machismo",Vivienda,Cabecera municipal,Mujer,Hombre,(18 a 28) Juventud,Girardot,Cluster 1
"Intolerancia, machismo",Vivienda,Cabecera municipal,Hombre,Mujer,(Más de 60) Adulto Mayor,Girardot,Cluster 1
"Intolerancia, machismo",Vivienda,Cabecera municipal,Mujer,Hombre,(18 a 28) Juventud,Girardot,Cluster 1
"Intolerancia, machismo",Vivienda,Cabecera municipal,Hombre,Hombre,(29 a 59) Adultez,Girardot,Cluster 1
"Intolerancia, machismo",Vivienda,Cabecera municipal,Mujer,Mujer,(29 a 59) Adultez,Girardot,Cluster 1
"Intolerancia, machismo",Vivienda,Cabecera municipal,Mujer,Hombre,(29 a 59) Adultez,Girardot,Cluster 1
"Intolerancia, machismo",Vivienda,Parte rural (vereda y campo),Mujer,Hombre,(18 a 28) Juventud,Girardot,Cluster 1
"Intolerancia, machismo","Calle (autopista, avenida, dentro de la ciudad)",Cabecera municipal,Mujer,Mujer,(29 a 59) Adultez,Girardot,Cluster 2
"Intolerancia, machismo","Calle (autopista, avenida, dentro de la ciudad)",Parte rural (vereda y campo),Mujer,Hombre,(29 a 59) Adultez,Girardot,Cluster 2
"Intolerancia, machismo",Vía pública,Cabecera municipal,Hombre,Sin información,(29 a 59) Adultez,Girardot,Cluster 1
"Intolerancia, machismo",Vivienda,Cabecera municipal,Mujer,Mujer,(18 a 28) Juventud,Girardot,Cluster 1
"Intolerancia, machismo",Vía pública,Cabecera municipal,Mujer,Hombre,(18 a 28) Juventud,Girardot,Cluster 1
"Intolerancia, machismo",Vivienda,Cabecera municipal,Hombre,Hombre,(12 a 17) Adolescencia,Girardot,Cluster 1
Consumo de alcohol y/o sustancias psicoactivas,Vivienda,Cabecera municipal,Hombre,Hombre,(29 a 59) Adultez,Girardot,Cluster 1
"Intolerancia, machismo",Vivienda,Cabecera municipal,Hombre,Hombre,(18 a 28) Juventud,Girardot,Cluster 1
"Intolerancia, machismo",Vivienda,Cabecera municipal,Hombre,Mujer,(06 a 11) Infancia,Girardot,Cluster 1
Económicas,Vivienda,Cabecera municipal,Mujer,Hombre,(29 a 59) Adultez,Girardot,Cluster 1
Consumo de alcohol y/o sustancias psicoactivas,Vivienda,Cabecera municipal,Mujer,Hombre,(18 a 28) Juventud,Girardot,Cluster 1
Consumo de alcohol y/o sustancias psicoactivas,Vivienda,Cabecera municipal,Mujer,Hombre,(12 a 17) Adolescencia,Girardot,Cluster 1
"Intolerancia, machismo",Vivienda,Cabecera municipal,Hombre,Hombre,(29 a 59) Adultez,Girardot,Cluster 1
"Intolerancia, machismo",Vía pública,Cabecera municipal,Mujer,Hombre,(18 a 28) Juventud,Girardot,Cluster 1
"Intolerancia, machismo","Centro de atención médica (hospital, clínica, consultorio, etc.)",Cabecera municipal,Hombre,Sin información,(12 a 17) Adolescencia,Girardot,Cluster 2
"Intolerancia, machismo",Vivienda,Cabecera municipal,Mujer,Hombre,(29 a 59) Adultez,Girardot,Cluster 1
"Intolerancia, machismo",Vivienda,Cabecera municipal,Mujer,Hombre,(29 a 59) Adultez,Girardot,Cluster 1
"Intolerancia, machismo",Vivienda,Cabecera municipal,Hombre,Mujer,(Más de 60) Adulto Mayor,Girardot,Cluster 1
"Intolerancia, machismo",Vía pública,Cabecera municipal,Mujer,Mujer,(18 a 28) Juventud,Soacha,Cluster 1
"Intolerancia, machismo",Vivienda,Cabecera municipal,Mujer,Hombre,(18 a 28) Juventud,Soacha,Cluster 1
"Intolerancia, machismo",Vivienda,Cabecera municipal,Mujer,Hombre,(29 a 59) Adultez,Soacha,Cluster 1
"Intolerancia, machismo",Vivienda,Cabecera municipal,Mujer,Hombre,(29 a 59) Adultez,Soacha,Cluster 1
"Intolerancia, machismo",Vivienda,Cabecera municipal,Mujer,Hombre,(12 a 17) Adolescencia,Soacha,Cluster 1
"Intolerancia, machismo",Vivienda,Cabecera municipal,Mujer,Hombre,(29 a 59) Adultez,Soacha,Cluster 1
"Intolerancia, machismo",Vivienda,Cabecera municipal,Mujer,Hombre,(18 a 28) Juventud,Soacha,Cluster 1
Consumo de alcohol y/o sustancias psicoactivas,Vivienda,Cabecera municipal,Mujer,Mujer,(29 a 59) Adultez,Soacha,Cluster 1
Consumo de alcohol y/o sustancias psicoactivas,Vivienda,Cabecera municipal,Hombre,Hombre,(06 a 11) Infancia,Soacha,Cluster 1
"Intolerancia, machismo",Vía pública,Cabecera municipal,Hombre,Mujer,(29 a 59) Adultez,Soacha,Cluster 1
"Intolerancia, machismo",Vivienda,Cabecera municipal,Hombre,Hombre,(29 a 59) Adultez,Soacha,Cluster 1
"Intolerancia, machismo",Vivienda,Cabecera municipal,Mujer,Hombre,(Más de 60) Adulto Mayor,Soacha,Cluster 1
"Intolerancia, machismo",Vivienda,Cabecera municipal,Hombre,Hombre,(18 a 28) Juventud,Soacha,Cluster 1
"Intolerancia, machismo",Vivienda,Cabecera municipal,Mujer,Mujer,(29 a 59) Adultez,Soacha,Cluster 1
"Intolerancia, machismo",Vivienda,Cabecera municipal,Mujer,Mujer,(06 a 11) Infancia,Soacha,Cluster 1
"Intolerancia, machismo",Vivienda,Cabecera municipal,Mujer,Hombre,(Más de 60) Adulto Mayor,Soacha,Cluster 1
"Intolerancia, machismo",Vivienda,Cabecera municipal,Mujer,Hombre,(12 a 17) Adolescencia,Soacha,Cluster 1
"Intolerancia, machismo",Vivienda,Cabecera municipal,Hombre,Mujer,(06 a 11) Infancia,Soacha,Cluster 1
Consumo de alcohol y/o sustancias psicoactivas,Vivienda,Cabecera municipal,Mujer,Mujer,(12 a 17) Adolescencia,Soacha,Cluster 1
"Intolerancia, machismo",Vivienda,Cabecera municipal,Hombre,Hombre,(Más de 60) Adulto Mayor,Soacha,Cluster 1
"Intolerancia, machismo",Vivienda,Cabecera municipal,Mujer,Mujer,(18 a 28) Juventud,Soacha,Cluster 1
"Intolerancia, machismo",Vivienda,Cabecera municipal,Hombre,Hombre,(Más de 60) Adulto Mayor,Soacha,Cluster 1
"Intolerancia, machismo",Vivienda,Cabecera municipal,Mujer,Hombre,(12 a 17) Adolescencia,Soacha,Cluster 1
"Intolerancia, machismo",Vivienda,Cabecera municipal,Mujer,Mujer,(12 a 17) Adolescencia,Soacha,Cluster 1
"Intolerancia, machismo",Vivienda,Cabecera municipal,Mujer,Mujer,(29 a 59) Adultez,Soacha,Cluster 1
"Intolerancia, machismo",Vivienda,Cabecera municipal,Hombre,Hombre,(29 a 59) Adultez,Soacha,Cluster 1
"Intolerancia, machismo",Vivienda,Cabecera municipal,Hombre,Mujer,(29 a 59) Adultez,Soacha,Cluster 1
"Intolerancia, machismo",Vivienda,Cabecera municipal,Mujer,Mujer,(18 a 28) Juventud,Soacha,Cluster 1
Consumo de alcohol y/o sustancias psicoactivas,"Calle (autopista, avenida, dentro de la ciudad)",Cabecera municipal,Mujer,Hombre,(29 a 59) Adultez,Soacha,Cluster 2
Consumo de alcohol y/o sustancias psicoactivas,Vivienda,Cabecera municipal,Hombre,Hombre,(00 a 05) Primera Infancia,Soacha,Cluster 1
Consumo de alcohol y/o sustancias psicoactivas,"Calle (autopista, avenida, dentro de la ciudad)",Cabecera municipal,Hombre,Hombre,(Más de 60) Adulto Mayor,Soacha,Cluster 2
"Intolerancia, machismo",Vivienda,Cabecera municipal,Mujer,Hombre,(Más de 60) Adulto Mayor,Soacha,Cluster 1
"Intolerancia, machismo",Vivienda,Cabecera municipal,Mujer,Hombre,(Más de 60) Adulto Mayor,Soacha,Cluster 1
"Intolerancia, machismo",Vivienda,Cabecera municipal,Mujer,Hombre,(29 a 59) Adultez,Soacha,Cluster 1
"Intolerancia, machismo",Vía pública,Cabecera municipal,Mujer,Hombre,(12 a 17) Adolescencia,Soacha,Cluster 1
"Intolerancia, machismo",Vía pública,Cabecera municipal,Hombre,Hombre,(18 a 28) Juventud,Soacha,Cluster 1
"Intolerancia, machismo",Vivienda,Cabecera municipal,Hombre,Hombre,(Más de 60) Adulto Mayor,Soacha,Cluster 1
"Intolerancia, machismo",Vivienda,Cabecera municipal,Mujer,Mujer,(18 a 28) Juventud,Soacha,Cluster 1
"Intolerancia, machismo",Vivienda,Cabecera municipal,Mujer,Hombre,(29 a 59) Adultez,Soacha,Cluster 1
"Intolerancia, machismo",Vivienda,Cabecera municipal,Mujer,Hombre,(29 a 59) Adultez,Soacha,Cluster 1
"Intolerancia, machismo",Vivienda,Cabecera municipal,Mujer,Hombre,(12 a 17) Adolescencia,Soacha,Cluster 1
"Intolerancia, machismo",Vivienda,Cabecera municipal,Hombre,Hombre,(18 a 28) Juventud,Soacha,Cluster 1
"Intolerancia, machismo",Sin Información,Cabecera municipal,Mujer,Hombre,(00 a 05) Primera Infancia,Soacha,Cluster 3
"Intolerancia, machismo",Vivienda,Cabecera municipal,Hombre,Hombre,(29 a 59) Adultez,Soacha,Cluster 1
"Intolerancia, machismo",Vivienda,Cabecera municipal,Mujer,Mujer,(29 a 59) Adultez,Soacha,Cluster 1
"Intolerancia, machismo",Vivienda,Cabecera municipal,Mujer,Mujer,(18 a 28) Juventud,Soacha,Cluster 1
"Intolerancia, machismo",Vivienda,Cabecera municipal,Mujer,Mujer,(06 a 11) Infancia,Soacha,Cluster 1
"Intolerancia, machismo",Vivienda,Cabecera municipal,Hombre,Mujer,(00 a 05) Primera Infancia,Soacha,Cluster 1
"Intolerancia, machismo",Vivienda,Cabecera municipal,Mujer,Mujer,(06 a 11) Infancia,Soacha,Cluster 1
"Intolerancia, machismo",Vivienda,Cabecera municipal,Mujer,Hombre,(29 a 59) Adultez,Soacha,Cluster 1
"Intolerancia, machismo",Vía pública,Cabecera municipal,Hombre,Hombre,(29 a 59) Adultez,Soacha,Cluster 1
"Intolerancia, machismo",Vivienda,Cabecera municipal,Mujer,Hombre,(29 a 59) Adultez,Soacha,Cluster 1
"Intolerancia, machismo",Vivienda,Cabecera municipal,Mujer,Hombre,(18 a 28) Juventud,Soacha,Cluster 1
"Intolerancia, machismo",Vivienda,Cabecera municipal,Mujer,Mujer,(18 a 28) Juventud,Soacha,Cluster 1
"Intolerancia, machismo","Establecimiento comercial (tienda, centro comercial, almacén, plaza de mercado)",Cabecera municipal,Mujer,Mujer,(29 a 59) Adultez,Soacha,Cluster 3
"Intolerancia, machismo","Establecimiento comercial (tienda, centro comercial, almacén, plaza de mercado)",Cabecera municipal,Hombre,Mujer,(18 a 28) Juventud,Soacha,Cluster 3
"Intolerancia, machismo",Vivienda,Cabecera municipal,Mujer,Hombre,(29 a 59) Adultez,Soacha,Cluster 1
"Intolerancia, machismo","Sitio de culto (capilla, iglesia, templo, etc.)",Cabecera municipal,Mujer,Mujer,(18 a 28) Juventud,Soacha,Cluster 1
"Intolerancia, machismo",Vía pública,Cabecera municipal,Mujer,Hombre,(29 a 59) Adultez,Soacha,Cluster 1
"Intolerancia, machismo",Vía pública,Cabecera municipal,Hombre,Hombre,(12 a 17) Adolescencia,Soacha,Cluster 1
"Intolerancia, machismo",Vivienda,Cabecera municipal,Hombre,Hombre,(12 a 17) Adolescencia,Soacha,Cluster 1
"Intolerancia, machismo",Vivienda,Cabecera municipal,Mujer,Hombre,(06 a 11) Infancia,Soacha,Cluster 1
"Intolerancia, machismo",Vivienda,Cabecera municipal,Mujer,Hombre,(29 a 59) Adultez,Soacha,Cluster 1
"Intolerancia, machismo",Vivienda,Cabecera municipal,Hombre,Hombre,(00 a 05) Primera Infancia,Soacha,Cluster 1
"Intolerancia, machismo",Vivienda,Cabecera municipal,Mujer,Mujer,(29 a 59) Adultez,Soacha,Cluster 1
"Intolerancia, machismo",Vía pública,Cabecera municipal,Hombre,Hombre,(06 a 11) Infancia,Soacha,Cluster 1
"Intolerancia, machismo",Vivienda,Cabecera municipal,Hombre,Hombre,(Más de 60) Adulto Mayor,Soacha,Cluster 1
"Intolerancia, machismo",Vivienda,Cabecera municipal,Hombre,Hombre,(18 a 28) Juventud,Soacha,Cluster 1
"Intolerancia, machismo",Vía pública,Cabecera municipal,Hombre,Hombre,(29 a 59) Adultez,Soacha,Cluster 1
"Intolerancia, machismo",Vivienda,Cabecera municipal,Mujer,Hombre,(29 a 59) Adultez,Soacha,Cluster 1
"Intolerancia, machismo",Vivienda,Cabecera municipal,Mujer,Hombre,(18 a 28) Juventud,Soacha,Cluster 1
"Intolerancia, machismo",Vivienda,Cabecera municipal,Mujer,Hombre,(29 a 59) Adultez,Soacha,Cluster 1
"Intolerancia, machismo",Vivienda,Cabecera municipal,Hombre,Hombre,(06 a 11) Infancia,Soacha,Cluster 1
"Intolerancia, machismo",Vivienda,Cabecera municipal,Mujer,Hombre,(18 a 28) Juventud,Soacha,Cluster 1
"Intolerancia, machismo",Vivienda,Cabecera municipal,Hombre,Hombre,(29 a 59) Adultez,Soacha,Cluster 1
"Intolerancia, machismo",Vivienda,Cabecera municipal,Hombre,Mujer,(29 a 59) Adultez,Soacha,Cluster 1
"Intolerancia, machismo",Vía pública,Cabecera municipal,Mujer,Hombre,(29 a 59) Adultez,Soacha,Cluster 1
Consumo de alcohol y/o sustancias psicoactivas,Vivienda,Cabecera municipal,Mujer,Hombre,(29 a 59) Adultez,Soacha,Cluster 1
"Intolerancia, machismo",Vía pública,Cabecera municipal,Mujer,Mujer,(29 a 59) Adultez,Soacha,Cluster 1
"Intolerancia, machismo",Vivienda,Cabecera municipal,Hombre,Mujer,(12 a 17) Adolescencia,Soacha,Cluster 1
"Intolerancia, machismo",Vivienda,Cabecera municipal,Mujer,Mujer,(12 a 17) Adolescencia,Soacha,Cluster 1
"Intolerancia, machismo",Vivienda,Cabecera municipal,Mujer,Hombre,(Más de 60) Adulto Mayor,Soacha,Cluster 1
"Intolerancia, machismo",Vía pública,Cabecera municipal,Mujer,Mujer,(18 a 28) Juventud,Soacha,Cluster 1
"Intolerancia, machismo",Vivienda,Cabecera municipal,Mujer,Mujer,(29 a 59) Adultez,Soacha,Cluster 1
"Intolerancia, machismo",Vivienda,Cabecera municipal,Mujer,Hombre,(00 a 05) Primera Infancia,Soacha,Cluster 1
"Intolerancia, machismo",Vivienda,Cabecera municipal,Hombre,Hombre,(29 a 59) Adultez,Soacha,Cluster 1
"Intolerancia, machismo",Vivienda,Cabecera municipal,Mujer,Hombre,(29 a 59) Adultez,Soacha,Cluster 1
"Intolerancia, machismo",Vivienda,Cabecera municipal,Mujer,Mujer,(29 a 59) Adultez,Soacha,Cluster 1
"Intolerancia, machismo",Vivienda,Cabecera municipal,Mujer,Hombre,(29 a 59) Adultez,Soacha,Cluster 1
"Intolerancia, machismo",Vivienda,Cabecera municipal,Mujer,Mujer,(12 a 17) Adolescencia,Soacha,Cluster 1
"Intolerancia, machismo","Calle (autopista, avenida, dentro de la ciudad)",Cabecera municipal,Hombre,Hombre,(00 a 05) Primera Infancia,Soacha,Cluster 2
"Intolerancia, machismo",Vivienda,Cabecera municipal,Mujer,Hombre,(18 a 28) Juventud,Soacha,Cluster 1
"Intolerancia, machismo",Vivienda,Cabecera municipal,Mujer,Mujer,(18 a 28) Juventud,Soacha,Cluster 1
"Celos, desconfianza, infidelidad",Vivienda,Cabecera municipal,Mujer,Hombre,(29 a 59) Adultez,Soacha,Cluster 1
"Intolerancia, machismo",Vivienda,Cabecera municipal,Hombre,Hombre,(18 a 28) Juventud,Soacha,Cluster 1
"Intolerancia, machismo",Vía pública,Cabecera municipal,Hombre,Hombre,(29 a 59) Adultez,Soacha,Cluster 1
"Intolerancia, machismo",Vivienda,Cabecera municipal,Hombre,Mujer,(12 a 17) Adolescencia,Soacha,Cluster 1
"Intolerancia, machismo",Vía pública,Cabecera municipal,Mujer,Mujer,(18 a 28) Juventud,Soacha,Cluster 1
"Intolerancia, machismo",Vivienda,Cabecera municipal,Mujer,Mujer,(18 a 28) Juventud,Soacha,Cluster 1
"Intolerancia, machismo",Vía pública,Sin información,Mujer,Mujer,(18 a 28) Juventud,Soacha,Cluster 1
Consumo de alcohol y/o sustancias psicoactivas,Vivienda,Cabecera municipal,Hombre,Hombre,(12 a 17) Adolescencia,Soacha,Cluster 1
Consumo de alcohol y/o sustancias psicoactivas,Vivienda,Cabecera municipal,Hombre,Hombre,(Más de 60) Adulto Mayor,Soacha,Cluster 1
"Intolerancia, machismo",Vivienda,Cabecera municipal,Mujer,Mujer,(06 a 11) Infancia,Soacha,Cluster 1
"Intolerancia, machismo",Vivienda,Cabecera municipal,Hombre,Hombre,(12 a 17) Adolescencia,Soacha,Cluster 1
"Intolerancia, machismo",Vivienda,Cabecera municipal,Mujer,Hombre,(Más de 60) Adulto Mayor,Soacha,Cluster 1
"Intolerancia, machismo",Vivienda,Cabecera municipal,Mujer,Mujer,(12 a 17) Adolescencia,Soacha,Cluster 1
"Intolerancia, machismo",Vía pública,Cabecera municipal,Mujer,Hombre,(12 a 17) Adolescencia,Soacha,Cluster 1
"Intolerancia, machismo",Vivienda,Cabecera municipal,Mujer,Hombre,(00 a 05) Primera Infancia,Soacha,Cluster 1
"Intolerancia, machismo",Vivienda,Cabecera municipal,Hombre,Hombre,(06 a 11) Infancia,Soacha,Cluster 1
"Intolerancia, machismo",Vía pública,Cabecera municipal,Mujer,Hombre,(29 a 59) Adultez,Soacha,Cluster 1
"Intolerancia, machismo",Vivienda,Cabecera municipal,Mujer,Hombre,(29 a 59) Adultez,Soacha,Cluster 1
"Intolerancia, machismo",Vivienda,Cabecera municipal,Hombre,Hombre,(12 a 17) Adolescencia,Soacha,Cluster 1
"Intolerancia, machismo",Vivienda,Cabecera municipal,Hombre,Hombre,(29 a 59) Adultez,Soacha,Cluster 1
"Intolerancia, machismo",Vivienda,Cabecera municipal,Mujer,Hombre,(29 a 59) Adultez,Soacha,Cluster 1
"Intolerancia, machismo",Vivienda,Cabecera municipal,Mujer,Hombre,(12 a 17) Adolescencia,Soacha,Cluster 1
"Intolerancia, machismo",Vivienda,Cabecera municipal,Hombre,Mujer,(06 a 11) Infancia,Soacha,Cluster 1
"Intolerancia, machismo",Vehículo de servicio particular,Sin información,Mujer,Mujer,(29 a 59) Adultez,Soacha,Cluster 1
"Intolerancia, machismo",Vivienda,Cabecera municipal,Mujer,Hombre,(29 a 59) Adultez,Soacha,Cluster 1
"Intolerancia, machismo",Vivienda,Cabecera municipal,Mujer,Hombre,(29 a 59) Adultez,Soacha,Cluster 1
"Intolerancia, machismo",Vía pública,Cabecera municipal,Hombre,Hombre,(29 a 59) Adultez,Soacha,Cluster 1
"Intolerancia, machismo",Vía pública,Cabecera municipal,Mujer,Hombre,(29 a 59) Adultez,Soacha,Cluster 1
"Intolerancia, machismo",Vivienda,Cabecera municipal,Mujer,Mujer,(00 a 05) Primera Infancia,Soacha,Cluster 1
"Intolerancia, machismo",Vivienda,Cabecera municipal,Mujer,Hombre,(12 a 17) Adolescencia,Soacha,Cluster 1
"Intolerancia, machismo",Vivienda,Cabecera municipal,Hombre,Hombre,(12 a 17) Adolescencia,Soacha,Cluster 1
"Intolerancia, machismo",Vía pública,Cabecera municipal,Mujer,Hombre,(18 a 28) Juventud,Soacha,Cluster 1
"Intolerancia, machismo",Vivienda,Cabecera municipal,Hombre,Mujer,(29 a 59) Adultez,Soacha,Cluster 1
Consumo de alcohol y/o sustancias psicoactivas,Vía pública,Cabecera municipal,Hombre,Hombre,(29 a 59) Adultez,Soacha,Cluster 1
"Intolerancia, machismo",Vivienda,Cabecera municipal,Mujer,Hombre,(06 a 11) Infancia,Soacha,Cluster 1
"Intolerancia, machismo",Vivienda,Cabecera municipal,Hombre,Hombre,(12 a 17) Adolescencia,Soacha,Cluster 1
Consumo de alcohol y/o sustancias psicoactivas,Vía pública,Cabecera municipal,Hombre,Hombre,(29 a 59) Adultez,Soacha,Cluster 1
"Intolerancia, machismo",Vivienda,Cabecera municipal,Mujer,Hombre,(18 a 28) Juventud,Soacha,Cluster 1
Consumo de alcohol y/o sustancias psicoactivas,Vivienda,Cabecera municipal,Hombre,Hombre,(12 a 17) Adolescencia,Soacha,Cluster 1
"Intolerancia, machismo",Vivienda,Cabecera municipal,Hombre,Hombre,(12 a 17) Adolescencia,Soacha,Cluster 1
"Intolerancia, machismo",Vivienda,Cabecera municipal,Mujer,Hombre,(29 a 59) Adultez,Soacha,Cluster 1
"Intolerancia, machismo",Vivienda,Cabecera municipal,Mujer,Hombre,(12 a 17) Adolescencia,Soacha,Cluster 1
"Intolerancia, machismo",Vivienda,Cabecera municipal,Hombre,Hombre,(29 a 59) Adultez,Soacha,Cluster 1
"Intolerancia, machismo",Vivienda,Cabecera municipal,Hombre,Hombre,(29 a 59) Adultez,Soacha,Cluster 1
"Intolerancia, machismo",Vivienda,Cabecera municipal,Mujer,Mujer,(29 a 59) Adultez,Soacha,Cluster 1
"Intolerancia, machismo",Vivienda,Cabecera municipal,Hombre,Hombre,(18 a 28) Juventud,Soacha,Cluster 1
"Intolerancia, machismo",Vía pública,Cabecera municipal,Hombre,Hombre,(18 a 28) Juventud,Soacha,Cluster 1
"Intolerancia, machismo",Vivienda,Cabecera municipal,Mujer,Hombre,(Más de 60) Adulto Mayor,Soacha,Cluster 1
Consumo de alcohol y/o sustancias psicoactivas,Vivienda,Cabecera municipal,Hombre,Mujer,(29 a 59) Adultez,Soacha,Cluster 1
Consumo de alcohol y/o sustancias psicoactivas,Vivienda,Cabecera municipal,Mujer,Hombre,(18 a 28) Juventud,Soacha,Cluster 1
"Intolerancia, machismo",Vía pública,Cabecera municipal,Hombre,Hombre,(29 a 59) Adultez,Soacha,Cluster 1
"Intolerancia, machismo",Vivienda,Cabecera municipal,Mujer,Mujer,(12 a 17) Adolescencia,Soacha,Cluster 1
"Intolerancia, machismo",Vivienda,Cabecera municipal,Hombre,Hombre,(18 a 28) Juventud,Soacha,Cluster 1
"Intolerancia, machismo",Vivienda,Cabecera municipal,Hombre,Mujer,(29 a 59) Adultez,Soacha,Cluster 1
"Intolerancia, machismo",Vivienda,Cabecera municipal,Mujer,Hombre,(18 a 28) Juventud,Soacha,Cluster 1
Consumo de alcohol y/o sustancias psicoactivas,Vivienda,Cabecera municipal,Mujer,Hombre,(Más de 60) Adulto Mayor,Soacha,Cluster 1
"Intolerancia, machismo",Vivienda,Cabecera municipal,Mujer,Hombre,(Más de 60) Adulto Mayor,Soacha,Cluster 1
"Intolerancia, machismo",Vía pública,Cabecera municipal,Mujer,Hombre,(29 a 59) Adultez,Soacha,Cluster 1
"Intolerancia, machismo",Vivienda,Cabecera municipal,Mujer,Hombre,(29 a 59) Adultez,Soacha,Cluster 1
"Intolerancia, machismo",Vivienda,Cabecera municipal,Hombre,Hombre,(06 a 11) Infancia,Soacha,Cluster 1
"Intolerancia, machismo",Vía pública,Cabecera municipal,Hombre,Hombre,(18 a 28) Juventud,Soacha,Cluster 1
"Intolerancia, machismo",Vivienda,Cabecera municipal,Mujer,Mujer,(18 a 28) Juventud,Soacha,Cluster 1
"Intolerancia, machismo",Vía pública,Cabecera municipal,Mujer,Hombre,(29 a 59) Adultez,Soacha,Cluster 1
"Intolerancia, machismo",Vía pública,Cabecera municipal,Mujer,Mujer,(29 a 59) Adultez,Soacha,Cluster 1
"Intolerancia, machismo",Vía pública,Cabecera municipal,Hombre,Hombre,(18 a 28) Juventud,Soacha,Cluster 1
Consumo de alcohol y/o sustancias psicoactivas,Vivienda,Cabecera municipal,Mujer,Hombre,(29 a 59) Adultez,Soacha,Cluster 1
"Intolerancia, machismo",Vivienda,Cabecera municipal,Mujer,Hombre,(29 a 59) Adultez,Soacha,Cluster 1
"Intolerancia, machismo",Vivienda,Cabecera municipal,Hombre,Hombre,(29 a 59) Adultez,Soacha,Cluster 1
"Intolerancia, machismo",Vivienda,Cabecera municipal,Mujer,Hombre,(Más de 60) Adulto Mayor,Soacha,Cluster 1
"Intolerancia, machismo",Vivienda,Cabecera municipal,Mujer,Hombre,(29 a 59) Adultez,Soacha,Cluster 1
"Intolerancia, machismo",Vivienda,Cabecera municipal,Mujer,Mujer,(18 a 28) Juventud,Soacha,Cluster 1
"Intolerancia, machismo",Vivienda,Cabecera municipal,Mujer,Mujer,(29 a 59) Adultez,Soacha,Cluster 1
"Intolerancia, machismo",Vivienda,Cabecera municipal,Mujer,Hombre,(29 a 59) Adultez,Soacha,Cluster 1
"Intolerancia, machismo",Vía pública,Cabecera municipal,Mujer,Hombre,(29 a 59) Adultez,Soacha,Cluster 1
Consumo de alcohol y/o sustancias psicoactivas,Vía pública,Cabecera municipal,Mujer,Mujer,(18 a 28) Juventud,Soacha,Cluster 1
"Intolerancia, machismo",Vivienda,Cabecera municipal,Hombre,Hombre,(Más de 60) Adulto Mayor,Soacha,Cluster 1
Consumo de alcohol y/o sustancias psicoactivas,Vivienda,Cabecera municipal,Hombre,Hombre,(06 a 11) Infancia,Soacha,Cluster 1
"Intolerancia, machismo",Vivienda,Cabecera municipal,Mujer,Hombre,(00 a 05) Primera Infancia,Soacha,Cluster 1
"Intolerancia, machismo",Vía pública,Cabecera municipal,Mujer,Hombre,(Más de 60) Adulto Mayor,Soacha,Cluster 1
"Intolerancia, machismo",Vivienda,Cabecera municipal,Mujer,Hombre,(29 a 59) Adultez,Soacha,Cluster 1
"Intolerancia, machismo",Vía pública,Cabecera municipal,Mujer,Mujer,(29 a 59) Adultez,Soacha,Cluster 1
"Intolerancia, machismo",Vivienda,Cabecera municipal,Mujer,Mujer,(Más de 60) Adulto Mayor,Soacha,Cluster 1
"Intolerancia, machismo",Vivienda,Cabecera municipal,Mujer,Hombre,(18 a 28) Juventud,Soacha,Cluster 1
Consumo de alcohol y/o sustancias psicoactivas,Vivienda,Cabecera municipal,Mujer,Mujer,(18 a 28) Juventud,Soacha,Cluster 1
"Intolerancia, machismo",Vivienda,Cabecera municipal,Hombre,Hombre,(12 a 17) Adolescencia,Soacha,Cluster 1
"Intolerancia, machismo",Vivienda,Cabecera municipal,Mujer,Hombre,(18 a 28) Juventud,Soacha,Cluster 1
"Intolerancia, machismo",Vía pública,Cabecera municipal,Mujer,Mujer,(Más de 60) Adulto Mayor,Soacha,Cluster 1
"Intolerancia, machismo",Vivienda,Cabecera municipal,Mujer,Hombre,(12 a 17) Adolescencia,Soacha,Cluster 1
"Intolerancia, machismo",Vivienda,Cabecera municipal,Hombre,Hombre,(12 a 17) Adolescencia,Soacha,Cluster 1
"Intolerancia, machismo",Vía pública,Cabecera municipal,Mujer,Hombre,(06 a 11) Infancia,Soacha,Cluster 1
"Intolerancia, machismo",Vivienda,Cabecera municipal,Mujer,Hombre,(29 a 59) Adultez,Soacha,Cluster 1
"Intolerancia, machismo",Vivienda,Cabecera municipal,Mujer,Hombre,(29 a 59) Adultez,Soacha,Cluster 1
"Intolerancia, machismo",Vivienda,Cabecera municipal,Hombre,Hombre,(29 a 59) Adultez,Soacha,Cluster 1
"Intolerancia, machismo",Vivienda,Cabecera municipal,Hombre,Hombre,(12 a 17) Adolescencia,Soacha,Cluster 1
"Intolerancia, machismo",Vivienda,Cabecera municipal,Mujer,Mujer,(18 a 28) Juventud,Soacha,Cluster 1
"Intolerancia, machismo",Vivienda,Cabecera municipal,Mujer,Hombre,(29 a 59) Adultez,Soacha,Cluster 1
"Intolerancia, machismo",Vivienda,Cabecera municipal,Mujer,Hombre,(29 a 59) Adultez,Soacha,Cluster 1
"Intolerancia, machismo",Vivienda,Cabecera municipal,Mujer,Hombre,(18 a 28) Juventud,Soacha,Cluster 1
"Intolerancia, machismo",Vivienda,Cabecera municipal,Mujer,Mujer,(29 a 59) Adultez,Soacha,Cluster 1
"Intolerancia, machismo",Vivienda,Parte rural (vereda y campo),Mujer,Hombre,(18 a 28) Juventud,Soacha,Cluster 1
"Intolerancia, machismo",Vía pública,Cabecera municipal,Hombre,Hombre,(12 a 17) Adolescencia,Soacha,Cluster 1
"Intolerancia, machismo",Vivienda,Cabecera municipal,Hombre,Hombre,(00 a 05) Primera Infancia,Soacha,Cluster 1
"Intolerancia, machismo",Vivienda,Cabecera municipal,Hombre,Hombre,(Más de 60) Adulto Mayor,Soacha,Cluster 1
"Intolerancia, machismo",Vía pública,Cabecera municipal,Mujer,Mujer,(29 a 59) Adultez,Soacha,Cluster 1
"Intolerancia, machismo",Vía pública,Cabecera municipal,Hombre,Hombre,(18 a 28) Juventud,Soacha,Cluster 1
"Intolerancia, machismo",Vivienda,Cabecera municipal,Hombre,Hombre,(29 a 59) Adultez,Soacha,Cluster 1
"Intolerancia, machismo",Vivienda,Cabecera municipal,Hombre,Mujer,(12 a 17) Adolescencia,Soacha,Cluster 1
"Intolerancia, machismo",Vivienda,Cabecera municipal,Mujer,Hombre,(12 a 17) Adolescencia,Soacha,Cluster 1
"Intolerancia, machismo",Vivienda,Cabecera municipal,Hombre,Hombre,(29 a 59) Adultez,Soacha,Cluster 1
"Intolerancia, machismo",Vivienda,Cabecera municipal,Mujer,Mujer,(29 a 59) Adultez,Soacha,Cluster 1
"Intolerancia, machismo",Vivienda,Cabecera municipal,Mujer,Hombre,(29 a 59) Adultez,Soacha,Cluster 1
"Intolerancia, machismo",Vivienda,Cabecera municipal,Mujer,Hombre,(29 a 59) Adultez,Soacha,Cluster 1
"Intolerancia, machismo",Vivienda,Cabecera municipal,Mujer,Hombre,(12 a 17) Adolescencia,Soacha,Cluster 1
"Intolerancia, machismo",Vivienda,Cabecera municipal,Hombre,Mujer,(12 a 17) Adolescencia,Soacha,Cluster 1
"Intolerancia, machismo",Vivienda,Cabecera municipal,Mujer,Hombre,(29 a 59) Adultez,Soacha,Cluster 1
"Intolerancia, machismo",Vivienda,Cabecera municipal,Hombre,Mujer,(18 a 28) Juventud,Soacha,Cluster 1
"Intolerancia, machismo",Vivienda,Cabecera municipal,Mujer,Hombre,(06 a 11) Infancia,Soacha,Cluster 1
"Intolerancia, machismo",Vivienda,Cabecera municipal,Mujer,Hombre,(29 a 59) Adultez,Soacha,Cluster 1
"Intolerancia, machismo",Vivienda,Cabecera municipal,Mujer,Hombre,(12 a 17) Adolescencia,Soacha,Cluster 1
Consumo de alcohol y/o sustancias psicoactivas,Vivienda,Cabecera municipal,Mujer,Hombre,(12 a 17) Adolescencia,Soacha,Cluster 1
"Intolerancia, machismo",Vivienda,Cabecera municipal,Hombre,Hombre,(12 a 17) Adolescencia,Soacha,Cluster 1
"Intolerancia, machismo",Vía pública,Cabecera municipal,Mujer,Hombre,(00 a 05) Primera Infancia,Soacha,Cluster 1
"Intolerancia, machismo",Vía pública,Cabecera municipal,Mujer,Mujer,(29 a 59) Adultez,Soacha,Cluster 1
"Intolerancia, machismo",Vivienda,Cabecera municipal,Mujer,Hombre,(29 a 59) Adultez,Soacha,Cluster 1
"Intolerancia, machismo",Vivienda,Cabecera municipal,Hombre,Hombre,(29 a 59) Adultez,Soacha,Cluster 1
"Intolerancia, machismo",Vivienda,Cabecera municipal,Mujer,Hombre,(18 a 28) Juventud,Soacha,Cluster 1
"Intolerancia, machismo",Vía pública,Cabecera municipal,Mujer,Mujer,(18 a 28) Juventud,Soacha,Cluster 1
"Intolerancia, machismo",Vivienda,Sin información,Hombre,Mujer,(18 a 28) Juventud,Soacha,Cluster 1
"Intolerancia, machismo",Vía pública,Cabecera municipal,Mujer,Mujer,(29 a 59) Adultez,Soacha,Cluster 1
"Intolerancia, machismo",Vivienda,Cabecera municipal,Mujer,Hombre,(29 a 59) Adultez,Soacha,Cluster 1
"Intolerancia, machismo",Vivienda,Cabecera municipal,Hombre,Hombre,(12 a 17) Adolescencia,Soacha,Cluster 1
Consumo de alcohol y/o sustancias psicoactivas,Vivienda,Cabecera municipal,Mujer,Hombre,(29 a 59) Adultez,Soacha,Cluster 1
"Intolerancia, machismo",Vivienda,Cabecera municipal,Mujer,Hombre,(29 a 59) Adultez,Soacha,Cluster 1
"Intolerancia, machismo",Vivienda,Cabecera municipal,Mujer,Hombre,(Más de 60) Adulto Mayor,Soacha,Cluster 1
"Intolerancia, machismo",Vivienda,Cabecera municipal,Hombre,Hombre,(00 a 05) Primera Infancia,Soacha,Cluster 1
"Intolerancia, machismo",Vivienda,Cabecera municipal,Mujer,Hombre,(06 a 11) Infancia,Soacha,Cluster 1
"Intolerancia, machismo",Vivienda,Cabecera municipal,Mujer,Mujer,(06 a 11) Infancia,Soacha,Cluster 1
"Intolerancia, machismo",Vivienda,Cabecera municipal,Mujer,Hombre,(Más de 60) Adulto Mayor,Soacha,Cluster 1
"Intolerancia, machismo",Vivienda,Cabecera municipal,Mujer,Hombre,(18 a 28) Juventud,Soacha,Cluster 1
"Intolerancia, machismo",Vivienda,Cabecera municipal,Mujer,Hombre,(18 a 28) Juventud,Soacha,Cluster 1
"Intolerancia, machismo",Vivienda,Cabecera municipal,Hombre,Mujer,(29 a 59) Adultez,Soacha,Cluster 1
"Intolerancia, machismo",Vivienda,Cabecera municipal,Mujer,Mujer,(29 a 59) Adultez,Soacha,Cluster 1
"Intolerancia, machismo",Vivienda,Cabecera municipal,Hombre,Hombre,(29 a 59) Adultez,Soacha,Cluster 1
"Intolerancia, machismo",Vía pública,Cabecera municipal,Hombre,Sin información,(29 a 59) Adultez,Soacha,Cluster 1
"Intolerancia, machismo",Vivienda,Cabecera municipal,Mujer,Mujer,(29 a 59) Adultez,Soacha,Cluster 1
"Intolerancia, machismo",Vivienda,Cabecera municipal,Hombre,Hombre,(12 a 17) Adolescencia,Soacha,Cluster 1
"Intolerancia, machismo",Vivienda,Cabecera municipal,Mujer,Hombre,(00 a 05) Primera Infancia,Soacha,Cluster 1
"Intolerancia, machismo",Vía pública,"Centro poblado (corregimiento, inspección de policía y caserío)",Mujer,Mujer,(29 a 59) Adultez,Soacha,Cluster 1
"Intolerancia, machismo",Vía pública,Cabecera municipal,Mujer,Mujer,(18 a 28) Juventud,Soacha,Cluster 1
"Intolerancia, machismo",Vivienda,Cabecera municipal,Mujer,Hombre,(06 a 11) Infancia,Soacha,Cluster 1
"Intolerancia, machismo",Vivienda,Cabecera municipal,Mujer,Hombre,(12 a 17) Adolescencia,Soacha,Cluster 1
"Intolerancia, machismo",Vivienda,Cabecera municipal,Mujer,Mujer,(12 a 17) Adolescencia,Soacha,Cluster 1
"Intolerancia, machismo",Vía pública,Cabecera municipal,Hombre,Mujer,(29 a 59) Adultez,Soacha,Cluster 1
"Intolerancia, machismo",Vivienda,Cabecera municipal,Mujer,Hombre,(12 a 17) Adolescencia,Soacha,Cluster 1
"Intolerancia, machismo",Vivienda,Cabecera municipal,Mujer,Hombre,(29 a 59) Adultez,Soacha,Cluster 1
"Intolerancia, machismo",Vehículo de servicio particular,Cabecera municipal,Mujer,Hombre,(00 a 05) Primera Infancia,Soacha,Cluster 1
"Intolerancia, machismo",Vivienda,Cabecera municipal,Mujer,Hombre,(12 a 17) Adolescencia,Soacha,Cluster 1
"Intolerancia, machismo",Vivienda,Cabecera municipal,Mujer,Hombre,(29 a 59) Adultez,Soacha,Cluster 1
"Intolerancia, machismo",Vivienda,Cabecera municipal,Mujer,Hombre,(12 a 17) Adolescencia,Soacha,Cluster 1
"Intolerancia, machismo",Vía pública,Cabecera municipal,Mujer,Hombre,(12 a 17) Adolescencia,Soacha,Cluster 1
"Intolerancia, machismo",Vivienda,Cabecera municipal,Mujer,Mujer,(12 a 17) Adolescencia,Soacha,Cluster 1
"Intolerancia, machismo",Vivienda,Cabecera municipal,Mujer,Hombre,(29 a 59) Adultez,Soacha,Cluster 1
"Intolerancia, machismo",Vivienda,Cabecera municipal,Mujer,Hombre,(29 a 59) Adultez,Soacha,Cluster 1
Consumo de alcohol y/o sustancias psicoactivas,Vía pública,Cabecera municipal,Hombre,Hombre,(29 a 59) Adultez,Soacha,Cluster 1
"Intolerancia, machismo",Vivienda,Cabecera municipal,Hombre,Hombre,(00 a 05) Primera Infancia,Soacha,Cluster 1
"Intolerancia, machismo",Vía pública,Cabecera municipal,Mujer,Mujer,(18 a 28) Juventud,Soacha,Cluster 1
"Intolerancia, machismo",Vía pública,Cabecera municipal,Mujer,Mujer,(18 a 28) Juventud,Soacha,Cluster 1
"Intolerancia, machismo",Vivienda,Cabecera municipal,Mujer,Hombre,(29 a 59) Adultez,Soacha,Cluster 1
"Intolerancia, machismo",Vivienda,Cabecera municipal,Mujer,Mujer,(00 a 05) Primera Infancia,Soacha,Cluster 1
"Intolerancia, machismo",Vivienda,Cabecera municipal,Mujer,Hombre,(18 a 28) Juventud,Soacha,Cluster 1
Consumo de alcohol y/o sustancias psicoactivas,Vivienda,Cabecera municipal,Mujer,Hombre,(29 a 59) Adultez,Soacha,Cluster 1
"Intolerancia, machismo",Vivienda,Cabecera municipal,Mujer,Hombre,(29 a 59) Adultez,Soacha,Cluster 1
"Intolerancia, machismo",Vivienda,Cabecera municipal,Hombre,Hombre,(29 a 59) Adultez,Soacha,Cluster 1
"Intolerancia, machismo",Vía pública,Cabecera municipal,Mujer,Mujer,(29 a 59) Adultez,Soacha,Cluster 1
"Intolerancia, machismo",Vivienda,Cabecera municipal,Mujer,Mujer,(00 a 05) Primera Infancia,Soacha,Cluster 1
"Intolerancia, machismo",Vivienda,Cabecera municipal,Mujer,Hombre,(29 a 59) Adultez,Soacha,Cluster 1
"Intolerancia, machismo","Sitio de culto (capilla, iglesia, templo, etc.)",Cabecera municipal,Mujer,Hombre,(18 a 28) Juventud,Soacha,Cluster 1
"Intolerancia, machismo",Vivienda,Cabecera municipal,Mujer,Hombre,(29 a 59) Adultez,Soacha,Cluster 1
Consumo de alcohol y/o sustancias psicoactivas,Vivienda,Cabecera municipal,Mujer,Mujer,(12 a 17) Adolescencia,Soacha,Cluster 1
"Intolerancia, machismo",Vía pública,Cabecera municipal,Hombre,Hombre,(Más de 60) Adulto Mayor,Soacha,Cluster 1
"Intolerancia, machismo",Vivienda,Cabecera municipal,Hombre,Hombre,(29 a 59) Adultez,Soacha,Cluster 1
"Intolerancia, machismo","Calle (autopista, avenida, dentro de la ciudad)",Cabecera municipal,Mujer,Hombre,(00 a 05) Primera Infancia,Soacha,Cluster 2
"Intolerancia, machismo",Vivienda,Cabecera municipal,Mujer,Hombre,(Más de 60) Adulto Mayor,Soacha,Cluster 1
"Intolerancia, machismo",Vivienda,Cabecera municipal,Mujer,Hombre,(18 a 28) Juventud,Soacha,Cluster 1
"Intolerancia, machismo",Vivienda,Cabecera municipal,Mujer,Hombre,(Más de 60) Adulto Mayor,Soacha,Cluster 1
Consumo de alcohol y/o sustancias psicoactivas,Lugares de esparcimiento con expendio de alcohol,Cabecera municipal,Hombre,Hombre,(29 a 59) Adultez,Soacha,Cluster 3
"Intolerancia, machismo",Vivienda,Cabecera municipal,Hombre,Mujer,(06 a 11) Infancia,Soacha,Cluster 1
"Intolerancia, machismo","Calle (autopista, avenida, dentro de la ciudad)",Cabecera municipal,Mujer,Mujer,(29 a 59) Adultez,Soacha,Cluster 2
"Intolerancia, machismo",Vivienda,Cabecera municipal,Mujer,Hombre,(18 a 28) Juventud,Soacha,Cluster 1
"Intolerancia, machismo",Vivienda,Cabecera municipal,Hombre,Hombre,(18 a 28) Juventud,Soacha,Cluster 1
"Intolerancia, machismo",Vivienda,Cabecera municipal,Mujer,Hombre,(00 a 05) Primera Infancia,Soacha,Cluster 1
Consumo de alcohol y/o sustancias psicoactivas,Vivienda,Cabecera municipal,Hombre,Hombre,(29 a 59) Adultez,Soacha,Cluster 1
"Intolerancia, machismo",Vivienda,Cabecera municipal,Mujer,Mujer,(18 a 28) Juventud,Soacha,Cluster 1
"Intolerancia, machismo",Vivienda,Cabecera municipal,Hombre,Hombre,(29 a 59) Adultez,Soacha,Cluster 1
Consumo de alcohol y/o sustancias psicoactivas,"Calle (autopista, avenida, dentro de la ciudad)",Sin información,Hombre,Hombre,(29 a 59) Adultez,Soacha,Cluster 2
"Intolerancia, machismo",Vivienda,Cabecera municipal,Hombre,Mujer,(18 a 28) Juventud,Soacha,Cluster 1
"Intolerancia, machismo",Vivienda,Cabecera municipal,Mujer,Mujer,(29 a 59) Adultez,Soacha,Cluster 1
Consumo de alcohol y/o sustancias psicoactivas,Vivienda,Cabecera municipal,Mujer,Hombre,(18 a 28) Juventud,Soacha,Cluster 1
"Intolerancia, machismo",Vivienda,Cabecera municipal,Hombre,Mujer,(06 a 11) Infancia,Soacha,Cluster 1
Consumo de alcohol y/o sustancias psicoactivas,Vivienda,Cabecera municipal,Mujer,Hombre,(29 a 59) Adultez,Soacha,Cluster 1
"Intolerancia, machismo",Vivienda,Cabecera municipal,Mujer,Hombre,(06 a 11) Infancia,Soacha,Cluster 1
"Intolerancia, machismo",Vivienda,Cabecera municipal,Mujer,Hombre,(29 a 59) Adultez,Soacha,Cluster 1
"Intolerancia, machismo",Vivienda,Cabecera municipal,Hombre,Hombre,(12 a 17) Adolescencia,Soacha,Cluster 1
"Intolerancia, machismo",Vivienda,Cabecera municipal,Hombre,Hombre,(29 a 59) Adultez,Soacha,Cluster 1
"Intolerancia, machismo",Vivienda,Cabecera municipal,Mujer,Mujer,(18 a 28) Juventud,Soacha,Cluster 1
"Intolerancia, machismo",Vivienda,Cabecera municipal,Mujer,Mujer,(29 a 59) Adultez,Soacha,Cluster 1
"Intolerancia, machismo",Vivienda,Cabecera municipal,Hombre,Hombre,(29 a 59) Adultez,Soacha,Cluster 1
"Intolerancia, machismo",Vivienda,Cabecera municipal,Hombre,Hombre,(06 a 11) Infancia,Soacha,Cluster 1
Consumo de alcohol y/o sustancias psicoactivas,Vivienda,Cabecera municipal,Hombre,Hombre,(29 a 59) Adultez,Soacha,Cluster 1
"Intolerancia, machismo",Vivienda,Cabecera municipal,Mujer,Mujer,(12 a 17) Adolescencia,Soacha,Cluster 1
"Intolerancia, machismo",Vía pública,Cabecera municipal,Mujer,Hombre,(18 a 28) Juventud,Soacha,Cluster 1
Consumo de alcohol y/o sustancias psicoactivas,Vivienda,Cabecera municipal,Hombre,Hombre,(29 a 59) Adultez,Soacha,Cluster 1
"Intolerancia, machismo",Vivienda,Cabecera municipal,Mujer,Hombre,(12 a 17) Adolescencia,Soacha,Cluster 1
"Intolerancia, machismo",Vivienda,Cabecera municipal,Mujer,Hombre,(29 a 59) Adultez,Soacha,Cluster 1
"Intolerancia, machismo",Vivienda,Cabecera municipal,Mujer,Hombre,(Más de 60) Adulto Mayor,Soacha,Cluster 1
"Intolerancia, machismo",Vía pública,Cabecera municipal,Mujer,Mujer,(29 a 59) Adultez,Soacha,Cluster 1
"Intolerancia, machismo",Vivienda,Cabecera municipal,Hombre,Mujer,(Más de 60) Adulto Mayor,Soacha,Cluster 1
Consumo de alcohol y/o sustancias psicoactivas,Vivienda,Cabecera municipal,Mujer,Hombre,(29 a 59) Adultez,Soacha,Cluster 1
"Intolerancia, machismo",Vivienda,Cabecera municipal,Mujer,Hombre,(29 a 59) Adultez,Soacha,Cluster 1
"Intolerancia, machismo",Vivienda,Cabecera municipal,Mujer,Hombre,(12 a 17) Adolescencia,Soacha,Cluster 1
"Intolerancia, machismo",Vivienda,Cabecera municipal,Mujer,Hombre,(18 a 28) Juventud,Soacha,Cluster 1
"Intolerancia, machismo",Vivienda,Cabecera municipal,Mujer,Mujer,(29 a 59) Adultez,Soacha,Cluster 1
"Intolerancia, machismo",Vivienda,Cabecera municipal,Hombre,Hombre,(18 a 28) Juventud,Soacha,Cluster 1
"Intolerancia, machismo",Vivienda,Cabecera municipal,Hombre,Mujer,(18 a 28) Juventud,Soacha,Cluster 1
Consumo de alcohol y/o sustancias psicoactivas,Vivienda,Cabecera municipal,Mujer,Hombre,(29 a 59) Adultez,Soacha,Cluster 1
"Intolerancia, machismo",Vivienda,Cabecera municipal,Mujer,Hombre,(12 a 17) Adolescencia,Soacha,Cluster 1
"Intolerancia, machismo",Vivienda,Cabecera municipal,Mujer,Mujer,(29 a 59) Adultez,Soacha,Cluster 1
"Intolerancia, machismo",Vivienda,Cabecera municipal,Hombre,Hombre,(29 a 59) Adultez,Soacha,Cluster 1
"Intolerancia, machismo",Vivienda,Cabecera municipal,Mujer,Hombre,(00 a 05) Primera Infancia,Soacha,Cluster 1
"Intolerancia, machismo",Vía pública,Cabecera municipal,Hombre,Hombre,(29 a 59) Adultez,Soacha,Cluster 1
"Intolerancia, machismo",Vivienda,Cabecera municipal,Mujer,Hombre,(12 a 17) Adolescencia,Soacha,Cluster 1
"Intolerancia, machismo",Vivienda,Cabecera municipal,Mujer,Hombre,(29 a 59) Adultez,Soacha,Cluster 1
Sin información,Centros educativos,Cabecera municipal,Hombre,Sin información,(00 a 05) Primera Infancia,Soacha,Cluster 2
"Intolerancia, machismo",Vivienda,Cabecera municipal,Hombre,Hombre,(06 a 11) Infancia,Soacha,Cluster 1
"Intolerancia, machismo",Vivienda,Cabecera municipal,Mujer,Hombre,(12 a 17) Adolescencia,Soacha,Cluster 1
"Intolerancia, machismo",Vivienda,Cabecera municipal,Hombre,Hombre,(29 a 59) Adultez,Soacha,Cluster 1
"Intolerancia, machismo",Vivienda,Cabecera municipal,Hombre,Hombre,(12 a 17) Adolescencia,Soacha,Cluster 1
"Intolerancia, machismo",Vivienda,Cabecera municipal,Hombre,Mujer,(12 a 17) Adolescencia,Soacha,Cluster 1
"Intolerancia, machismo",Vivienda,Cabecera municipal,Mujer,Hombre,(12 a 17) Adolescencia,Soacha,Cluster 1
"Intolerancia, machismo",Vivienda,Cabecera municipal,Hombre,Mujer,(29 a 59) Adultez,Soacha,Cluster 1
"Intolerancia, machismo",Vía pública,Sin información,Mujer,Hombre,(12 a 17) Adolescencia,Soacha,Cluster 1
"Intolerancia, machismo",Vía pública,Cabecera municipal,Mujer,Mujer,(29 a 59) Adultez,Soacha,Cluster 1
"Intolerancia, machismo",Vivienda,Cabecera municipal,Hombre,Hombre,(29 a 59) Adultez,Soacha,Cluster 1
"Intolerancia, machismo",Vía pública,Cabecera municipal,Hombre,Hombre,(29 a 59) Adultez,Soacha,Cluster 1
"Intolerancia, machismo",Vía pública,Sin información,Hombre,Hombre,(18 a 28) Juventud,Soacha,Cluster 1
"Intolerancia, machismo",Vivienda,Cabecera municipal,Mujer,Hombre,(06 a 11) Infancia,Soacha,Cluster 1
"Intolerancia, machismo",Vía pública,Cabecera municipal,Mujer,Hombre,(29 a 59) Adultez,Soacha,Cluster 1
Consumo de alcohol y/o sustancias psicoactivas,Vía pública,Cabecera municipal,Mujer,Hombre,(18 a 28) Juventud,Soacha,Cluster 1
"Intolerancia, machismo",Vivienda,Cabecera municipal,Mujer,Mujer,(12 a 17) Adolescencia,Soacha,Cluster 1
"Intolerancia, machismo",Vivienda,Cabecera municipal,Hombre,Mujer,(18 a 28) Juventud,Soacha,Cluster 1
"Intolerancia, machismo",Vivienda,Cabecera municipal,Mujer,Mujer,(00 a 05) Primera Infancia,Soacha,Cluster 1
"Intolerancia, machismo",Vivienda,Cabecera municipal,Mujer,Hombre,(18 a 28) Juventud,Soacha,Cluster 1
"Celos, desconfianza, infidelidad",Vivienda,Cabecera municipal,Mujer,Mujer,(06 a 11) Infancia,Soacha,Cluster 1
Consumo de alcohol y/o sustancias psicoactivas,Vivienda,Cabecera municipal,Mujer,Hombre,(18 a 28) Juventud,Soacha,Cluster 1
"Intolerancia, machismo",Vía pública,Sin información,Mujer,Hombre,(18 a 28) Juventud,Soacha,Cluster 1
"Intolerancia, machismo",Vivienda,Cabecera municipal,Mujer,Hombre,(29 a 59) Adultez,Soacha,Cluster 1
"Intolerancia, machismo",Vivienda,Cabecera municipal,Hombre,Hombre,(29 a 59) Adultez,Soacha,Cluster 1
"Intolerancia, machismo",Vivienda,Cabecera municipal,Mujer,Hombre,(18 a 28) Juventud,Soacha,Cluster 1
"Intolerancia, machismo","Calle (autopista, avenida, dentro de la ciudad)",Sin información,Mujer,Hombre,(18 a 28) Juventud,Soacha,Cluster 2
"Intolerancia, machismo",Vivienda,Cabecera municipal,Mujer,Mujer,(18 a 28) Juventud,Soacha,Cluster 1
"Intolerancia, machismo",Vivienda,Cabecera municipal,Mujer,Hombre,(29 a 59) Adultez,Soacha,Cluster 1
"Intolerancia, machismo",Vivienda,Cabecera municipal,Mujer,Mujer,(12 a 17) Adolescencia,Soacha,Cluster 1
"Intolerancia, machismo",Vivienda,Cabecera municipal,Mujer,Hombre,(29 a 59) Adultez,Soacha,Cluster 1
"Intolerancia, machismo",Vivienda,Cabecera municipal,Mujer,Mujer,(12 a 17) Adolescencia,Soacha,Cluster 1
"Intolerancia, machismo",Vivienda,Cabecera municipal,Hombre,Hombre,(29 a 59) Adultez,Soacha,Cluster 1
"Intolerancia, machismo",Vivienda,Cabecera municipal,Mujer,Hombre,(29 a 59) Adultez,Soacha,Cluster 1
Consumo de alcohol y/o sustancias psicoactivas,Vía pública,Cabecera municipal,Hombre,Hombre,(18 a 28) Juventud,Soacha,Cluster 1
"Intolerancia, machismo",Vivienda,Cabecera municipal,Hombre,Mujer,(29 a 59) Adultez,Soacha,Cluster 1
Consumo de alcohol y/o sustancias psicoactivas,Vivienda,Cabecera municipal,Hombre,Hombre,(29 a 59) Adultez,Soacha,Cluster 1
"Intolerancia, machismo",Vivienda,Cabecera municipal,Mujer,Mujer,(12 a 17) Adolescencia,Soacha,Cluster 1
"Intolerancia, machismo",Vivienda,Cabecera municipal,Hombre,Hombre,(18 a 28) Juventud,Soacha,Cluster 1
"Intolerancia, machismo",Vivienda,Cabecera municipal,Mujer,Hombre,(12 a 17) Adolescencia,Soacha,Cluster 1
"Intolerancia, machismo",Vivienda,Cabecera municipal,Hombre,Hombre,(18 a 28) Juventud,Soacha,Cluster 1
"Intolerancia, machismo",Vía pública,Sin información,Mujer,Mujer,(29 a 59) Adultez,Soacha,Cluster 1
"Intolerancia, machismo","Establecimiento comercial (tienda, centro comercial, almacén, plaza de mercado)",Cabecera municipal,Mujer,Hombre,(12 a 17) Adolescencia,Soacha,Cluster 3
"Intolerancia, machismo","Calle (autopista, avenida, dentro de la ciudad)",Sin información,Hombre,Hombre,(18 a 28) Juventud,Soacha,Cluster 2
"Intolerancia, machismo",Vía pública,Sin información,Mujer,Hombre,(29 a 59) Adultez,Soacha,Cluster 1
"Intolerancia, machismo",Vivienda,Cabecera municipal,Hombre,Hombre,(12 a 17) Adolescencia,Soacha,Cluster 1
Consumo de alcohol y/o sustancias psicoactivas,Vía pública,Cabecera municipal,Mujer,Mujer,(18 a 28) Juventud,Soacha,Cluster 1
"Intolerancia, machismo",Vivienda,Cabecera municipal,Mujer,Hombre,(29 a 59) Adultez,Soacha,Cluster 1
"Intolerancia, machismo",Vivienda,Cabecera municipal,Hombre,Hombre,(Más de 60) Adulto Mayor,Soacha,Cluster 1
Consumo de alcohol y/o sustancias psicoactivas,Vivienda,Parte rural (vereda y campo),Hombre,Hombre,(29 a 59) Adultez,Soacha,Cluster 1
"Intolerancia, machismo",Vía pública,Cabecera municipal,Mujer,Mujer,(29 a 59) Adultez,Soacha,Cluster 1
"Intolerancia, machismo",Vivienda,Cabecera municipal,Mujer,Mujer,(Más de 60) Adulto Mayor,Soacha,Cluster 1
"Intolerancia, machismo",Vivienda,Cabecera municipal,Mujer,Mujer,(29 a 59) Adultez,Cajicá,Cluster 1
"Intolerancia, machismo",Vivienda,Cabecera municipal,Mujer,Hombre,(29 a 59) Adultez,Cajicá,Cluster 1
"Intolerancia, machismo",Vivienda,Cabecera municipal,Mujer,Hombre,(29 a 59) Adultez,Chía,Cluster 1
"Intolerancia, machismo",Vivienda,Cabecera municipal,Mujer,Hombre,(18 a 28) Juventud,Chía,Cluster 1
"Intolerancia, machismo",Vivienda,Cabecera municipal,Hombre,Mujer,(29 a 59) Adultez,Soacha,Cluster 1
"Intolerancia, machismo",Vivienda,Cabecera municipal,Hombre,Hombre,(06 a 11) Infancia,Soacha,Cluster 1
Sin información,Vivienda,Cabecera municipal,Hombre,Sin información,(00 a 05) Primera Infancia,Soacha,Cluster 1
"Intolerancia, machismo",Vivienda,Cabecera municipal,Hombre,Mujer,(06 a 11) Infancia,Soacha,Cluster 1
"Intolerancia, machismo",Vivienda,Cabecera municipal,Hombre,Hombre,(12 a 17) Adolescencia,Soacha,Cluster 1
"Intolerancia, machismo",Vivienda,Cabecera municipal,Mujer,Hombre,(06 a 11) Infancia,Soacha,Cluster 1
"Intolerancia, machismo",Vivienda,Cabecera municipal,Hombre,Hombre,(06 a 11) Infancia,Soacha,Cluster 1
"Intolerancia, machismo",Vivienda,Cabecera municipal,Hombre,Hombre,(06 a 11) Infancia,Girardot,Cluster 1
"Intolerancia, machismo",Vivienda,Cabecera municipal,Hombre,Hombre,(06 a 11) Infancia,Soacha,Cluster 1
"Intolerancia, machismo",Vivienda,Cabecera municipal,Mujer,Hombre,(12 a 17) Adolescencia,Soacha,Cluster 1
"Intolerancia, machismo",Vivienda,Cabecera municipal,Mujer,Hombre,(Más de 60) Adulto Mayor,Soacha,Cluster 1
"Intolerancia, machismo","Calle (autopista, avenida, dentro de la ciudad)",Sin información,Mujer,Hombre,(12 a 17) Adolescencia,Soacha,Cluster 2
"Intolerancia, machismo","Calle (autopista, avenida, dentro de la ciudad)",Cabecera municipal,Hombre,Hombre,(00 a 05) Primera Infancia,Soacha,Cluster 2
Sin información,Vivienda,Cabecera municipal,Mujer,Mujer,(00 a 05) Primera Infancia,Soacha,Cluster 1
Consumo de alcohol y/o sustancias psicoactivas,Vivienda,Cabecera municipal,Hombre,Hombre,(12 a 17) Adolescencia,Soacha,Cluster 1
Sin información,Vivienda,Cabecera municipal,Hombre,Mujer,(00 a 05) Primera Infancia,Soacha,Cluster 1
Sin información,"Calle (autopista, avenida, dentro de la ciudad)",Sin información,Mujer,Hombre,(06 a 11) Infancia,Soacha,Cluster 2
"Intolerancia, machismo",Vivienda,Cabecera municipal,Mujer,Hombre,(12 a 17) Adolescencia,Soacha,Cluster 1
"Intolerancia, machismo",Vivienda,Cabecera municipal,Hombre,Hombre,(12 a 17) Adolescencia,Soacha,Cluster 1
"Intolerancia, machismo","Lugares de hospedaje (hoteles, campamentos y otros tipos de hospedaje no permanente, moteles, etc.)",Cabecera municipal,Hombre,Hombre,(12 a 17) Adolescencia,Soacha,Cluster 3
"Intolerancia, machismo",Vivienda,Cabecera municipal,Mujer,Mujer,(12 a 17) Adolescencia,Soacha,Cluster 1
Sin información,Vivienda,Sin información,Hombre,Mujer,(06 a 11) Infancia,Chía,Cluster 1
"Intolerancia, machismo",Vivienda,"Centro poblado (corregimiento, inspección de policía y caserío)",Mujer,Mujer,(12 a 17) Adolescencia,Soacha,Cluster 1
"Intolerancia, machismo","Lugares de hospedaje (hoteles, campamentos y otros tipos de hospedaje no permanente, moteles, etc.)","Centro poblado (corregimiento, inspección de policía y caserío)",Hombre,Mujer,(12 a 17) Adolescencia,Soacha,Cluster 3
"Intolerancia, machismo",Vivienda,Cabecera municipal,Mujer,Hombre,(12 a 17) Adolescencia,Soacha,Cluster 1
"Intolerancia, machismo",Vivienda,Cabecera municipal,Mujer,Mujer,(06 a 11) Infancia,Soacha,Cluster 1
"Intolerancia, machismo",Vivienda,Cabecera municipal,Mujer,Hombre,(12 a 17) Adolescencia,Soacha,Cluster 1
"Intolerancia, machismo",Vivienda,Cabecera municipal,Hombre,Mujer,(06 a 11) Infancia,Soacha,Cluster 1
"Intolerancia, machismo","Calle (autopista, avenida, dentro de la ciudad)",Sin información,Hombre,Hombre,(00 a 05) Primera Infancia,Soacha,Cluster 2
"Intolerancia, machismo","Lugares de hospedaje (hoteles, campamentos y otros tipos de hospedaje no permanente, moteles, etc.)","Centro poblado (corregimiento, inspección de policía y caserío)",Mujer,Mujer,(06 a 11) Infancia,Soacha,Cluster 3
"Intolerancia, machismo",Vivienda,Cabecera municipal,Mujer,Hombre,(12 a 17) Adolescencia,Soacha,Cluster 1
"Intolerancia, machismo",Vivienda,Cabecera municipal,Mujer,Hombre,(12 a 17) Adolescencia,Soacha,Cluster 1
"Intolerancia, machismo",Vivienda,Cabecera municipal,Hombre,Hombre,(00 a 05) Primera Infancia,Soacha,Cluster 1
"Intolerancia, machismo",Vivienda,Cabecera municipal,Mujer,Hombre,(00 a 05) Primera Infancia,Soacha,Cluster 1
"Intolerancia, machismo",Vivienda,Parte rural (vereda y campo),Hombre,Mujer,(12 a 17) Adolescencia,Chía,Cluster 1
"Intolerancia, machismo",Vivienda,Cabecera municipal,Mujer,Hombre,(06 a 11) Infancia,Soacha,Cluster 1
Sin información,Vivienda,Sin información,Mujer,Mujer,(12 a 17) Adolescencia,Soacha,Cluster 1
Sin información,Vivienda,Sin información,Mujer,Mujer,(12 a 17) Adolescencia,Soacha,Cluster 1
Consumo de alcohol y/o sustancias psicoactivas,Vivienda,Cabecera municipal,Mujer,Hombre,(12 a 17) Adolescencia,Soacha,Cluster 1
"Intolerancia, machismo",Vivienda,Cabecera municipal,Mujer,Mujer,(06 a 11) Infancia,Soacha,Cluster 1
"Intolerancia, machismo",Vivienda,Cabecera municipal,Mujer,Hombre,(12 a 17) Adolescencia,Soacha,Cluster 1
"Intolerancia, machismo",Vivienda,Cabecera municipal,Mujer,Mujer,(12 a 17) Adolescencia,Soacha,Cluster 1
"Intolerancia, machismo",Vivienda,Cabecera municipal,Mujer,Mujer,(12 a 17) Adolescencia,Soacha,Cluster 1
"Intolerancia, machismo",Vivienda,"Centro poblado (corregimiento, inspección de policía y caserío)",Mujer,Hombre,(29 a 59) Adultez,Soacha,Cluster 1
"Intolerancia, machismo","Calle (autopista, avenida, dentro de la ciudad)","Centro poblado (corregimiento, inspección de policía y caserío)",Hombre,Hombre,(29 a 59) Adultez,Cota,Cluster 2
"Intolerancia, machismo",Vivienda,Cabecera municipal,Hombre,Mujer,(18 a 28) Juventud,Soacha,Cluster 1
Abandono,"Calle (autopista, avenida, dentro de la ciudad)",Cabecera municipal,Mujer,Hombre,(12 a 17) Adolescencia,Soacha,Cluster 2
Consumo de alcohol y/o sustancias psicoactivas,Vivienda,Cabecera municipal,Mujer,Hombre,(12 a 17) Adolescencia,Soacha,Cluster 1
"Intolerancia, machismo",Vivienda,Cabecera municipal,Mujer,Hombre,(29 a 59) Adultez,Soacha,Cluster 1
Consumo de alcohol y/o sustancias psicoactivas,Vivienda,Sin información,Mujer,Hombre,(18 a 28) Juventud,Cota,Cluster 1
"Intolerancia, machismo",Vivienda,Cabecera municipal,Mujer,Hombre,(00 a 05) Primera Infancia,Soacha,Cluster 1
Consumo de alcohol y/o sustancias psicoactivas,Vivienda,Cabecera municipal,Mujer,Mujer,(12 a 17) Adolescencia,Guaduas,Cluster 1
"Intolerancia, machismo",Vivienda,Cabecera municipal,Mujer,Hombre,(29 a 59) Adultez,Soacha,Cluster 1
"Intolerancia, machismo",Vivienda,Cabecera municipal,Mujer,Mujer,(29 a 59) Adultez,Soacha,Cluster 1
Sin información,Vivienda,Cabecera municipal,Hombre,Hombre,(29 a 59) Adultez,Soacha,Cluster 1
Sin información,Vivienda,Cabecera municipal,Hombre,Mujer,(29 a 59) Adultez,Soacha,Cluster 1
"Intolerancia, machismo",Vivienda,Cabecera municipal,Mujer,Hombre,(Más de 60) Adulto Mayor,Soacha,Cluster 1
Consumo de alcohol y/o sustancias psicoactivas,Vivienda,Cabecera municipal,Hombre,Sin información,(29 a 59) Adultez,Soacha,Cluster 1
"Intolerancia, machismo",Vivienda,Cabecera municipal,Hombre,Hombre,(29 a 59) Adultez,Soacha,Cluster 1
Sin información,Vivienda,Cabecera municipal,Mujer,Sin información,(18 a 28) Juventud,Soacha,Cluster 1
Sin información,Vivienda,Cabecera municipal,Hombre,Sin información,(18 a 28) Juventud,Soacha,Cluster 1
"Intolerancia, machismo","Calle (autopista, avenida, dentro de la ciudad)",Cabecera municipal,Hombre,Hombre,(29 a 59) Adultez,Soacha,Cluster 2
"Intolerancia, machismo",Vía pública,Parte rural (vereda y campo),Mujer,Mujer,(29 a 59) Adultez,Pacho,Cluster 1
"Intolerancia, machismo",Vivienda,Cabecera municipal,Hombre,Mujer,(29 a 59) Adultez,Soacha,Cluster 1
"Intolerancia, machismo",Vivienda,Cabecera municipal,Mujer,Hombre,(29 a 59) Adultez,Soacha,Cluster 1
"Intolerancia, machismo","Establecimiento comercial (tienda, centro comercial, almacén, plaza de mercado)",Cabecera municipal,Mujer,Hombre,(29 a 59) Adultez,Soacha,Cluster 3
Consumo de alcohol y/o sustancias psicoactivas,Vivienda,Cabecera municipal,Mujer,Mujer,(29 a 59) Adultez,Soacha,Cluster 1
Consumo de alcohol y/o sustancias psicoactivas,Vivienda,Cabecera municipal,Hombre,Mujer,(18 a 28) Juventud,Soacha,Cluster 1
Económicas,Vivienda,Cabecera municipal,Hombre,Hombre,(Más de 60) Adulto Mayor,Soacha,Cluster 1
Sin información,Vivienda,Cabecera municipal,Hombre,Hombre,(29 a 59) Adultez,Soacha,Cluster 1
Sin información,Vivienda,Cabecera municipal,Hombre,Mujer,(29 a 59) Adultez,Soacha,Cluster 1
"Intolerancia, machismo",Vivienda,Sin información,Hombre,Hombre,(29 a 59) Adultez,Soacha,Cluster 1
"Intolerancia, machismo",Vivienda,Cabecera municipal,Mujer,Hombre,(18 a 28) Juventud,Soacha,Cluster 1
"Intolerancia, machismo",Vivienda,Cabecera municipal,Mujer,Hombre,(18 a 28) Juventud,Soacha,Cluster 1
"Intolerancia, machismo",Vivienda,Sin información,Mujer,Hombre,(18 a 28) Juventud,Soacha,Cluster 1
"Intolerancia, machismo",Vivienda,Cabecera municipal,Mujer,Hombre,(18 a 28) Juventud,Soacha,Cluster 1
"Intolerancia, machismo",Vivienda,Cabecera municipal,Mujer,Mujer,(18 a 28) Juventud,Soacha,Cluster 1
Consumo de alcohol y/o sustancias psicoactivas,Vivienda,Cabecera municipal,Mujer,Hombre,(29 a 59) Adultez,Soacha,Cluster 1
Sin información,Vivienda,Cabecera municipal,Mujer,Hombre,(29 a 59) Adultez,Soacha,Cluster 1
Consumo de alcohol y/o sustancias psicoactivas,Vivienda,Cabecera municipal,Hombre,Hombre,(29 a 59) Adultez,Soacha,Cluster 1
"Intolerancia, machismo",Vivienda,Cabecera municipal,Mujer,Hombre,(29 a 59) Adultez,Soacha,Cluster 1
"Intolerancia, machismo",Vivienda,Cabecera municipal,Hombre,Mujer,(29 a 59) Adultez,Soacha,Cluster 1
"Intolerancia, machismo",Vivienda,Cabecera municipal,Mujer,Hombre,(18 a 28) Juventud,Soacha,Cluster 1
"Intolerancia, machismo",Vivienda,Cabecera municipal,Hombre,Mujer,(29 a 59) Adultez,Soacha,Cluster 1
Consumo de alcohol y/o sustancias psicoactivas,Vivienda,Cabecera municipal,Hombre,Hombre,(29 a 59) Adultez,Soacha,Cluster 1
Sin información,Vivienda,Sin información,Hombre,Hombre,(18 a 28) Juventud,Soacha,Cluster 1
"Intolerancia, machismo","Calle (autopista, avenida, dentro de la ciudad)",Sin información,Hombre,Mujer,(Más de 60) Adulto Mayor,Girardot,Cluster 2
Sin información,Vivienda,Cabecera municipal,Mujer,Hombre,(29 a 59) Adultez,Soacha,Cluster 1
"Intolerancia, machismo","Calle (autopista, avenida, dentro de la ciudad)",Cabecera municipal,Mujer,Mujer,(29 a 59) Adultez,Soacha,Cluster 2
"Intolerancia, machismo","Calle (autopista, avenida, dentro de la ciudad)",Cabecera municipal,Mujer,Mujer,(18 a 28) Juventud,Soacha,Cluster 2
"Intolerancia, machismo","Calle (autopista, avenida, dentro de la ciudad)",Cabecera municipal,Mujer,Mujer,(29 a 59) Adultez,Soacha,Cluster 2
"Intolerancia, machismo",Vivienda,Cabecera municipal,Hombre,Hombre,(Más de 60) Adulto Mayor,Soacha,Cluster 1
"Intolerancia, machismo",Vivienda,"Centro poblado (corregimiento, inspección de policía y caserío)",Hombre,Hombre,(06 a 11) Infancia,Girardot,Cluster 1
"Intolerancia, machismo",Vivienda,Cabecera municipal,Mujer,Mujer,(12 a 17) Adolescencia,Soacha,Cluster 1
"Intolerancia, machismo",Vivienda,"Centro poblado (corregimiento, inspección de policía y caserío)",Mujer,Hombre,(18 a 28) Juventud,Cajicá,Cluster 1
"Intolerancia, machismo",Vivienda,"Centro poblado (corregimiento, inspección de policía y caserío)",Hombre,Hombre,(18 a 28) Juventud,Cajicá,Cluster 1
"Intolerancia, machismo",Vivienda,"Centro poblado (corregimiento, inspección de policía y caserío)",Hombre,Hombre,(12 a 17) Adolescencia,Cajicá,Cluster 1
Consumo de alcohol y/o sustancias psicoactivas,Lugares de esparcimiento con expendio de alcohol,Parte rural (vereda y campo),Hombre,Hombre,(29 a 59) Adultez,Cajicá,Cluster 3
Otras razones,Vivienda,"Centro poblado (corregimiento, inspección de policía y caserío)",Hombre,Mujer,(Más de 60) Adulto Mayor,Cajicá,Cluster 1
Otras razones,Centros educativos,Parte rural (vereda y campo),Hombre,Hombre,(12 a 17) Adolescencia,Cajicá,Cluster 2
Abandono,"Calle (autopista, avenida, dentro de la ciudad)","Centro poblado (corregimiento, inspección de policía y caserío)",Mujer,Hombre,(00 a 05) Primera Infancia,Cajicá,Cluster 2
"Intolerancia, machismo","Calle (autopista, avenida, dentro de la ciudad)","Centro poblado (corregimiento, inspección de policía y caserío)",Hombre,Hombre,(12 a 17) Adolescencia,Cajicá,Cluster 2
"Intolerancia, machismo",Vivienda,"Centro poblado (corregimiento, inspección de policía y caserío)",Hombre,Hombre,(18 a 28) Juventud,Cajicá,Cluster 1
Consumo de alcohol y/o sustancias psicoactivas,Vivienda,Parte rural (vereda y campo),Hombre,Hombre,(29 a 59) Adultez,Cajicá,Cluster 1
Consumo de alcohol y/o sustancias psicoactivas,Vivienda,Parte rural (vereda y campo),Hombre,Hombre,(29 a 59) Adultez,Cajicá,Cluster 1
"Intolerancia, machismo",Vivienda,"Centro poblado (corregimiento, inspección de policía y caserío)",Mujer,Mujer,(29 a 59) Adultez,Cajicá,Cluster 1
Consumo de alcohol y/o sustancias psicoactivas,Vivienda,Parte rural (vereda y campo),Mujer,Hombre,(Más de 60) Adulto Mayor,Cajicá,Cluster 1
"Intolerancia, machismo",Vivienda,Parte rural (vereda y campo),Mujer,Hombre,(29 a 59) Adultez,Cajicá,Cluster 1
"Intolerancia, machismo",Vivienda,Parte rural (vereda y campo),Mujer,Mujer,(12 a 17) Adolescencia,Cajicá,Cluster 1
"Intolerancia, machismo","Calle (autopista, avenida, dentro de la ciudad)","Centro poblado (corregimiento, inspección de policía y caserío)",Hombre,Hombre,(Más de 60) Adulto Mayor,Cajicá,Cluster 2
Consumo de alcohol y/o sustancias psicoactivas,Vivienda,"Centro poblado (corregimiento, inspección de policía y caserío)",Hombre,Hombre,(29 a 59) Adultez,Cajicá,Cluster 1
Consumo de alcohol y/o sustancias psicoactivas,Vivienda,Parte rural (vereda y campo),Hombre,Hombre,(18 a 28) Juventud,Cajicá,Cluster 1
"Intolerancia, machismo",Vivienda,"Centro poblado (corregimiento, inspección de policía y caserío)",Mujer,Mujer,(12 a 17) Adolescencia,Cajicá,Cluster 1
"Intolerancia, machismo",Vivienda,Parte rural (vereda y campo),Mujer,Hombre,(18 a 28) Juventud,Cajicá,Cluster 1
"Intolerancia, machismo",Vivienda,Parte rural (vereda y campo),Hombre,Mujer,(06 a 11) Infancia,Cajicá,Cluster 1
Otras razones,Vivienda,Parte rural (vereda y campo),Hombre,Hombre,(06 a 11) Infancia,Cajicá,Cluster 1
"Intolerancia, machismo",Vivienda,Parte rural (vereda y campo),Mujer,Hombre,(12 a 17) Adolescencia,Cajicá,Cluster 1
"Celos, desconfianza, infidelidad",Vivienda,"Centro poblado (corregimiento, inspección de policía y caserío)",Mujer,Hombre,(06 a 11) Infancia,Cajicá,Cluster 1
Consumo de alcohol y/o sustancias psicoactivas,Vivienda,"Centro poblado (corregimiento, inspección de policía y caserío)",Hombre,Hombre,(06 a 11) Infancia,Cajicá,Cluster 1
"Intolerancia, machismo","Calle (autopista, avenida, dentro de la ciudad)","Centro poblado (corregimiento, inspección de policía y caserío)",Hombre,Hombre,(29 a 59) Adultez,Cajicá,Cluster 2
"Intolerancia, machismo",Vivienda,Parte rural (vereda y campo),Hombre,Mujer,(00 a 05) Primera Infancia,Cajicá,Cluster 1
"Intolerancia, machismo",Vivienda,"Centro poblado (corregimiento, inspección de policía y caserío)",Mujer,Hombre,(29 a 59) Adultez,Cajicá,Cluster 1
Otras razones,Vivienda,Parte rural (vereda y campo),Mujer,Hombre,(12 a 17) Adolescencia,Cajicá,Cluster 1
"Intolerancia, machismo",Vivienda,Cabecera municipal,Mujer,Mujer,(06 a 11) Infancia,Cajicá,Cluster 1
"Intolerancia, machismo",Vivienda,"Centro poblado (corregimiento, inspección de policía y caserío)",Mujer,Mujer,(29 a 59) Adultez,Cajicá,Cluster 1
Otras razones,Vivienda,Parte rural (vereda y campo),Mujer,Mujer,(29 a 59) Adultez,Cajicá,Cluster 1
"Intolerancia, machismo",Vivienda,Parte rural (vereda y campo),Mujer,Hombre,(29 a 59) Adultez,Cajicá,Cluster 1
"Intolerancia, machismo",Vivienda,Parte rural (vereda y campo),Hombre,Mujer,(12 a 17) Adolescencia,Cajicá,Cluster 1
"Intolerancia, machismo",Vivienda,Parte rural (vereda y campo),Hombre,Mujer,(12 a 17) Adolescencia,Cajicá,Cluster 1
"Intolerancia, machismo",Vivienda,Parte rural (vereda y campo),Mujer,Mujer,(18 a 28) Juventud,Cajicá,Cluster 1
"Intolerancia, machismo",Vivienda,Cabecera municipal,Mujer,Mujer,(29 a 59) Adultez,Cajicá,Cluster 1
"Intolerancia, machismo",Vivienda,"Centro poblado (corregimiento, inspección de policía y caserío)",Hombre,Hombre,(29 a 59) Adultez,Cajicá,Cluster 1
Otras razones,Vivienda,Parte rural (vereda y campo),Mujer,Hombre,(29 a 59) Adultez,Cajicá,Cluster 1
Otras razones,Vivienda,"Centro poblado (corregimiento, inspección de policía y caserío)",Mujer,Mujer,(18 a 28) Juventud,Cajicá,Cluster 1
"Intolerancia, machismo",Vivienda,Cabecera municipal,Hombre,Hombre,(18 a 28) Juventud,Cajicá,Cluster 1
"Intolerancia, machismo","Calle (autopista, avenida, dentro de la ciudad)",Parte rural (vereda y campo),Mujer,Mujer,(12 a 17) Adolescencia,Cajicá,Cluster 2
"Intolerancia, machismo",Vivienda,Cabecera municipal,Hombre,Hombre,(18 a 28) Juventud,Cajicá,Cluster 1
"Intolerancia, machismo",Vivienda,"Centro poblado (corregimiento, inspección de policía y caserío)",Mujer,Mujer,(12 a 17) Adolescencia,Cajicá,Cluster 1
Sin información,Vivienda,Parte rural (vereda y campo),Mujer,Mujer,(29 a 59) Adultez,Cajicá,Cluster 1
"Intolerancia, machismo",Vivienda,"Centro poblado (corregimiento, inspección de policía y caserío)",Mujer,Mujer,(29 a 59) Adultez,Cajicá,Cluster 1
"Intolerancia, machismo",Vivienda,Cabecera municipal,Mujer,Hombre,(Más de 60) Adulto Mayor,Cajicá,Cluster 1
"Celos, desconfianza, infidelidad","Calle (autopista, avenida, dentro de la ciudad)",Sin información,Mujer,Mujer,(18 a 28) Juventud,Cajicá,Cluster 2
"Intolerancia, machismo",Vivienda,Cabecera municipal,Mujer,Hombre,(29 a 59) Adultez,Guaduas,Cluster 1
"Intolerancia, machismo",Vivienda,Cabecera municipal,Hombre,Mujer,(12 a 17) Adolescencia,Guaduas,Cluster 1
"Intolerancia, machismo",Otros,Cabecera municipal,Hombre,Mujer,(18 a 28) Juventud,Chía,Cluster 3
Otras razones,"Lugares de hospedaje (hoteles, campamentos y otros tipos de hospedaje no permanente, moteles, etc.)",Cabecera municipal,Mujer,Mujer,(29 a 59) Adultez,Chía,Cluster 3
Otras razones,"Lugares de hospedaje (hoteles, campamentos y otros tipos de hospedaje no permanente, moteles, etc.)",Cabecera municipal,Mujer,Mujer,(29 a 59) Adultez,Chía,Cluster 3
"Intolerancia, machismo",Vivienda,Cabecera municipal,Hombre,Hombre,(12 a 17) Adolescencia,Chía,Cluster 1
"Intolerancia, machismo",Vivienda,Cabecera municipal,Mujer,Hombre,(29 a 59) Adultez,Chía,Cluster 1
"Intolerancia, machismo","Calle (autopista, avenida, dentro de la ciudad)","Centro poblado (corregimiento, inspección de policía y caserío)",Mujer,Mujer,(29 a 59) Adultez,Chía,Cluster 2
"Intolerancia, machismo","Lugares de hospedaje (hoteles, campamentos y otros tipos de hospedaje no permanente, moteles, etc.)",Parte rural (vereda y campo),Hombre,Mujer,(29 a 59) Adultez,Chía,Cluster 3
"Intolerancia, machismo","Calle (autopista, avenida, dentro de la ciudad)","Centro poblado (corregimiento, inspección de policía y caserío)",Mujer,Mujer,(18 a 28) Juventud,Chía,Cluster 2
"Intolerancia, machismo","Calle (autopista, avenida, dentro de la ciudad)","Centro poblado (corregimiento, inspección de policía y caserío)",Mujer,Mujer,(18 a 28) Juventud,Chía,Cluster 2
"Intolerancia, machismo","Calle (autopista, avenida, dentro de la ciudad)","Centro poblado (corregimiento, inspección de policía y caserío)",Hombre,Mujer,(29 a 59) Adultez,Chía,Cluster 2
Sin información,"Calle (autopista, avenida, dentro de la ciudad)",Sin información,Mujer,Sin información,(29 a 59) Adultez,Chía,Cluster 2
Sin información,Vivienda,Parte rural (vereda y campo),Mujer,Mujer,(18 a 28) Juventud,Chía,Cluster 1
"Intolerancia, machismo","Lugares de hospedaje (hoteles, campamentos y otros tipos de hospedaje no permanente, moteles, etc.)",Cabecera municipal,Mujer,Hombre,(29 a 59) Adultez,Chía,Cluster 3
"Intolerancia, machismo","Calle (autopista, avenida, dentro de la ciudad)",Parte rural (vereda y campo),Mujer,Mujer,(29 a 59) Adultez,Chía,Cluster 2
"Intolerancia, machismo",Centros educativos,"Centro poblado (corregimiento, inspección de policía y caserío)",Mujer,Mujer,(12 a 17) Adolescencia,Chía,Cluster 2
Otras razones,Vivienda,Cabecera municipal,Mujer,Hombre,(12 a 17) Adolescencia,Cota,Cluster 1
"Intolerancia, machismo",Centros educativos,Parte rural (vereda y campo),Hombre,Hombre,(06 a 11) Infancia,Chía,Cluster 2
"Intolerancia, machismo",Sin Información,Parte rural (vereda y campo),Mujer,Mujer,(29 a 59) Adultez,Chía,Cluster 3
"Intolerancia, machismo","Calle (autopista, avenida, dentro de la ciudad)",Cabecera municipal,Mujer,Mujer,(12 a 17) Adolescencia,Chía,Cluster 2
"Intolerancia, machismo","Lugares de hospedaje (hoteles, campamentos y otros tipos de hospedaje no permanente, moteles, etc.)",Parte rural (vereda y campo),Hombre,Mujer,(12 a 17) Adolescencia,Chía,Cluster 3
Consumo de alcohol y/o sustancias psicoactivas,Vivienda,Parte rural (vereda y campo),Hombre,Hombre,(18 a 28) Juventud,Chía,Cluster 1
Consumo de alcohol y/o sustancias psicoactivas,"Lugares de hospedaje (hoteles, campamentos y otros tipos de hospedaje no permanente, moteles, etc.)",Parte rural (vereda y campo),Hombre,Hombre,(29 a 59) Adultez,Chía,Cluster 3
Consumo de alcohol y/o sustancias psicoactivas,"Lugares de hospedaje (hoteles, campamentos y otros tipos de hospedaje no permanente, moteles, etc.)",Parte rural (vereda y campo),Hombre,Hombre,(29 a 59) Adultez,Chía,Cluster 3
"Intolerancia, machismo",Sin Información,Parte rural (vereda y campo),Mujer,Mujer,(29 a 59) Adultez,Chía,Cluster 3
"Intolerancia, machismo",Vivienda,Parte rural (vereda y campo),Hombre,Hombre,(18 a 28) Juventud,Chía,Cluster 1
"Intolerancia, machismo",Vivienda,"Centro poblado (corregimiento, inspección de policía y caserío)",Hombre,Hombre,(06 a 11) Infancia,Chía,Cluster 1
"Intolerancia, machismo",Vivienda,"Centro poblado (corregimiento, inspección de policía y caserío)",Mujer,Hombre,(29 a 59) Adultez,Chía,Cluster 1
Económicas,Vivienda,"Centro poblado (corregimiento, inspección de policía y caserío)",Mujer,Mujer,(Más de 60) Adulto Mayor,Chía,Cluster 1
"Intolerancia, machismo",Vivienda,"Centro poblado (corregimiento, inspección de policía y caserío)",Hombre,Mujer,(29 a 59) Adultez,Chía,Cluster 1
"Intolerancia, machismo",Vivienda,"Centro poblado (corregimiento, inspección de policía y caserío)",Hombre,Mujer,(29 a 59) Adultez,Chía,Cluster 1
"Intolerancia, machismo","Establecimiento comercial (tienda, centro comercial, almacén, plaza de mercado)","Centro poblado (corregimiento, inspección de policía y caserío)",Mujer,Hombre,(12 a 17) Adolescencia,Chía,Cluster 3
"Intolerancia, machismo","Establecimiento comercial (tienda, centro comercial, almacén, plaza de mercado)","Centro poblado (corregimiento, inspección de policía y caserío)",Hombre,Hombre,(12 a 17) Adolescencia,Chía,Cluster 3
"Intolerancia, machismo",Vivienda,Cabecera municipal,Mujer,Hombre,(29 a 59) Adultez,Chía,Cluster 1
"Intolerancia, machismo",Vivienda,Parte rural (vereda y campo),Mujer,Hombre,(29 a 59) Adultez,Chía,Cluster 1
Consumo de alcohol y/o sustancias psicoactivas,Vivienda,Parte rural (vereda y campo),Hombre,Hombre,(29 a 59) Adultez,Chía,Cluster 1
"Intolerancia, machismo",Vivienda,Parte rural (vereda y campo),Hombre,Hombre,(06 a 11) Infancia,Chía,Cluster 1
"Celos, desconfianza, infidelidad",Vivienda,Cabecera municipal,Hombre,Hombre,(12 a 17) Adolescencia,Chía,Cluster 1
Consumo de alcohol y/o sustancias psicoactivas,"Calle (autopista, avenida, dentro de la ciudad)",Parte rural (vereda y campo),Hombre,Hombre,(12 a 17) Adolescencia,Cota,Cluster 2
"Intolerancia, machismo",Vivienda,Parte rural (vereda y campo),Mujer,Hombre,(29 a 59) Adultez,Chía,Cluster 1
"Intolerancia, machismo",Vivienda,Parte rural (vereda y campo),Mujer,Hombre,(29 a 59) Adultez,Cota,Cluster 1
Consumo de alcohol y/o sustancias psicoactivas,Vivienda,Parte rural (vereda y campo),Mujer,Hombre,(29 a 59) Adultez,Chía,Cluster 1
Sin información,Centros educativos,Sin información,Mujer,Sin información,(12 a 17) Adolescencia,Chía,Cluster 2
Sin información,"Establecimiento comercial (tienda, centro comercial, almacén, plaza de mercado)",Cabecera municipal,Mujer,Hombre,(29 a 59) Adultez,Chía,Cluster 3
"Intolerancia, machismo",Taller,Cabecera municipal,Hombre,Mujer,(29 a 59) Adultez,Chía,Cluster 1
"Intolerancia, machismo",Vivienda,Cabecera municipal,Hombre,Hombre,(Más de 60) Adulto Mayor,Cota,Cluster 1
Otras razones,"Lugares de hospedaje (hoteles, campamentos y otros tipos de hospedaje no permanente, moteles, etc.)",Parte rural (vereda y campo),Hombre,Mujer,(06 a 11) Infancia,Chía,Cluster 3
Consumo de alcohol y/o sustancias psicoactivas,"Calle (autopista, avenida, dentro de la ciudad)",Cabecera municipal,Hombre,Hombre,(12 a 17) Adolescencia,Cota,Cluster 2
Otras razones,Vivienda,Parte rural (vereda y campo),Hombre,Mujer,(06 a 11) Infancia,Cota,Cluster 1
Consumo de alcohol y/o sustancias psicoactivas,Vivienda,Parte rural (vereda y campo),Mujer,Hombre,(29 a 59) Adultez,Chía,Cluster 1
Otras razones,Vivienda,Cabecera municipal,Hombre,Mujer,(00 a 05) Primera Infancia,Chía,Cluster 1
"Intolerancia, machismo",Vivienda,Cabecera municipal,Hombre,Mujer,(29 a 59) Adultez,Chía,Cluster 1
"Intolerancia, machismo","Lugares de hospedaje (hoteles, campamentos y otros tipos de hospedaje no permanente, moteles, etc.)",Parte rural (vereda y campo),Mujer,Mujer,(12 a 17) Adolescencia,Chía,Cluster 3
Sin información,Vivienda,Cabecera municipal,Mujer,Hombre,(12 a 17) Adolescencia,Cota,Cluster 1
"Intolerancia, machismo",Centros educativos,Cabecera municipal,Mujer,Mujer,(06 a 11) Infancia,Cota,Cluster 2
"Intolerancia, machismo",Vivienda,Parte rural (vereda y campo),Mujer,Hombre,(06 a 11) Infancia,Chía,Cluster 1
"Intolerancia, machismo",Vivienda,Parte rural (vereda y campo),Hombre,Hombre,(12 a 17) Adolescencia,Chía,Cluster 1
Otras razones,"Lugares de hospedaje (hoteles, campamentos y otros tipos de hospedaje no permanente, moteles, etc.)",Cabecera municipal,Hombre,Mujer,(29 a 59) Adultez,Chía,Cluster 3
Otras razones,"Lugares de hospedaje (hoteles, campamentos y otros tipos de hospedaje no permanente, moteles, etc.)",Cabecera municipal,Mujer,Mujer,(18 a 28) Juventud,Chía,Cluster 3
"Intolerancia, machismo",Vivienda,"Centro poblado (corregimiento, inspección de policía y caserío)",Hombre,Mujer,(Más de 60) Adulto Mayor,Chía,Cluster 1
"Intolerancia, machismo",Vivienda,Sin información,Mujer,Mujer,(06 a 11) Infancia,Chía,Cluster 1
"Intolerancia, machismo",Vivienda,Sin información,Mujer,Mujer,(06 a 11) Infancia,Chía,Cluster 1
"Intolerancia, machismo","Calle (autopista, avenida, dentro de la ciudad)",Sin información,Mujer,Mujer,(29 a 59) Adultez,Chía,Cluster 2
Consumo de alcohol y/o sustancias psicoactivas,Vivienda,Sin información,Hombre,Hombre,(29 a 59) Adultez,Chía,Cluster 1
Consumo de alcohol y/o sustancias psicoactivas,Vivienda,Parte rural (vereda y campo),Mujer,Hombre,(29 a 59) Adultez,Chía,Cluster 1
Consumo de alcohol y/o sustancias psicoactivas,Vivienda,Cabecera municipal,Hombre,Hombre,(29 a 59) Adultez,Chía,Cluster 1
"Intolerancia, machismo",Vivienda,Parte rural (vereda y campo),Hombre,Hombre,(18 a 28) Juventud,Chía,Cluster 1
Consumo de alcohol y/o sustancias psicoactivas,Vivienda,Cabecera municipal,Mujer,Hombre,(18 a 28) Juventud,Cota,Cluster 1
Consumo de alcohol y/o sustancias psicoactivas,"Lugares de hospedaje (hoteles, campamentos y otros tipos de hospedaje no permanente, moteles, etc.)",Parte rural (vereda y campo),Mujer,Mujer,(18 a 28) Juventud,Cota,Cluster 3
Otras razones,"Calle (autopista, avenida, dentro de la ciudad)","Centro poblado (corregimiento, inspección de policía y caserío)",Mujer,Mujer,(29 a 59) Adultez,Cota,Cluster 2
"Intolerancia, machismo",Vivienda,"Centro poblado (corregimiento, inspección de policía y caserío)",Mujer,Mujer,(12 a 17) Adolescencia,Chía,Cluster 1
"Intolerancia, machismo",Vivienda,"Centro poblado (corregimiento, inspección de policía y caserío)",Mujer,Hombre,(12 a 17) Adolescencia,Chía,Cluster 1
"Intolerancia, machismo",Vivienda,"Centro poblado (corregimiento, inspección de policía y caserío)",Mujer,Hombre,(12 a 17) Adolescencia,Chía,Cluster 1
Sin información,Vivienda,"Centro poblado (corregimiento, inspección de policía y caserío)",Mujer,Mujer,(00 a 05) Primera Infancia,Chía,Cluster 1
Sin información,Vivienda,"Centro poblado (corregimiento, inspección de policía y caserío)",Hombre,Mujer,(00 a 05) Primera Infancia,Chía,Cluster 1
Consumo de alcohol y/o sustancias psicoactivas,"Calle (autopista, avenida, dentro de la ciudad)",Cabecera municipal,Hombre,Hombre,(29 a 59) Adultez,Chía,Cluster 2
Otras razones,Vivienda,Parte rural (vereda y campo),Mujer,Mujer,(12 a 17) Adolescencia,Chía,Cluster 1
"Intolerancia, machismo",Vivienda,Sin información,Mujer,Hombre,(00 a 05) Primera Infancia,Chía,Cluster 1
Consumo de alcohol y/o sustancias psicoactivas,Vivienda,Parte rural (vereda y campo),Mujer,Hombre,(29 a 59) Adultez,Chía,Cluster 1
"Intolerancia, machismo",Vivienda,Parte rural (vereda y campo),Hombre,Hombre,(29 a 59) Adultez,Chía,Cluster 1
"Intolerancia, machismo",Vivienda,Parte rural (vereda y campo),Hombre,Hombre,(29 a 59) Adultez,Chía,Cluster 1
"Intolerancia, machismo",Vivienda,"Centro poblado (corregimiento, inspección de policía y caserío)",Hombre,Mujer,(06 a 11) Infancia,Chía,Cluster 1
"Intolerancia, machismo",Vivienda,"Centro poblado (corregimiento, inspección de policía y caserío)",Mujer,Hombre,(12 a 17) Adolescencia,Chía,Cluster 1
"Intolerancia, machismo",Vivienda,"Centro poblado (corregimiento, inspección de policía y caserío)",Mujer,Hombre,(18 a 28) Juventud,Chía,Cluster 1
"Intolerancia, machismo","Lugares de hospedaje (hoteles, campamentos y otros tipos de hospedaje no permanente, moteles, etc.)",Cabecera municipal,Hombre,Mujer,(12 a 17) Adolescencia,Chía,Cluster 3
"Intolerancia, machismo",Vivienda,Parte rural (vereda y campo),Mujer,Hombre,(00 a 05) Primera Infancia,Chía,Cluster 1
"Intolerancia, machismo",Vivienda,Parte rural (vereda y campo),Hombre,Hombre,(06 a 11) Infancia,Chía,Cluster 1
"Intolerancia, machismo",Áreas deportivas y/o recreativas,Sin información,Hombre,Hombre,(12 a 17) Adolescencia,Chía,Cluster 1
"Intolerancia, machismo",Vivienda,Cabecera municipal,Hombre,Mujer,(06 a 11) Infancia,Cota,Cluster 1
"Intolerancia, machismo","Calle (autopista, avenida, dentro de la ciudad)","Centro poblado (corregimiento, inspección de policía y caserío)",Hombre,Hombre,(29 a 59) Adultez,Chía,Cluster 2
"Intolerancia, machismo",Vivienda,Sin información,Mujer,Mujer,(12 a 17) Adolescencia,Chía,Cluster 1
"Intolerancia, machismo",Vivienda,Sin información,Mujer,Mujer,(12 a 17) Adolescencia,Chía,Cluster 1
Consumo de alcohol y/o sustancias psicoactivas,"Calle (autopista, avenida, dentro de la ciudad)",Cabecera municipal,Mujer,Mujer,(18 a 28) Juventud,Chía,Cluster 2
"Intolerancia, machismo",Vivienda,Parte rural (vereda y campo),Mujer,Mujer,(12 a 17) Adolescencia,Cota,Cluster 1
"Intolerancia, machismo",Vivienda,Cabecera municipal,Hombre,Hombre,(06 a 11) Infancia,Chía,Cluster 1
"Intolerancia, machismo",Vivienda,"Centro poblado (corregimiento, inspección de policía y caserío)",Mujer,Mujer,(Más de 60) Adulto Mayor,Chía,Cluster 1
"Intolerancia, machismo",Vivienda,Parte rural (vereda y campo),Hombre,Hombre,(Más de 60) Adulto Mayor,Cota,Cluster 1
Consumo de alcohol y/o sustancias psicoactivas,"Lugares de hospedaje (hoteles, campamentos y otros tipos de hospedaje no permanente, moteles, etc.)",Cabecera municipal,Mujer,Hombre,(12 a 17) Adolescencia,Chía,Cluster 3
"Intolerancia, machismo",Vivienda,Parte rural (vereda y campo),Mujer,Mujer,(29 a 59) Adultez,Chía,Cluster 1
"Intolerancia, machismo","Calle (autopista, avenida, dentro de la ciudad)","Centro poblado (corregimiento, inspección de policía y caserío)",Hombre,Hombre,(29 a 59) Adultez,Chía,Cluster 2
"Intolerancia, machismo","Establecimiento comercial (tienda, centro comercial, almacén, plaza de mercado)",Parte rural (vereda y campo),Mujer,Hombre,(18 a 28) Juventud,Chía,Cluster 3
"Intolerancia, machismo","Establecimiento comercial (tienda, centro comercial, almacén, plaza de mercado)",Sin información,Hombre,Hombre,(18 a 28) Juventud,Chía,Cluster 3
"Celos, desconfianza, infidelidad",Vivienda,"Centro poblado (corregimiento, inspección de policía y caserío)",Mujer,Hombre,(00 a 05) Primera Infancia,Chía,Cluster 1
"Celos, desconfianza, infidelidad",Vivienda,"Centro poblado (corregimiento, inspección de policía y caserío)",Mujer,Hombre,(06 a 11) Infancia,Chía,Cluster 1
Consumo de alcohol y/o sustancias psicoactivas,Vivienda,Parte rural (vereda y campo),Mujer,Hombre,(18 a 28) Juventud,Cota,Cluster 1
"Intolerancia, machismo",Vivienda,Parte rural (vereda y campo),Mujer,Mujer,(29 a 59) Adultez,Cota,Cluster 1
"Intolerancia, machismo",Vivienda,Parte rural (vereda y campo),Mujer,Mujer,(18 a 28) Juventud,Cota,Cluster 1
"Intolerancia, machismo",Vivienda,Cabecera municipal,Mujer,Mujer,(12 a 17) Adolescencia,Chía,Cluster 1
"Intolerancia, machismo",Vivienda,Sin información,Mujer,Mujer,(18 a 28) Juventud,Chía,Cluster 1
Económicas,"Calle (autopista, avenida, dentro de la ciudad)",Cabecera municipal,Hombre,Hombre,(18 a 28) Juventud,Chía,Cluster 2
"Intolerancia, machismo","Calle (autopista, avenida, dentro de la ciudad)",Sin información,Hombre,Hombre,(12 a 17) Adolescencia,Chía,Cluster 2
Económicas,"Calle (autopista, avenida, dentro de la ciudad)",Sin información,Hombre,Hombre,(Más de 60) Adulto Mayor,Chía,Cluster 2
"Intolerancia, machismo",Centros educativos,Parte rural (vereda y campo),Hombre,Hombre,(12 a 17) Adolescencia,Cota,Cluster 2
"Intolerancia, machismo","Lugares de hospedaje (hoteles, campamentos y otros tipos de hospedaje no permanente, moteles, etc.)",Parte rural (vereda y campo),Hombre,Hombre,(06 a 11) Infancia,Chía,Cluster 3
"Intolerancia, machismo","Lugares de hospedaje (hoteles, campamentos y otros tipos de hospedaje no permanente, moteles, etc.)",Cabecera municipal,Mujer,Mujer,(18 a 28) Juventud,Chía,Cluster 3
"Intolerancia, machismo","Lugares de hospedaje (hoteles, campamentos y otros tipos de hospedaje no permanente, moteles, etc.)",Sin información,Mujer,Mujer,(18 a 28) Juventud,Chía,Cluster 3
"Intolerancia, machismo",Vivienda,Sin información,Mujer,Hombre,(29 a 59) Adultez,Chía,Cluster 1
"Intolerancia, machismo","Calle (autopista, avenida, dentro de la ciudad)",Parte rural (vereda y campo),Hombre,Hombre,(12 a 17) Adolescencia,Cota,Cluster 2
"Intolerancia, machismo","Calle (autopista, avenida, dentro de la ciudad)","Centro poblado (corregimiento, inspección de policía y caserío)",Mujer,Mujer,(12 a 17) Adolescencia,Cota,Cluster 2
Sin información,Vivienda,Parte rural (vereda y campo),Mujer,Hombre,(00 a 05) Primera Infancia,Chía,Cluster 1
Sin información,Vivienda,Parte rural (vereda y campo),Hombre,Hombre,(12 a 17) Adolescencia,Chía,Cluster 1
Sin información,Vivienda,Parte rural (vereda y campo),Hombre,Hombre,(12 a 17) Adolescencia,Chía,Cluster 1
"Intolerancia, machismo",Vivienda,Sin información,Mujer,Mujer,(12 a 17) Adolescencia,Chía,Cluster 1
"Intolerancia, machismo",Vivienda,Sin información,Mujer,Hombre,(12 a 17) Adolescencia,Cota,Cluster 1
"Intolerancia, machismo","Lugares de hospedaje (hoteles, campamentos y otros tipos de hospedaje no permanente, moteles, etc.)",Cabecera municipal,Hombre,Hombre,(12 a 17) Adolescencia,Cota,Cluster 3
"Intolerancia, machismo",Vivienda,Cabecera municipal,Mujer,Mujer,(29 a 59) Adultez,Chía,Cluster 1
"Intolerancia, machismo",Vivienda,Cabecera municipal,Mujer,Mujer,(29 a 59) Adultez,Chía,Cluster 1
"Intolerancia, machismo","Lugares de hospedaje (hoteles, campamentos y otros tipos de hospedaje no permanente, moteles, etc.)",Sin información,Hombre,Hombre,(06 a 11) Infancia,Soacha,Cluster 3
"Intolerancia, machismo","Lugares de hospedaje (hoteles, campamentos y otros tipos de hospedaje no permanente, moteles, etc.)",Sin información,Hombre,Hombre,(00 a 05) Primera Infancia,Soacha,Cluster 3
"Intolerancia, machismo",Vivienda,Parte rural (vereda y campo),Hombre,Mujer,(12 a 17) Adolescencia,Cota,Cluster 1
Sin información,Sin Información,Sin información,Hombre,Hombre,(00 a 05) Primera Infancia,Chía,Cluster 3
"Intolerancia, machismo",Vivienda,Parte rural (vereda y campo),Mujer,Mujer,(12 a 17) Adolescencia,Chía,Cluster 1
"Intolerancia, machismo",Vivienda,Cabecera municipal,Mujer,Hombre,(29 a 59) Adultez,Chía,Cluster 1
"Celos, desconfianza, infidelidad","Calle (autopista, avenida, dentro de la ciudad)",Parte rural (vereda y campo),Mujer,Mujer,(29 a 59) Adultez,Chía,Cluster 2
"Intolerancia, machismo","Lugares de hospedaje (hoteles, campamentos y otros tipos de hospedaje no permanente, moteles, etc.)",Parte rural (vereda y campo),Mujer,Mujer,(18 a 28) Juventud,Chía,Cluster 3
Otras razones,Centros educativos,Cabecera municipal,Mujer,Mujer,(12 a 17) Adolescencia,Cota,Cluster 2
Consumo de alcohol y/o sustancias psicoactivas,Vivienda,"Centro poblado (corregimiento, inspección de policía y caserío)",Mujer,Hombre,(29 a 59) Adultez,Chía,Cluster 1
Sin información,Vivienda,Parte rural (vereda y campo),Mujer,Hombre,(29 a 59) Adultez,Chía,Cluster 1
Otras razones,"Lugares de hospedaje (hoteles, campamentos y otros tipos de hospedaje no permanente, moteles, etc.)",Parte rural (vereda y campo),Hombre,Hombre,(12 a 17) Adolescencia,Cota,Cluster 3
"Intolerancia, machismo",Vivienda,Sin información,Hombre,Hombre,(12 a 17) Adolescencia,Chía,Cluster 1
Consumo de alcohol y/o sustancias psicoactivas,"Lugares de hospedaje (hoteles, campamentos y otros tipos de hospedaje no permanente, moteles, etc.)",Parte rural (vereda y campo),Mujer,Hombre,(12 a 17) Adolescencia,Chía,Cluster 3
Otras razones,Otros,Parte rural (vereda y campo),Mujer,Hombre,(12 a 17) Adolescencia,Chía,Cluster 3
"Intolerancia, machismo",Vivienda,Sin información,Mujer,Mujer,(06 a 11) Infancia,Chía,Cluster 1
Sin información,Vivienda,Parte rural (vereda y campo),Hombre,Mujer,(06 a 11) Infancia,Chía,Cluster 1
Sin información,Vivienda,Parte rural (vereda y campo),Hombre,Hombre,(12 a 17) Adolescencia,Chía,Cluster 1
"Celos, desconfianza, infidelidad","Calle (autopista, avenida, dentro de la ciudad)",Cabecera municipal,Mujer,Mujer,(12 a 17) Adolescencia,Cota,Cluster 2
"Intolerancia, machismo",Vivienda,"Centro poblado (corregimiento, inspección de policía y caserío)",Hombre,Mujer,(06 a 11) Infancia,Chía,Cluster 1
Sin información,"Lugares de hospedaje (hoteles, campamentos y otros tipos de hospedaje no permanente, moteles, etc.)",Cabecera municipal,Mujer,Hombre,(06 a 11) Infancia,Cota,Cluster 3
Otras razones,"Lugares de hospedaje (hoteles, campamentos y otros tipos de hospedaje no permanente, moteles, etc.)",Cabecera municipal,Hombre,Hombre,(12 a 17) Adolescencia,Cota,Cluster 3
"Intolerancia, machismo","Lugares de hospedaje (hoteles, campamentos y otros tipos de hospedaje no permanente, moteles, etc.)",Sin información,Mujer,Mujer,(18 a 28) Juventud,Chía,Cluster 3
"Celos, desconfianza, infidelidad","Lugares de hospedaje (hoteles, campamentos y otros tipos de hospedaje no permanente, moteles, etc.)",Parte rural (vereda y campo),Mujer,Hombre,(29 a 59) Adultez,Chía,Cluster 3
"Intolerancia, machismo","Lugares de hospedaje (hoteles, campamentos y otros tipos de hospedaje no permanente, moteles, etc.)",Cabecera municipal,Mujer,Mujer,(18 a 28) Juventud,Chía,Cluster 3
"Intolerancia, machismo",Vivienda,Parte rural (vereda y campo),Hombre,Mujer,(06 a 11) Infancia,Chía,Cluster 1
Sin información,Vivienda,Parte rural (vereda y campo),Mujer,Hombre,(18 a 28) Juventud,Chía,Cluster 1
Otras razones,Vivienda,Cabecera municipal,Mujer,Mujer,(12 a 17) Adolescencia,Chía,Cluster 1
"Intolerancia, machismo","Calle (autopista, avenida, dentro de la ciudad)",Cabecera municipal,Hombre,Hombre,(12 a 17) Adolescencia,Cota,Cluster 2
"Intolerancia, machismo","Lugares de hospedaje (hoteles, campamentos y otros tipos de hospedaje no permanente, moteles, etc.)",Parte rural (vereda y campo),Mujer,Mujer,(29 a 59) Adultez,Cota,Cluster 3
"Intolerancia, machismo","Lugares de hospedaje (hoteles, campamentos y otros tipos de hospedaje no permanente, moteles, etc.)",Cabecera municipal,Mujer,Mujer,(12 a 17) Adolescencia,Chía,Cluster 3
Consumo de alcohol y/o sustancias psicoactivas,"Calle (autopista, avenida, dentro de la ciudad)",Parte rural (vereda y campo),Mujer,Hombre,(00 a 05) Primera Infancia,Chía,Cluster 2
"Intolerancia, machismo","Lugares de hospedaje (hoteles, campamentos y otros tipos de hospedaje no permanente, moteles, etc.)",Parte rural (vereda y campo),Mujer,Hombre,(12 a 17) Adolescencia,Cota,Cluster 3
Enfermedad fisica o mental,Vivienda,Sin información,Mujer,Mujer,(29 a 59) Adultez,Cota,Cluster 1
"Intolerancia, machismo","Lugares de hospedaje (hoteles, campamentos y otros tipos de hospedaje no permanente, moteles, etc.)",Parte rural (vereda y campo),Mujer,Mujer,(18 a 28) Juventud,Cota,Cluster 3
Sin información,Vivienda,"Centro poblado (corregimiento, inspección de policía y caserío)",Mujer,Hombre,(06 a 11) Infancia,Chía,Cluster 1
Sin información,"Lugares de hospedaje (hoteles, campamentos y otros tipos de hospedaje no permanente, moteles, etc.)",Parte rural (vereda y campo),Hombre,Mujer,(00 a 05) Primera Infancia,Chía,Cluster 3
Sin información,"Calle (autopista, avenida, dentro de la ciudad)",Sin información,Hombre,Mujer,(18 a 28) Juventud,Chía,Cluster 2
"Intolerancia, machismo","Calle (autopista, avenida, dentro de la ciudad)","Centro poblado (corregimiento, inspección de policía y caserío)",Hombre,Mujer,(12 a 17) Adolescencia,Cota,Cluster 2
Consumo de alcohol y/o sustancias psicoactivas,"Calle (autopista, avenida, dentro de la ciudad)",Parte rural (vereda y campo),Mujer,Hombre,(Más de 60) Adulto Mayor,Cota,Cluster 2
Consumo de alcohol y/o sustancias psicoactivas,"Calle (autopista, avenida, dentro de la ciudad)",Parte rural (vereda y campo),Hombre,Hombre,(18 a 28) Juventud,Cota,Cluster 2
Sin información,Vivienda,"Centro poblado (corregimiento, inspección de policía y caserío)",Hombre,Hombre,(Más de 60) Adulto Mayor,Chía,Cluster 1
"Intolerancia, machismo",Vivienda,Parte rural (vereda y campo),Mujer,Hombre,(12 a 17) Adolescencia,Chía,Cluster 1
Sin información,"Lugares de hospedaje (hoteles, campamentos y otros tipos de hospedaje no permanente, moteles, etc.)",Parte rural (vereda y campo),Mujer,Mujer,(06 a 11) Infancia,Chía,Cluster 3
Sin información,Vivienda,Sin información,Mujer,Hombre,(18 a 28) Juventud,Chía,Cluster 1
"Intolerancia, machismo",Vivienda,Sin información,Mujer,Mujer,(12 a 17) Adolescencia,Cota,Cluster 1
Consumo de alcohol y/o sustancias psicoactivas,"Lugares de hospedaje (hoteles, campamentos y otros tipos de hospedaje no permanente, moteles, etc.)",Cabecera municipal,Mujer,Hombre,(29 a 59) Adultez,Chía,Cluster 3
"Intolerancia, machismo","Lugares de hospedaje (hoteles, campamentos y otros tipos de hospedaje no permanente, moteles, etc.)",Parte rural (vereda y campo),Mujer,Mujer,(29 a 59) Adultez,Cota,Cluster 3
"Intolerancia, machismo","Lugares de hospedaje (hoteles, campamentos y otros tipos de hospedaje no permanente, moteles, etc.)",Parte rural (vereda y campo),Hombre,Mujer,(29 a 59) Adultez,Cota,Cluster 3
Sin información,Vivienda,Parte rural (vereda y campo),Mujer,Mujer,(29 a 59) Adultez,Chía,Cluster 1
"Intolerancia, machismo","Lugares de hospedaje (hoteles, campamentos y otros tipos de hospedaje no permanente, moteles, etc.)",Cabecera municipal,Mujer,Mujer,(29 a 59) Adultez,Chía,Cluster 3
"Intolerancia, machismo","Calle (autopista, avenida, dentro de la ciudad)",Parte rural (vereda y campo),Hombre,Mujer,(29 a 59) Adultez,Chía,Cluster 2
"Intolerancia, machismo",Vivienda,Parte rural (vereda y campo),Hombre,Mujer,(00 a 05) Primera Infancia,Chía,Cluster 1
"Intolerancia, machismo","Lugares de hospedaje (hoteles, campamentos y otros tipos de hospedaje no permanente, moteles, etc.)",Cabecera municipal,Hombre,Hombre,(Más de 60) Adulto Mayor,Chía,Cluster 3
"Intolerancia, machismo","Lugares de hospedaje (hoteles, campamentos y otros tipos de hospedaje no permanente, moteles, etc.)",Cabecera municipal,Mujer,Hombre,(29 a 59) Adultez,Chía,Cluster 3
"Intolerancia, machismo",Vivienda,Parte rural (vereda y campo),Hombre,Mujer,(00 a 05) Primera Infancia,Chía,Cluster 1
"Intolerancia, machismo",Vivienda,Cabecera municipal,Hombre,Mujer,(06 a 11) Infancia,Chía,Cluster 1
Consumo de alcohol y/o sustancias psicoactivas,"Lugares de hospedaje (hoteles, campamentos y otros tipos de hospedaje no permanente, moteles, etc.)",Parte rural (vereda y campo),Mujer,Hombre,(18 a 28) Juventud,Chía,Cluster 3
Sin información,Vivienda,Parte rural (vereda y campo),Mujer,Hombre,(12 a 17) Adolescencia,Chía,Cluster 1
"Intolerancia, machismo","Calle (autopista, avenida, dentro de la ciudad)",Cabecera municipal,Hombre,Hombre,(12 a 17) Adolescencia,Cota,Cluster 2
Económicas,"Establecimiento comercial (tienda, centro comercial, almacén, plaza de mercado)",Parte rural (vereda y campo),Hombre,Hombre,(29 a 59) Adultez,Chía,Cluster 3
"Intolerancia, machismo","Lugares de hospedaje (hoteles, campamentos y otros tipos de hospedaje no permanente, moteles, etc.)",Parte rural (vereda y campo),Mujer,Hombre,(18 a 28) Juventud,Chía,Cluster 3
"Intolerancia, machismo","Lugares de hospedaje (hoteles, campamentos y otros tipos de hospedaje no permanente, moteles, etc.)",Parte rural (vereda y campo),Hombre,Mujer,(29 a 59) Adultez,Cajicá,Cluster 3
Otras razones,Vivienda,Parte rural (vereda y campo),Mujer,Mujer,(00 a 05) Primera Infancia,Chía,Cluster 1
Sin información,Vivienda,Parte rural (vereda y campo),Mujer,Mujer,(18 a 28) Juventud,Cota,Cluster 1
"Intolerancia, machismo","Establecimiento comercial (tienda, centro comercial, almacén, plaza de mercado)",Cabecera municipal,Hombre,Hombre,(06 a 11) Infancia,Chía,Cluster 3
"Intolerancia, machismo",Vivienda,Cabecera municipal,Hombre,Hombre,(00 a 05) Primera Infancia,Chía,Cluster 1
Consumo de alcohol y/o sustancias psicoactivas,"Lugares de hospedaje (hoteles, campamentos y otros tipos de hospedaje no permanente, moteles, etc.)",Parte rural (vereda y campo),Mujer,Hombre,(29 a 59) Adultez,Chía,Cluster 3
"Intolerancia, machismo",Vivienda,Parte rural (vereda y campo),Mujer,Hombre,(12 a 17) Adolescencia,Chía,Cluster 1
"Intolerancia, machismo",Áreas deportivas y/o recreativas,Parte rural (vereda y campo),Mujer,Mujer,(12 a 17) Adolescencia,Cota,Cluster 1
"Intolerancia, machismo",Áreas deportivas y/o recreativas,Parte rural (vereda y campo),Mujer,Mujer,(12 a 17) Adolescencia,Cota,Cluster 1
Otras razones,Vivienda,Parte rural (vereda y campo),Hombre,Mujer,(06 a 11) Infancia,Chía,Cluster 1
Otras razones,Vivienda,Parte rural (vereda y campo),Hombre,Hombre,(06 a 11) Infancia,Chía,Cluster 1
Otras razones,Vivienda,Parte rural (vereda y campo),Hombre,Hombre,(12 a 17) Adolescencia,Chía,Cluster 1
"Intolerancia, machismo","Lugares de hospedaje (hoteles, campamentos y otros tipos de hospedaje no permanente, moteles, etc.)",Cabecera municipal,Hombre,Hombre,(Más de 60) Adulto Mayor,Chía,Cluster 3
Sin información,Vivienda,Parte rural (vereda y campo),Mujer,Hombre,(29 a 59) Adultez,Chía,Cluster 1
"Intolerancia, machismo",Vivienda,Parte rural (vereda y campo),Mujer,Mujer,(18 a 28) Juventud,Cota,Cluster 1
Consumo de alcohol y/o sustancias psicoactivas,Vivienda,Parte rural (vereda y campo),Mujer,Hombre,(12 a 17) Adolescencia,Chía,Cluster 1
"Intolerancia, machismo","Calle (autopista, avenida, dentro de la ciudad)",Parte rural (vereda y campo),Mujer,Hombre,(12 a 17) Adolescencia,Cota,Cluster 2
"Intolerancia, machismo",Vivienda,Sin información,Hombre,Mujer,(06 a 11) Infancia,Cota,Cluster 1
Consumo de alcohol y/o sustancias psicoactivas,"Lugares de hospedaje (hoteles, campamentos y otros tipos de hospedaje no permanente, moteles, etc.)",Cabecera municipal,Mujer,Hombre,(00 a 05) Primera Infancia,Chía,Cluster 3
"Intolerancia, machismo","Calle (autopista, avenida, dentro de la ciudad)",Parte rural (vereda y campo),Mujer,Mujer,(29 a 59) Adultez,Cota,Cluster 2
"Intolerancia, machismo",Vivienda,Parte rural (vereda y campo),Mujer,Hombre,(29 a 59) Adultez,Cota,Cluster 1
"Intolerancia, machismo",Vivienda,Parte rural (vereda y campo),Mujer,Mujer,(29 a 59) Adultez,Cota,Cluster 1
Consumo de alcohol y/o sustancias psicoactivas,"Lugares de hospedaje (hoteles, campamentos y otros tipos de hospedaje no permanente, moteles, etc.)",Parte rural (vereda y campo),Mujer,Hombre,(29 a 59) Adultez,Chía,Cluster 3
Sin información,"Calle (autopista, avenida, dentro de la ciudad)","Centro poblado (corregimiento, inspección de policía y caserío)",Hombre,Mujer,(Más de 60) Adulto Mayor,Guaduas,Cluster 2
"Celos, desconfianza, infidelidad",Vivienda,"Centro poblado (corregimiento, inspección de policía y caserío)",Mujer,Mujer,(06 a 11) Infancia,Guaduas,Cluster 1
"Celos, desconfianza, infidelidad",Vivienda,"Centro poblado (corregimiento, inspección de policía y caserío)",Hombre,Mujer,(06 a 11) Infancia,Guaduas,Cluster 1
Consumo de alcohol y/o sustancias psicoactivas,Vivienda,Parte rural (vereda y campo),Hombre,Mujer,(29 a 59) Adultez,Guaduas,Cluster 1
Consumo de alcohol y/o sustancias psicoactivas,Vivienda,Parte rural (vereda y campo),Mujer,Hombre,(29 a 59) Adultez,Guaduas,Cluster 1
"Celos, desconfianza, infidelidad",Vivienda,Cabecera municipal,Mujer,Mujer,(29 a 59) Adultez,Guaduas,Cluster 1
"Celos, desconfianza, infidelidad",Vivienda,Cabecera municipal,Mujer,Hombre,(00 a 05) Primera Infancia,Guaduas,Cluster 1
"Intolerancia, machismo",Carretera (fuera de la ciudad),Parte rural (vereda y campo),Hombre,Hombre,(Más de 60) Adulto Mayor,Guaduas,Cluster 2
Consumo de alcohol y/o sustancias psicoactivas,Vivienda,Parte rural (vereda y campo),Hombre,Hombre,(29 a 59) Adultez,Guaduas,Cluster 1
Sin información,Vivienda,Sin información,Mujer,Hombre,(00 a 05) Primera Infancia,Guaduas,Cluster 1
Sin información,Vivienda,Cabecera municipal,Mujer,Mujer,(06 a 11) Infancia,Guaduas,Cluster 1
"Intolerancia, machismo","Calle (autopista, avenida, dentro de la ciudad)","Centro poblado (corregimiento, inspección de policía y caserío)",Mujer,Hombre,(18 a 28) Juventud,Guaduas,Cluster 2
"Celos, desconfianza, infidelidad","Espacios terrestres al aire libre (bosque, potrero, montaña, playa, etc.)",Parte rural (vereda y campo),Hombre,Mujer,(06 a 11) Infancia,Pacho,Cluster 2
"Celos, desconfianza, infidelidad","Espacios terrestres al aire libre (bosque, potrero, montaña, playa, etc.)",Parte rural (vereda y campo),Hombre,Mujer,(06 a 11) Infancia,Pacho,Cluster 2
"Intolerancia, machismo",Vivienda,Cabecera municipal,Hombre,Mujer,(29 a 59) Adultez,Soacha,Cluster 1
"Intolerancia, machismo",Vivienda,Parte rural (vereda y campo),Hombre,Mujer,(06 a 11) Infancia,Chía,Cluster 1
"Intolerancia, machismo",Vivienda,Parte rural (vereda y campo),Mujer,Mujer,(29 a 59) Adultez,Cota,Cluster 1
"Intolerancia, machismo","Calle (autopista, avenida, dentro de la ciudad)","Centro poblado (corregimiento, inspección de policía y caserío)",Mujer,Hombre,(00 a 05) Primera Infancia,Girardot,Cluster 2
"Intolerancia, machismo",Vía pública,Sin información,Hombre,Mujer,(06 a 11) Infancia,Girardot,Cluster 1
"Intolerancia, machismo",Vivienda,Sin información,Mujer,Mujer,(29 a 59) Adultez,Girardot,Cluster 1
Económicas,Vivienda,Cabecera municipal,Mujer,Hombre,(Más de 60) Adulto Mayor,Girardot,Cluster 1
"Intolerancia, machismo",Vivienda,Sin información,Mujer,Hombre,(18 a 28) Juventud,Girardot,Cluster 1
Abandono,"Calle (autopista, avenida, dentro de la ciudad)",Cabecera municipal,Mujer,Hombre,(00 a 05) Primera Infancia,Girardot,Cluster 2
"Intolerancia, machismo",Vía pública,Parte rural (vereda y campo),Mujer,Hombre,(18 a 28) Juventud,Girardot,Cluster 1
"Intolerancia, machismo",Vivienda,Cabecera municipal,Mujer,Mujer,(12 a 17) Adolescencia,Girardot,Cluster 1
"Intolerancia, machismo",Vivienda,Cabecera municipal,Mujer,Mujer,(18 a 28) Juventud,Girardot,Cluster 1
"Intolerancia, machismo",Vivienda,Sin información,Hombre,Mujer,(12 a 17) Adolescencia,Girardot,Cluster 1
"Intolerancia, machismo","Calle (autopista, avenida, dentro de la ciudad)",Sin información,Hombre,Sin información,(12 a 17) Adolescencia,Girardot,Cluster 2
"Intolerancia, machismo",Vivienda,Sin información,Mujer,Mujer,(06 a 11) Infancia,Girardot,Cluster 1
Consumo de alcohol y/o sustancias psicoactivas,Vivienda,Sin información,Mujer,Hombre,(Más de 60) Adulto Mayor,Girardot,Cluster 1
"Intolerancia, machismo",Sin Información,Sin información,Hombre,Sin información,(29 a 59) Adultez,Girardot,Cluster 3
Consumo de alcohol y/o sustancias psicoactivas,Vivienda,Cabecera municipal,Mujer,Hombre,(Más de 60) Adulto Mayor,Girardot,Cluster 1
"Intolerancia, machismo",Vivienda,Cabecera municipal,Hombre,Mujer,(29 a 59) Adultez,Girardot,Cluster 1
"Intolerancia, machismo",Vivienda,Cabecera municipal,Hombre,Hombre,(Más de 60) Adulto Mayor,Girardot,Cluster 1
"Intolerancia, machismo",Vivienda,Cabecera municipal,Mujer,Hombre,(18 a 28) Juventud,Girardot,Cluster 1
"Intolerancia, machismo",Vivienda,Cabecera municipal,Hombre,Hombre,(29 a 59) Adultez,Girardot,Cluster 1
"Intolerancia, machismo",Vivienda,Cabecera municipal,Hombre,Hombre,(29 a 59) Adultez,Girardot,Cluster 1
"Intolerancia, machismo",Vivienda,Sin información,Hombre,Mujer,(06 a 11) Infancia,Girardot,Cluster 1
"Intolerancia, machismo",Vivienda,Sin información,Hombre,Hombre,(29 a 59) Adultez,Girardot,Cluster 1
"Intolerancia, machismo",Vivienda,Sin información,Mujer,Mujer,(Más de 60) Adulto Mayor,Girardot,Cluster 1
"Intolerancia, machismo",Vivienda,Sin información,Hombre,Hombre,(Más de 60) Adulto Mayor,Girardot,Cluster 1
Consumo de alcohol y/o sustancias psicoactivas,Vivienda,Cabecera municipal,Mujer,Hombre,(29 a 59) Adultez,Girardot,Cluster 1
"Intolerancia, machismo","Calle (autopista, avenida, dentro de la ciudad)",Sin información,Mujer,Sin información,(18 a 28) Juventud,Girardot,Cluster 2
"Intolerancia, machismo",Vivienda,Cabecera municipal,Hombre,Hombre,(Más de 60) Adulto Mayor,Girardot,Cluster 1
"Intolerancia, machismo",Lugares de esparcimiento con expendio de alcohol,Cabecera municipal,Mujer,Hombre,(29 a 59) Adultez,Girardot,Cluster 3
"Intolerancia, machismo",Vivienda,Cabecera municipal,Mujer,Mujer,(29 a 59) Adultez,Girardot,Cluster 1
"Intolerancia, machismo",Vivienda,Cabecera municipal,Hombre,Hombre,(06 a 11) Infancia,Girardot,Cluster 1
"Intolerancia, machismo",Vivienda,Cabecera municipal,Hombre,Hombre,(12 a 17) Adolescencia,Girardot,Cluster 1
"Intolerancia, machismo",Vivienda,Cabecera municipal,Hombre,Hombre,(Más de 60) Adulto Mayor,Girardot,Cluster 1
"Intolerancia, machismo",Vivienda,Cabecera municipal,Hombre,Hombre,(Más de 60) Adulto Mayor,Girardot,Cluster 1
"Intolerancia, machismo",Vivienda,Cabecera municipal,Mujer,Hombre,(12 a 17) Adolescencia,Girardot,Cluster 1
"Intolerancia, machismo",Vivienda,Cabecera municipal,Mujer,Hombre,(12 a 17) Adolescencia,Girardot,Cluster 1
"Intolerancia, machismo",Vivienda,Sin información,Hombre,Mujer,(12 a 17) Adolescencia,Girardot,Cluster 1
"Intolerancia, machismo",Vivienda,Cabecera municipal,Mujer,Hombre,(29 a 59) Adultez,Girardot,Cluster 1
Económicas,Vivienda,Cabecera municipal,Mujer,Hombre,(29 a 59) Adultez,Girardot,Cluster 1
"Intolerancia, machismo",Vivienda,Cabecera municipal,Mujer,Hombre,(18 a 28) Juventud,Girardot,Cluster 1
"Intolerancia, machismo",Vivienda,"Centro poblado (corregimiento, inspección de policía y caserío)",Hombre,Hombre,(18 a 28) Juventud,Girardot,Cluster 1
Consumo de alcohol y/o sustancias psicoactivas,Vivienda,Cabecera municipal,Mujer,Hombre,(Más de 60) Adulto Mayor,Girardot,Cluster 1
"Intolerancia, machismo",Vivienda,Cabecera municipal,Hombre,Mujer,(Más de 60) Adulto Mayor,Girardot,Cluster 1
"Intolerancia, machismo",Vivienda,Parte rural (vereda y campo),Mujer,Hombre,(29 a 59) Adultez,Girardot,Cluster 1
"Intolerancia, machismo",Vía pública,Cabecera municipal,Mujer,Mujer,(Más de 60) Adulto Mayor,Girardot,Cluster 1
"Intolerancia, machismo",Vivienda,Cabecera municipal,Hombre,Mujer,(12 a 17) Adolescencia,Girardot,Cluster 1
"Intolerancia, machismo",Vivienda,Cabecera municipal,Mujer,Hombre,(18 a 28) Juventud,Girardot,Cluster 1
"Intolerancia, machismo",Vivienda,Cabecera municipal,Mujer,Mujer,(29 a 59) Adultez,Girardot,Cluster 1
"Intolerancia, machismo",Vivienda,Cabecera municipal,Hombre,Hombre,(Más de 60) Adulto Mayor,Girardot,Cluster 1
"Intolerancia, machismo",Vivienda,Cabecera municipal,Mujer,Mujer,(06 a 11) Infancia,Girardot,Cluster 1
"Intolerancia, machismo",Vivienda,Cabecera municipal,Mujer,Hombre,(29 a 59) Adultez,Girardot,Cluster 1
Consumo de alcohol y/o sustancias psicoactivas,Vivienda,Cabecera municipal,Mujer,Hombre,(Más de 60) Adulto Mayor,Girardot,Cluster 1
"Intolerancia, machismo",Vivienda,Cabecera municipal,Mujer,Mujer,(Más de 60) Adulto Mayor,Girardot,Cluster 1
Consumo de alcohol y/o sustancias psicoactivas,Vivienda,Cabecera municipal,Hombre,Hombre,(29 a 59) Adultez,Girardot,Cluster 1
"Intolerancia, machismo",Sin Información,Sin información,Mujer,Sin información,(29 a 59) Adultez,Girardot,Cluster 3
"Intolerancia, machismo",Vivienda,Sin información,Mujer,Hombre,(00 a 05) Primera Infancia,Girardot,Cluster 1
"Intolerancia, machismo",Vivienda,Cabecera municipal,Mujer,Mujer,(Más de 60) Adulto Mayor,Girardot,Cluster 1
"Intolerancia, machismo","Calle (autopista, avenida, dentro de la ciudad)",Cabecera municipal,Mujer,Hombre,(29 a 59) Adultez,Girardot,Cluster 2
"Intolerancia, machismo","Calle (autopista, avenida, dentro de la ciudad)",Cabecera municipal,Hombre,Hombre,(18 a 28) Juventud,Girardot,Cluster 2
"Intolerancia, machismo",Vivienda,Cabecera municipal,Mujer,Mujer,(29 a 59) Adultez,Girardot,Cluster 1
"Intolerancia, machismo",Vivienda,Cabecera municipal,Mujer,Mujer,(18 a 28) Juventud,Girardot,Cluster 1
"Intolerancia, machismo","Calle (autopista, avenida, dentro de la ciudad)","Centro poblado (corregimiento, inspección de policía y caserío)",Hombre,Hombre,(29 a 59) Adultez,Girardot,Cluster 2
"Intolerancia, machismo",Vivienda,Cabecera municipal,Mujer,Mujer,(00 a 05) Primera Infancia,Girardot,Cluster 1
Sin información,Vía pública,Cabecera municipal,Mujer,Sin información,(29 a 59) Adultez,Girardot,Cluster 1
Consumo de alcohol y/o sustancias psicoactivas,Vivienda,Cabecera municipal,Mujer,Hombre,(29 a 59) Adultez,Girardot,Cluster 1
"Intolerancia, machismo",Vivienda,Cabecera municipal,Mujer,Hombre,(29 a 59) Adultez,Girardot,Cluster 1
"Intolerancia, machismo",Vivienda,Cabecera municipal,Hombre,Hombre,(Más de 60) Adulto Mayor,Girardot,Cluster 1
"Intolerancia, machismo",Vivienda,Cabecera municipal,Mujer,Mujer,(Más de 60) Adulto Mayor,Girardot,Cluster 1
"Intolerancia, machismo",Vivienda,Cabecera municipal,Hombre,Hombre,(29 a 59) Adultez,Girardot,Cluster 1
"Intolerancia, machismo",Vivienda,Cabecera municipal,Mujer,Mujer,(29 a 59) Adultez,Girardot,Cluster 1
"Intolerancia, machismo","Calle (autopista, avenida, dentro de la ciudad)",Cabecera municipal,Hombre,Hombre,(29 a 59) Adultez,Girardot,Cluster 2
"Intolerancia, machismo","Calle (autopista, avenida, dentro de la ciudad)",Cabecera municipal,Mujer,Mujer,(18 a 28) Juventud,Girardot,Cluster 2
"Intolerancia, machismo","Calle (autopista, avenida, dentro de la ciudad)",Cabecera municipal,Hombre,Hombre,(18 a 28) Juventud,Girardot,Cluster 2
Consumo de alcohol y/o sustancias psicoactivas,Vivienda,Cabecera municipal,Mujer,Hombre,(29 a 59) Adultez,Girardot,Cluster 1
"Intolerancia, machismo",Vivienda,Cabecera municipal,Mujer,Hombre,(29 a 59) Adultez,Girardot,Cluster 1
"Intolerancia, machismo",Sin Información,Sin información,Mujer,Mujer,(00 a 05) Primera Infancia,Girardot,Cluster 3
Consumo de alcohol y/o sustancias psicoactivas,Vivienda,Cabecera municipal,Mujer,Hombre,(18 a 28) Juventud,Girardot,Cluster 1
"Intolerancia, machismo",Vivienda,Cabecera municipal,Hombre,Mujer,(18 a 28) Juventud,Girardot,Cluster 1
"Intolerancia, machismo",Vivienda,Cabecera municipal,Mujer,Mujer,(29 a 59) Adultez,Girardot,Cluster 1
Consumo de alcohol y/o sustancias psicoactivas,Vivienda,Cabecera municipal,Mujer,Mujer,(29 a 59) Adultez,Girardot,Cluster 1
Consumo de alcohol y/o sustancias psicoactivas,Vivienda,Cabecera municipal,Hombre,Mujer,(29 a 59) Adultez,Girardot,Cluster 1
"Intolerancia, machismo",Vivienda,Cabecera municipal,Mujer,Hombre,(29 a 59) Adultez,Chía,Cluster 1
"Intolerancia, machismo",Vivienda,Cabecera municipal,Mujer,Hombre,(Más de 60) Adulto Mayor,Girardot,Cluster 1
Consumo de alcohol y/o sustancias psicoactivas,Vivienda,Cabecera municipal,Hombre,Hombre,(29 a 59) Adultez,Girardot,Cluster 1
"Intolerancia, machismo",Vivienda,Cabecera municipal,Hombre,Hombre,(06 a 11) Infancia,Girardot,Cluster 1
Consumo de alcohol y/o sustancias psicoactivas,"Calle (autopista, avenida, dentro de la ciudad)",Sin información,Hombre,Hombre,(18 a 28) Juventud,Soacha,Cluster 2
Consumo de alcohol y/o sustancias psicoactivas,Vía pública,Cabecera municipal,Hombre,Hombre,(18 a 28) Juventud,Soacha,Cluster 1
"Intolerancia, machismo",Vivienda,Cabecera municipal,Mujer,Mujer,(29 a 59) Adultez,Soacha,Cluster 1
Consumo de alcohol y/o sustancias psicoactivas,Vivienda,Cabecera municipal,Mujer,Hombre,(29 a 59) Adultez,Soacha,Cluster 1
Consumo de alcohol y/o sustancias psicoactivas,Vía pública,Cabecera municipal,Hombre,Mujer,(29 a 59) Adultez,Soacha,Cluster 1
Consumo de alcohol y/o sustancias psicoactivas,Vivienda,Cabecera municipal,Hombre,Hombre,(29 a 59) Adultez,Soacha,Cluster 1
"Intolerancia, machismo",Vivienda,Cabecera municipal,Hombre,Hombre,(12 a 17) Adolescencia,Soacha,Cluster 1
Consumo de alcohol y/o sustancias psicoactivas,Vivienda,Cabecera municipal,Hombre,Hombre,(29 a 59) Adultez,Soacha,Cluster 1
"Intolerancia, machismo",Vivienda,Cabecera municipal,Hombre,Hombre,(12 a 17) Adolescencia,Soacha,Cluster 1
"Intolerancia, machismo",Vivienda,Cabecera municipal,Mujer,Hombre,(29 a 59) Adultez,Soacha,Cluster 1
"Intolerancia, machismo",Vivienda,Cabecera municipal,Mujer,Hombre,(00 a 05) Primera Infancia,Soacha,Cluster 1
"Intolerancia, machismo",Vivienda,Cabecera municipal,Hombre,Mujer,(00 a 05) Primera Infancia,Soacha,Cluster 1
"Intolerancia, machismo",Vivienda,Cabecera municipal,Mujer,Mujer,(18 a 28) Juventud,Soacha,Cluster 1
"Intolerancia, machismo",Vivienda,Cabecera municipal,Hombre,Mujer,(18 a 28) Juventud,Soacha,Cluster 1
"Intolerancia, machismo",Vivienda,Cabecera municipal,Hombre,Hombre,(12 a 17) Adolescencia,Soacha,Cluster 1
"Intolerancia, machismo",Vivienda,Cabecera municipal,Hombre,Hombre,(Más de 60) Adulto Mayor,Soacha,Cluster 1
Consumo de alcohol y/o sustancias psicoactivas,Vivienda,Cabecera municipal,Mujer,Hombre,(29 a 59) Adultez,Soacha,Cluster 1
"Intolerancia, machismo",Vivienda,Cabecera municipal,Mujer,Hombre,(Más de 60) Adulto Mayor,Soacha,Cluster 1
"Intolerancia, machismo",Vivienda,Cabecera municipal,Mujer,Hombre,(29 a 59) Adultez,Soacha,Cluster 1
"Intolerancia, machismo",Vivienda,Cabecera municipal,Hombre,Mujer,(Más de 60) Adulto Mayor,Soacha,Cluster 1
"Celos, desconfianza, infidelidad",Vivienda,Cabecera municipal,Mujer,Mujer,(29 a 59) Adultez,Soacha,Cluster 1
"Intolerancia, machismo",Vivienda,Cabecera municipal,Mujer,Hombre,(12 a 17) Adolescencia,Soacha,Cluster 1
"Intolerancia, machismo",Vivienda,Cabecera municipal,Hombre,Hombre,(12 a 17) Adolescencia,Soacha,Cluster 1
"Intolerancia, machismo",Vivienda,Cabecera municipal,Hombre,Hombre,(18 a 28) Juventud,Soacha,Cluster 1
"Intolerancia, machismo",Vivienda,Cabecera municipal,Hombre,Mujer,(18 a 28) Juventud,Soacha,Cluster 1
"Intolerancia, machismo",Vivienda,Cabecera municipal,Mujer,Mujer,(29 a 59) Adultez,Soacha,Cluster 1
"Intolerancia, machismo",Vía pública,Cabecera municipal,Mujer,Hombre,(12 a 17) Adolescencia,Soacha,Cluster 1
"Intolerancia, machismo",Vivienda,Cabecera municipal,Mujer,Hombre,(18 a 28) Juventud,Soacha,Cluster 1
"Intolerancia, machismo",Vivienda,Cabecera municipal,Mujer,Mujer,(29 a 59) Adultez,Soacha,Cluster 1
"Intolerancia, machismo",Vía pública,Cabecera municipal,Hombre,Mujer,(29 a 59) Adultez,Soacha,Cluster 1
Consumo de alcohol y/o sustancias psicoactivas,Vivienda,Cabecera municipal,Hombre,Hombre,(12 a 17) Adolescencia,Soacha,Cluster 1
"Intolerancia, machismo",Vía pública,Cabecera municipal,Mujer,Hombre,(06 a 11) Infancia,Soacha,Cluster 1
"Intolerancia, machismo",Vivienda,Cabecera municipal,Mujer,Mujer,(06 a 11) Infancia,Soacha,Cluster 1
Consumo de alcohol y/o sustancias psicoactivas,Vía pública,Cabecera municipal,Mujer,Hombre,(12 a 17) Adolescencia,Soacha,Cluster 1
"Celos, desconfianza, infidelidad",Vivienda,Cabecera municipal,Mujer,Mujer,(Más de 60) Adulto Mayor,Soacha,Cluster 1
"Intolerancia, machismo",Vía pública,Cabecera municipal,Mujer,Hombre,(18 a 28) Juventud,Soacha,Cluster 1
"Intolerancia, machismo",Vivienda,Cabecera municipal,Hombre,Hombre,(12 a 17) Adolescencia,Soacha,Cluster 1
"Intolerancia, machismo",Vivienda,Cabecera municipal,Mujer,Mujer,(29 a 59) Adultez,Soacha,Cluster 1
"Celos, desconfianza, infidelidad",Vivienda,Cabecera municipal,Hombre,Hombre,(12 a 17) Adolescencia,Soacha,Cluster 1
"Intolerancia, machismo",Vivienda,Cabecera municipal,Mujer,Hombre,(18 a 28) Juventud,Soacha,Cluster 1
"Intolerancia, machismo",Vía pública,Cabecera municipal,Hombre,Hombre,(Más de 60) Adulto Mayor,Soacha,Cluster 1
"Intolerancia, machismo",Vía pública,Cabecera municipal,Hombre,Hombre,(29 a 59) Adultez,Soacha,Cluster 1
"Intolerancia, machismo",Vivienda,Cabecera municipal,Mujer,Hombre,(12 a 17) Adolescencia,Soacha,Cluster 1
"Intolerancia, machismo",Vía pública,Cabecera municipal,Mujer,Hombre,(18 a 28) Juventud,Soacha,Cluster 1
"Intolerancia, machismo",Vía pública,Cabecera municipal,Hombre,Hombre,(29 a 59) Adultez,Soacha,Cluster 1
"Intolerancia, machismo",Vivienda,Cabecera municipal,Mujer,Hombre,(29 a 59) Adultez,Soacha,Cluster 1
"Celos, desconfianza, infidelidad",Vivienda,Cabecera municipal,Mujer,Hombre,(29 a 59) Adultez,Soacha,Cluster 1
"Intolerancia, machismo",Vía pública,Cabecera municipal,Mujer,Hombre,(29 a 59) Adultez,Soacha,Cluster 1
"Intolerancia, machismo",Vivienda,Cabecera municipal,Hombre,Hombre,(06 a 11) Infancia,Soacha,Cluster 1
"Intolerancia, machismo",Vivienda,Cabecera municipal,Mujer,Mujer,(12 a 17) Adolescencia,Soacha,Cluster 1
Consumo de alcohol y/o sustancias psicoactivas,Vivienda,Cabecera municipal,Hombre,Mujer,(29 a 59) Adultez,Soacha,Cluster 1
Consumo de alcohol y/o sustancias psicoactivas,Vivienda,Cabecera municipal,Mujer,Mujer,(18 a 28) Juventud,Soacha,Cluster 1
"Intolerancia, machismo",Vivienda,Cabecera municipal,Hombre,Mujer,(29 a 59) Adultez,Soacha,Cluster 1
"Intolerancia, machismo",Vivienda,"Centro poblado (corregimiento, inspección de policía y caserío)",Mujer,Hombre,(Más de 60) Adulto Mayor,Soacha,Cluster 1
"Intolerancia, machismo",Vivienda,Cabecera municipal,Mujer,Hombre,(18 a 28) Juventud,Soacha,Cluster 1
"Intolerancia, machismo",Vivienda,Cabecera municipal,Mujer,Hombre,(29 a 59) Adultez,Soacha,Cluster 1
"Intolerancia, machismo",Vivienda,Cabecera municipal,Hombre,Hombre,(29 a 59) Adultez,Soacha,Cluster 1
"Intolerancia, machismo",Vivienda,Cabecera municipal,Mujer,Hombre,(18 a 28) Juventud,Soacha,Cluster 1
"Intolerancia, machismo",Vivienda,Cabecera municipal,Mujer,Hombre,(12 a 17) Adolescencia,Soacha,Cluster 1
"Intolerancia, machismo",Vivienda,Cabecera municipal,Hombre,Mujer,(06 a 11) Infancia,Soacha,Cluster 1
"Celos, desconfianza, infidelidad",Vivienda,Cabecera municipal,Mujer,Mujer,(Más de 60) Adulto Mayor,Soacha,Cluster 1
"Intolerancia, machismo",Vivienda,Cabecera municipal,Hombre,Mujer,(06 a 11) Infancia,Soacha,Cluster 1
"Intolerancia, machismo",Vía pública,Cabecera municipal,Hombre,Hombre,(Más de 60) Adulto Mayor,Soacha,Cluster 1
"Intolerancia, machismo",Vivienda,Cabecera municipal,Mujer,Hombre,(29 a 59) Adultez,Soacha,Cluster 1
"Intolerancia, machismo",Vivienda,Cabecera municipal,Hombre,Mujer,(29 a 59) Adultez,Soacha,Cluster 1
"Intolerancia, machismo",Vivienda,Cabecera municipal,Hombre,Mujer,(29 a 59) Adultez,Soacha,Cluster 1
"Intolerancia, machismo",Vivienda,Cabecera municipal,Mujer,Mujer,(29 a 59) Adultez,Soacha,Cluster 1
"Celos, desconfianza, infidelidad",Vivienda,Cabecera municipal,Mujer,Mujer,(29 a 59) Adultez,Soacha,Cluster 1
"Intolerancia, machismo",Vivienda,Cabecera municipal,Hombre,Hombre,(18 a 28) Juventud,Soacha,Cluster 1
Consumo de alcohol y/o sustancias psicoactivas,Vivienda,Cabecera municipal,Mujer,Hombre,(00 a 05) Primera Infancia,Soacha,Cluster 1
"Intolerancia, machismo",Vivienda,Cabecera municipal,Mujer,Hombre,(18 a 28) Juventud,Soacha,Cluster 1
Consumo de alcohol y/o sustancias psicoactivas,Vivienda,Cabecera municipal,Hombre,Mujer,(18 a 28) Juventud,Soacha,Cluster 1
"Intolerancia, machismo",Vivienda,Cabecera municipal,Hombre,Hombre,(29 a 59) Adultez,Soacha,Cluster 1
"Intolerancia, machismo",Vivienda,Cabecera municipal,Hombre,Hombre,(12 a 17) Adolescencia,Soacha,Cluster 1
"Intolerancia, machismo",Vivienda,Cabecera municipal,Mujer,Mujer,(29 a 59) Adultez,Soacha,Cluster 1
"Intolerancia, machismo",Vivienda,Cabecera municipal,Hombre,Mujer,(18 a 28) Juventud,Soacha,Cluster 1
"Intolerancia, machismo",Vivienda,Cabecera municipal,Hombre,Mujer,(29 a 59) Adultez,Soacha,Cluster 1
"Intolerancia, machismo",Vivienda,Cabecera municipal,Hombre,Hombre,(00 a 05) Primera Infancia,Soacha,Cluster 1
"Celos, desconfianza, infidelidad",Vivienda,Cabecera municipal,Mujer,Mujer,(29 a 59) Adultez,Soacha,Cluster 1
"Intolerancia, machismo","Calle (autopista, avenida, dentro de la ciudad)",Sin información,Hombre,Hombre,(29 a 59) Adultez,Soacha,Cluster 2
"Intolerancia, machismo",Vivienda,Cabecera municipal,Hombre,Mujer,(Más de 60) Adulto Mayor,Soacha,Cluster 1
"Intolerancia, machismo",Vía pública,Sin información,Mujer,Hombre,(29 a 59) Adultez,Soacha,Cluster 1
"Celos, desconfianza, infidelidad",Vivienda,Cabecera municipal,Mujer,Hombre,(00 a 05) Primera Infancia,Soacha,Cluster 1
"Intolerancia, machismo",Vía pública,Cabecera municipal,Hombre,Hombre,(18 a 28) Juventud,Soacha,Cluster 1
"Intolerancia, machismo",Vivienda,Cabecera municipal,Mujer,Mujer,(06 a 11) Infancia,Soacha,Cluster 1
Consumo de alcohol y/o sustancias psicoactivas,Vía pública,Cabecera municipal,Hombre,Hombre,(18 a 28) Juventud,Soacha,Cluster 1
"Intolerancia, machismo",Vivienda,Cabecera municipal,Hombre,Hombre,(00 a 05) Primera Infancia,Soacha,Cluster 1
"Intolerancia, machismo",Vivienda,Cabecera municipal,Hombre,Hombre,(29 a 59) Adultez,Soacha,Cluster 1
"Intolerancia, machismo",Vía pública,Sin información,Mujer,Mujer,(12 a 17) Adolescencia,Soacha,Cluster 1
"Intolerancia, machismo",Vivienda,Cabecera municipal,Mujer,Hombre,(18 a 28) Juventud,Soacha,Cluster 1
"Intolerancia, machismo",Vía pública,Cabecera municipal,Mujer,Hombre,(18 a 28) Juventud,Soacha,Cluster 1
"Intolerancia, machismo",Vía pública,Cabecera municipal,Hombre,Hombre,(29 a 59) Adultez,Soacha,Cluster 1
"Celos, desconfianza, infidelidad",Vivienda,Cabecera municipal,Mujer,Mujer,(29 a 59) Adultez,Soacha,Cluster 1
"Intolerancia, machismo",Vivienda,Cabecera municipal,Hombre,Mujer,(12 a 17) Adolescencia,Soacha,Cluster 1
"Intolerancia, machismo",Vivienda,Cabecera municipal,Mujer,Hombre,(12 a 17) Adolescencia,Soacha,Cluster 1
"Intolerancia, machismo",Vivienda,Cabecera municipal,Mujer,Hombre,(29 a 59) Adultez,Soacha,Cluster 1
"Intolerancia, machismo","Calle (autopista, avenida, dentro de la ciudad)",Cabecera municipal,Mujer,Mujer,(00 a 05) Primera Infancia,Soacha,Cluster 2
"Intolerancia, machismo",Vivienda,Cabecera municipal,Mujer,Hombre,(18 a 28) Juventud,Soacha,Cluster 1
"Celos, desconfianza, infidelidad",Vivienda,Parte rural (vereda y campo),Hombre,Hombre,(29 a 59) Adultez,Soacha,Cluster 1
"Intolerancia, machismo",Vivienda,Cabecera municipal,Hombre,Hombre,(12 a 17) Adolescencia,Soacha,Cluster 1
"Intolerancia, machismo",Sin Información,Sin información,Mujer,Sin información,(00 a 05) Primera Infancia,Soacha,Cluster 3
"Intolerancia, machismo",Vivienda,Cabecera municipal,Hombre,Hombre,(18 a 28) Juventud,Soacha,Cluster 1
"Celos, desconfianza, infidelidad",Vivienda,Cabecera municipal,Mujer,Hombre,(29 a 59) Adultez,Soacha,Cluster 1
"Intolerancia, machismo",Vivienda,Cabecera municipal,Hombre,Hombre,(12 a 17) Adolescencia,Soacha,Cluster 1
"Intolerancia, machismo",Vivienda,Cabecera municipal,Hombre,Hombre,(12 a 17) Adolescencia,Soacha,Cluster 1
"Intolerancia, machismo",Vía pública,Cabecera municipal,Hombre,Hombre,(18 a 28) Juventud,Soacha,Cluster 1
"Celos, desconfianza, infidelidad",Vía pública,Cabecera municipal,Hombre,Mujer,(29 a 59) Adultez,Soacha,Cluster 1
"Intolerancia, machismo",Vivienda,Cabecera municipal,Hombre,Hombre,(Más de 60) Adulto Mayor,Soacha,Cluster 1
"Intolerancia, machismo",Vivienda,Cabecera municipal,Mujer,Mujer,(Más de 60) Adulto Mayor,Soacha,Cluster 1
"Celos, desconfianza, infidelidad",Vivienda,Cabecera municipal,Mujer,Hombre,(18 a 28) Juventud,Soacha,Cluster 1
"Intolerancia, machismo",Vivienda,Cabecera municipal,Hombre,Hombre,(29 a 59) Adultez,Soacha,Cluster 1
"Celos, desconfianza, infidelidad",Vivienda,Cabecera municipal,Mujer,Mujer,(06 a 11) Infancia,Soacha,Cluster 1
Consumo de alcohol y/o sustancias psicoactivas,Vivienda,Cabecera municipal,Mujer,Mujer,(29 a 59) Adultez,Soacha,Cluster 1
"Intolerancia, machismo",Vivienda,Cabecera municipal,Mujer,Hombre,(06 a 11) Infancia,Soacha,Cluster 1
"Intolerancia, machismo",Vivienda,Cabecera municipal,Hombre,Hombre,(12 a 17) Adolescencia,Soacha,Cluster 1
"Intolerancia, machismo",Vivienda,Cabecera municipal,Mujer,Mujer,(29 a 59) Adultez,Soacha,Cluster 1
Consumo de alcohol y/o sustancias psicoactivas,Vivienda,Cabecera municipal,Mujer,Hombre,(Más de 60) Adulto Mayor,Soacha,Cluster 1
"Intolerancia, machismo",Vivienda,Sin información,Mujer,Hombre,(Más de 60) Adulto Mayor,Soacha,Cluster 1
"Intolerancia, machismo",Sin Información,Sin información,Mujer,Hombre,(06 a 11) Infancia,Soacha,Cluster 3
"Intolerancia, machismo","Establecimiento comercial (tienda, centro comercial, almacén, plaza de mercado)",Sin información,Hombre,Hombre,(29 a 59) Adultez,Soacha,Cluster 3
"Intolerancia, machismo",Vía pública,Sin información,Mujer,Mujer,(12 a 17) Adolescencia,Soacha,Cluster 1
"Intolerancia, machismo",Vivienda,Sin información,Mujer,Mujer,(12 a 17) Adolescencia,Soacha,Cluster 1
"Intolerancia, machismo",Vivienda,Cabecera municipal,Mujer,Mujer,(12 a 17) Adolescencia,Soacha,Cluster 1
Consumo de alcohol y/o sustancias psicoactivas,Vivienda,Cabecera municipal,Mujer,Sin información,(Más de 60) Adulto Mayor,Soacha,Cluster 1
Consumo de alcohol y/o sustancias psicoactivas,Vivienda,Cabecera municipal,Hombre,Hombre,(00 a 05) Primera Infancia,Soacha,Cluster 1
"Celos, desconfianza, infidelidad",Vivienda,Cabecera municipal,Hombre,Hombre,(12 a 17) Adolescencia,Soacha,Cluster 1
"Intolerancia, machismo",Vivienda,Cabecera municipal,Mujer,Hombre,(29 a 59) Adultez,Soacha,Cluster 1
"Intolerancia, machismo",Vía pública,Sin información,Mujer,Hombre,(29 a 59) Adultez,Soacha,Cluster 1
"Intolerancia, machismo",Vivienda,Cabecera municipal,Mujer,Mujer,(29 a 59) Adultez,Soacha,Cluster 1
"Intolerancia, machismo",Vivienda,Cabecera municipal,Mujer,Mujer,(29 a 59) Adultez,Soacha,Cluster 1
"Intolerancia, machismo",Vivienda,Cabecera municipal,Mujer,Mujer,(29 a 59) Adultez,Soacha,Cluster 1
"Intolerancia, machismo",Vivienda,Cabecera municipal,Mujer,Hombre,(29 a 59) Adultez,Soacha,Cluster 1
"Intolerancia, machismo",Vivienda,Cabecera municipal,Mujer,Mujer,(12 a 17) Adolescencia,Soacha,Cluster 1
"Intolerancia, machismo",Vivienda,Cabecera municipal,Mujer,Hombre,(29 a 59) Adultez,Soacha,Cluster 1
"Intolerancia, machismo",Vivienda,Cabecera municipal,Mujer,Mujer,(06 a 11) Infancia,Soacha,Cluster 1
"Intolerancia, machismo",Vivienda,Cabecera municipal,Mujer,Mujer,(12 a 17) Adolescencia,Soacha,Cluster 1
"Intolerancia, machismo",Vivienda,Cabecera municipal,Mujer,Mujer,(12 a 17) Adolescencia,Soacha,Cluster 1
"Intolerancia, machismo",Vivienda,Cabecera municipal,Mujer,Mujer,(29 a 59) Adultez,Soacha,Cluster 1
Consumo de alcohol y/o sustancias psicoactivas,Vivienda,Cabecera municipal,Mujer,Hombre,(Más de 60) Adulto Mayor,Soacha,Cluster 1
"Intolerancia, machismo",Vivienda,Cabecera municipal,Hombre,Hombre,(Más de 60) Adulto Mayor,Soacha,Cluster 1
Consumo de alcohol y/o sustancias psicoactivas,Vivienda,Cabecera municipal,Hombre,Mujer,(18 a 28) Juventud,Soacha,Cluster 1
"Intolerancia, machismo",Vivienda,Cabecera municipal,Hombre,Hombre,(06 a 11) Infancia,Soacha,Cluster 1
"Intolerancia, machismo",Vivienda,Cabecera municipal,Mujer,Hombre,(00 a 05) Primera Infancia,Soacha,Cluster 1
"Intolerancia, machismo",Vivienda,Cabecera municipal,Hombre,Hombre,(29 a 59) Adultez,Soacha,Cluster 1
"Intolerancia, machismo",Vivienda,Cabecera municipal,Mujer,Hombre,(12 a 17) Adolescencia,Soacha,Cluster 1
"Intolerancia, machismo",Vivienda,Cabecera municipal,Mujer,Mujer,(29 a 59) Adultez,Soacha,Cluster 1
"Intolerancia, machismo",Vivienda,Cabecera municipal,Hombre,Hombre,(00 a 05) Primera Infancia,Soacha,Cluster 1
"Intolerancia, machismo",Vivienda,Cabecera municipal,Mujer,Mujer,(06 a 11) Infancia,Soacha,Cluster 1
"Intolerancia, machismo",Vivienda,Cabecera municipal,Mujer,Hombre,(00 a 05) Primera Infancia,Soacha,Cluster 1
"Intolerancia, machismo",Vivienda,Cabecera municipal,Mujer,Hombre,(06 a 11) Infancia,Soacha,Cluster 1
"Intolerancia, machismo",Vivienda,Cabecera municipal,Mujer,Mujer,(Más de 60) Adulto Mayor,Soacha,Cluster 1
Consumo de alcohol y/o sustancias psicoactivas,"Calle (autopista, avenida, dentro de la ciudad)",Sin información,Mujer,Hombre,(29 a 59) Adultez,Soacha,Cluster 2
Consumo de alcohol y/o sustancias psicoactivas,Vivienda,Cabecera municipal,Hombre,Hombre,(29 a 59) Adultez,Soacha,Cluster 1
"Celos, desconfianza, infidelidad","Establecimiento comercial (tienda, centro comercial, almacén, plaza de mercado)",Cabecera municipal,Mujer,Hombre,(12 a 17) Adolescencia,Soacha,Cluster 3
"Intolerancia, machismo",Vía pública,Cabecera municipal,Mujer,Hombre,(18 a 28) Juventud,Soacha,Cluster 1
"Celos, desconfianza, infidelidad",Vía pública,Cabecera municipal,Hombre,Mujer,(29 a 59) Adultez,Soacha,Cluster 1
"Intolerancia, machismo",Vivienda,Cabecera municipal,Mujer,Hombre,(29 a 59) Adultez,Soacha,Cluster 1
"Intolerancia, machismo",Vivienda,Cabecera municipal,Mujer,Mujer,(29 a 59) Adultez,Soacha,Cluster 1
"Intolerancia, machismo",Vivienda,Cabecera municipal,Hombre,Hombre,(12 a 17) Adolescencia,Soacha,Cluster 1
"Intolerancia, machismo",Vivienda,Cabecera municipal,Mujer,Hombre,(29 a 59) Adultez,Soacha,Cluster 1
"Intolerancia, machismo","Calle (autopista, avenida, dentro de la ciudad)",Sin información,Hombre,Mujer,(29 a 59) Adultez,Soacha,Cluster 2
Consumo de alcohol y/o sustancias psicoactivas,Vivienda,Cabecera municipal,Hombre,Hombre,(18 a 28) Juventud,Soacha,Cluster 1
"Intolerancia, machismo",Vivienda,Cabecera municipal,Mujer,Mujer,(Más de 60) Adulto Mayor,Soacha,Cluster 1
Consumo de alcohol y/o sustancias psicoactivas,Vivienda,Cabecera municipal,Mujer,Mujer,(29 a 59) Adultez,Soacha,Cluster 1
"Intolerancia, machismo",Vivienda,Cabecera municipal,Mujer,Mujer,(29 a 59) Adultez,Soacha,Cluster 1
"Intolerancia, machismo",Vivienda,Cabecera municipal,Hombre,Hombre,(18 a 28) Juventud,Soacha,Cluster 1
"Intolerancia, machismo",Vivienda,Cabecera municipal,Hombre,Hombre,(29 a 59) Adultez,Soacha,Cluster 1
"Intolerancia, machismo",Vivienda,Sin información,Mujer,Mujer,(06 a 11) Infancia,Soacha,Cluster 1
"Intolerancia, machismo",Vivienda,Cabecera municipal,Mujer,Hombre,(12 a 17) Adolescencia,Soacha,Cluster 1
"Intolerancia, machismo",Vivienda,Cabecera municipal,Hombre,Hombre,(Más de 60) Adulto Mayor,Soacha,Cluster 1
"Intolerancia, machismo",Vivienda,Cabecera municipal,Hombre,Mujer,(18 a 28) Juventud,Soacha,Cluster 1
"Intolerancia, machismo",Vivienda,Cabecera municipal,Mujer,Mujer,(18 a 28) Juventud,Soacha,Cluster 1
"Intolerancia, machismo",Vivienda,Cabecera municipal,Mujer,Hombre,(29 a 59) Adultez,Soacha,Cluster 1
Sin información,Vivienda,Sin información,Mujer,Hombre,(00 a 05) Primera Infancia,Soacha,Cluster 1
"Celos, desconfianza, infidelidad",Vivienda,Cabecera municipal,Mujer,Hombre,(29 a 59) Adultez,Soacha,Cluster 1
Consumo de alcohol y/o sustancias psicoactivas,Vivienda,Cabecera municipal,Mujer,Sin información,(Más de 60) Adulto Mayor,Soacha,Cluster 1
"Intolerancia, machismo",Vivienda,Cabecera municipal,Mujer,Hombre,(29 a 59) Adultez,Soacha,Cluster 1
"Intolerancia, machismo",Vivienda,Cabecera municipal,Mujer,Hombre,(Más de 60) Adulto Mayor,Soacha,Cluster 1
"Intolerancia, machismo",Vivienda,Cabecera municipal,Mujer,Hombre,(06 a 11) Infancia,Soacha,Cluster 1
"Intolerancia, machismo",Vivienda,Cabecera municipal,Hombre,Mujer,(29 a 59) Adultez,Soacha,Cluster 1
"Intolerancia, machismo",Vivienda,Cabecera municipal,Hombre,Hombre,(12 a 17) Adolescencia,Soacha,Cluster 1
"Celos, desconfianza, infidelidad",Vía pública,Cabecera municipal,Hombre,Hombre,(29 a 59) Adultez,Soacha,Cluster 1
"Intolerancia, machismo",Vía pública,Cabecera municipal,Mujer,Hombre,(29 a 59) Adultez,Soacha,Cluster 1
"Intolerancia, machismo",Vivienda,Cabecera municipal,Mujer,Hombre,(29 a 59) Adultez,Soacha,Cluster 1
"Intolerancia, machismo",Vivienda,Cabecera municipal,Mujer,Hombre,(29 a 59) Adultez,Soacha,Cluster 1
"Celos, desconfianza, infidelidad",Vivienda,Cabecera municipal,Mujer,Hombre,(Más de 60) Adulto Mayor,Soacha,Cluster 1
"Intolerancia, machismo",Vivienda,Cabecera municipal,Hombre,Mujer,(06 a 11) Infancia,Soacha,Cluster 1
"Intolerancia, machismo",Vivienda,Cabecera municipal,Hombre,Hombre,(00 a 05) Primera Infancia,Soacha,Cluster 1
"Intolerancia, machismo",Vivienda,Cabecera municipal,Mujer,Mujer,(29 a 59) Adultez,Soacha,Cluster 1
"Intolerancia, machismo",Vivienda,Cabecera municipal,Mujer,Mujer,(12 a 17) Adolescencia,Soacha,Cluster 1
"Intolerancia, machismo",Vivienda,Cabecera municipal,Mujer,Hombre,(18 a 28) Juventud,Soacha,Cluster 1
"Intolerancia, machismo",Vivienda,Cabecera municipal,Hombre,Hombre,(29 a 59) Adultez,Soacha,Cluster 1
"Intolerancia, machismo",Vía pública,Cabecera municipal,Mujer,Hombre,(29 a 59) Adultez,Soacha,Cluster 1
"Intolerancia, machismo",Vivienda,Cabecera municipal,Hombre,Hombre,(12 a 17) Adolescencia,Soacha,Cluster 1
"Celos, desconfianza, infidelidad",Vivienda,Cabecera municipal,Mujer,Hombre,(18 a 28) Juventud,Soacha,Cluster 1
"Intolerancia, machismo",Vivienda,Cabecera municipal,Mujer,Mujer,(29 a 59) Adultez,Soacha,Cluster 1
"Intolerancia, machismo","Establecimiento comercial (tienda, centro comercial, almacén, plaza de mercado)",Cabecera municipal,Mujer,Hombre,(29 a 59) Adultez,Soacha,Cluster 3
"Intolerancia, machismo",Vivienda,Cabecera municipal,Mujer,Hombre,(29 a 59) Adultez,Soacha,Cluster 1
"Intolerancia, machismo",Vivienda,Cabecera municipal,Hombre,Hombre,(Más de 60) Adulto Mayor,Soacha,Cluster 1
"Intolerancia, machismo",Vivienda,Cabecera municipal,Hombre,Hombre,(29 a 59) Adultez,Soacha,Cluster 1
"Intolerancia, machismo",Vivienda,Sin información,Hombre,Hombre,(06 a 11) Infancia,Soacha,Cluster 1
"Intolerancia, machismo",Vivienda,Cabecera municipal,Mujer,Sin información,(00 a 05) Primera Infancia,Soacha,Cluster 1
"Intolerancia, machismo",Vía pública,Sin información,Mujer,Mujer,(Más de 60) Adulto Mayor,Soacha,Cluster 1
Consumo de alcohol y/o sustancias psicoactivas,Vivienda,Cabecera municipal,Mujer,Mujer,(06 a 11) Infancia,Soacha,Cluster 1
"Intolerancia, machismo",Vivienda,Cabecera municipal,Mujer,Hombre,(12 a 17) Adolescencia,Soacha,Cluster 1
"Intolerancia, machismo",Vivienda,Cabecera municipal,Mujer,Mujer,(18 a 28) Juventud,Soacha,Cluster 1
"Intolerancia, machismo",Vía pública,Sin información,Mujer,Hombre,(06 a 11) Infancia,Soacha,Cluster 1
"Intolerancia, machismo",Vivienda,Cabecera municipal,Mujer,Hombre,(00 a 05) Primera Infancia,Soacha,Cluster 1
"Intolerancia, machismo",Vivienda,Cabecera municipal,Hombre,Hombre,(00 a 05) Primera Infancia,Soacha,Cluster 1
"Intolerancia, machismo",Vivienda,Cabecera municipal,Mujer,Hombre,(12 a 17) Adolescencia,Soacha,Cluster 1
"Intolerancia, machismo",Vivienda,Cabecera municipal,Hombre,Mujer,(00 a 05) Primera Infancia,Soacha,Cluster 1
"Intolerancia, machismo",Vivienda,Cabecera municipal,Mujer,Mujer,(06 a 11) Infancia,Soacha,Cluster 1
"Intolerancia, machismo",Vía pública,Sin información,Hombre,Hombre,(12 a 17) Adolescencia,Soacha,Cluster 1
"Intolerancia, machismo",Vivienda,Cabecera municipal,Hombre,Hombre,(29 a 59) Adultez,Soacha,Cluster 1
"Intolerancia, machismo",Vivienda,Cabecera municipal,Hombre,Hombre,(29 a 59) Adultez,Soacha,Cluster 1
Consumo de alcohol y/o sustancias psicoactivas,Vivienda,Cabecera municipal,Mujer,Hombre,(29 a 59) Adultez,Soacha,Cluster 1
"Intolerancia, machismo",Vivienda,Cabecera municipal,Mujer,Mujer,(Más de 60) Adulto Mayor,Soacha,Cluster 1
"Intolerancia, machismo",Vivienda,Cabecera municipal,Hombre,Mujer,(00 a 05) Primera Infancia,Soacha,Cluster 1
"Intolerancia, machismo",Vivienda,Cabecera municipal,Mujer,Hombre,(18 a 28) Juventud,Soacha,Cluster 1
"Intolerancia, machismo",Vivienda,Cabecera municipal,Hombre,Hombre,(12 a 17) Adolescencia,Soacha,Cluster 1
"Intolerancia, machismo",Vía pública,Sin información,Hombre,Hombre,(06 a 11) Infancia,Soacha,Cluster 1
"Intolerancia, machismo",Vía pública,Cabecera municipal,Hombre,Hombre,(Más de 60) Adulto Mayor,Soacha,Cluster 1
"Intolerancia, machismo",Vivienda,Cabecera municipal,Hombre,Hombre,(12 a 17) Adolescencia,Soacha,Cluster 1
"Intolerancia, machismo",Vivienda,Cabecera municipal,Hombre,Mujer,(12 a 17) Adolescencia,Soacha,Cluster 1
"Intolerancia, machismo",Vivienda,Cabecera municipal,Mujer,Hombre,(29 a 59) Adultez,Soacha,Cluster 1
"Intolerancia, machismo",Vía pública,Cabecera municipal,Hombre,Mujer,(29 a 59) Adultez,Soacha,Cluster 1
"Intolerancia, machismo",Vivienda,Cabecera municipal,Hombre,Mujer,(06 a 11) Infancia,Soacha,Cluster 1
"Intolerancia, machismo",Vivienda,Cabecera municipal,Mujer,Hombre,(12 a 17) Adolescencia,Soacha,Cluster 1
"Intolerancia, machismo",Vía pública,Sin información,Hombre,Hombre,(00 a 05) Primera Infancia,Soacha,Cluster 1
"Intolerancia, machismo",Vivienda,Cabecera municipal,Mujer,Hombre,(12 a 17) Adolescencia,Soacha,Cluster 1
"Intolerancia, machismo",Vía pública,Sin información,Mujer,Hombre,(06 a 11) Infancia,Soacha,Cluster 1
"Intolerancia, machismo",Vivienda,Cabecera municipal,Hombre,Mujer,(06 a 11) Infancia,Soacha,Cluster 1
"Intolerancia, machismo",Vía pública,Sin información,Mujer,Hombre,(06 a 11) Infancia,Soacha,Cluster 1
Consumo de alcohol y/o sustancias psicoactivas,Vía pública,Cabecera municipal,Hombre,Hombre,(12 a 17) Adolescencia,Soacha,Cluster 1
"Intolerancia, machismo",Vivienda,Cabecera municipal,Hombre,Hombre,(12 a 17) Adolescencia,Soacha,Cluster 1
"Intolerancia, machismo",Vivienda,Cabecera municipal,Mujer,Hombre,(12 a 17) Adolescencia,Soacha,Cluster 1
"Intolerancia, machismo",Vía pública,Sin información,Hombre,Mujer,(12 a 17) Adolescencia,Soacha,Cluster 1
"Celos, desconfianza, infidelidad",Vivienda,Cabecera municipal,Mujer,Mujer,(18 a 28) Juventud,Soacha,Cluster 1
"Intolerancia, machismo",Vivienda,Cabecera municipal,Hombre,Mujer,(18 a 28) Juventud,Soacha,Cluster 1
"Intolerancia, machismo",Vivienda,Cabecera municipal,Mujer,Mujer,(29 a 59) Adultez,Soacha,Cluster 1
"Intolerancia, machismo",Vivienda,Cabecera municipal,Hombre,Hombre,(00 a 05) Primera Infancia,Soacha,Cluster 1
"Intolerancia, machismo",Vivienda,Cabecera municipal,Hombre,Hombre,(18 a 28) Juventud,Soacha,Cluster 1
"Intolerancia, machismo",Vivienda,Cabecera municipal,Hombre,Mujer,(18 a 28) Juventud,Soacha,Cluster 1
"Intolerancia, machismo",Vivienda,Cabecera municipal,Mujer,Hombre,(29 a 59) Adultez,Soacha,Cluster 1
"Intolerancia, machismo",Vivienda,Cabecera municipal,Hombre,Mujer,(18 a 28) Juventud,Soacha,Cluster 1
Consumo de alcohol y/o sustancias psicoactivas,Vivienda,Cabecera municipal,Mujer,Hombre,(Más de 60) Adulto Mayor,Soacha,Cluster 1
"Intolerancia, machismo",Vivienda,Cabecera municipal,Mujer,Mujer,(06 a 11) Infancia,Soacha,Cluster 1
"Intolerancia, machismo",Vía pública,Sin información,Mujer,Hombre,(29 a 59) Adultez,Soacha,Cluster 1
"Intolerancia, machismo",Vivienda,Sin información,Hombre,Mujer,(29 a 59) Adultez,Soacha,Cluster 1
"Intolerancia, machismo",Vía pública,Sin información,Mujer,Hombre,(29 a 59) Adultez,Soacha,Cluster 1
"Intolerancia, machismo",Vía pública,Sin información,Mujer,Mujer,(18 a 28) Juventud,Soacha,Cluster 1
"Intolerancia, machismo",Vía pública,Cabecera municipal,Hombre,Hombre,(29 a 59) Adultez,Soacha,Cluster 1
"Intolerancia, machismo",Vivienda,Cabecera municipal,Mujer,Hombre,(18 a 28) Juventud,Soacha,Cluster 1
"Intolerancia, machismo",Vivienda,Cabecera municipal,Hombre,Hombre,(29 a 59) Adultez,Soacha,Cluster 1
"Intolerancia, machismo",Vivienda,Cabecera municipal,Mujer,Hombre,(06 a 11) Infancia,Soacha,Cluster 1
"Intolerancia, machismo",Vivienda,Sin información,Hombre,Hombre,(00 a 05) Primera Infancia,Soacha,Cluster 1
Consumo de alcohol y/o sustancias psicoactivas,"Calle (autopista, avenida, dentro de la ciudad)",Sin información,Hombre,Hombre,(29 a 59) Adultez,Soacha,Cluster 2
"Intolerancia, machismo",Vivienda,Cabecera municipal,Mujer,Hombre,(18 a 28) Juventud,Soacha,Cluster 1
"Intolerancia, machismo",Vivienda,Cabecera municipal,Mujer,Hombre,(12 a 17) Adolescencia,Soacha,Cluster 1
"Intolerancia, machismo",Vivienda,Cabecera municipal,Mujer,Hombre,(12 a 17) Adolescencia,Soacha,Cluster 1
"Intolerancia, machismo",Vivienda,Cabecera municipal,Mujer,Mujer,(Más de 60) Adulto Mayor,Soacha,Cluster 1
Consumo de alcohol y/o sustancias psicoactivas,Vivienda,Cabecera municipal,Hombre,Hombre,(18 a 28) Juventud,Soacha,Cluster 1
"Intolerancia, machismo",Vivienda,Cabecera municipal,Hombre,Hombre,(29 a 59) Adultez,Soacha,Cluster 1
Consumo de alcohol y/o sustancias psicoactivas,Vivienda,Cabecera municipal,Mujer,Hombre,(Más de 60) Adulto Mayor,Soacha,Cluster 1
"Intolerancia, machismo","Calle (autopista, avenida, dentro de la ciudad)",Sin información,Mujer,Mujer,(29 a 59) Adultez,Soacha,Cluster 2
"Celos, desconfianza, infidelidad",Vivienda,Cabecera municipal,Hombre,Hombre,(29 a 59) Adultez,Soacha,Cluster 1
"Intolerancia, machismo",Vivienda,Cabecera municipal,Mujer,Mujer,(Más de 60) Adulto Mayor,Soacha,Cluster 1
"Intolerancia, machismo",Vivienda,Cabecera municipal,Mujer,Hombre,(12 a 17) Adolescencia,Soacha,Cluster 1
"Intolerancia, machismo",Vivienda,Cabecera municipal,Mujer,Hombre,(29 a 59) Adultez,Soacha,Cluster 1
"Intolerancia, machismo",Vivienda,Cabecera municipal,Mujer,Mujer,(29 a 59) Adultez,Soacha,Cluster 1
"Intolerancia, machismo",Vivienda,Cabecera municipal,Mujer,Hombre,(Más de 60) Adulto Mayor,Soacha,Cluster 1
"Intolerancia, machismo",Vivienda,Cabecera municipal,Hombre,Hombre,(Más de 60) Adulto Mayor,Soacha,Cluster 1
"Intolerancia, machismo",Vivienda,Cabecera municipal,Mujer,Mujer,(Más de 60) Adulto Mayor,Soacha,Cluster 1
"Celos, desconfianza, infidelidad",Vivienda,Cabecera municipal,Mujer,Hombre,(12 a 17) Adolescencia,Soacha,Cluster 1
"Celos, desconfianza, infidelidad",Vivienda,Cabecera municipal,Mujer,Hombre,(18 a 28) Juventud,Soacha,Cluster 1
"Intolerancia, machismo","Lugares de cuidado de personas (hospicios, orfelinatos, hogares geriátricos, etc.)",Cabecera municipal,Mujer,Mujer,(00 a 05) Primera Infancia,Soacha,Cluster 3
"Intolerancia, machismo",Vivienda,Cabecera municipal,Mujer,Mujer,(06 a 11) Infancia,Soacha,Cluster 1
"Intolerancia, machismo",Vivienda,Cabecera municipal,Hombre,Mujer,(00 a 05) Primera Infancia,Soacha,Cluster 1
"Intolerancia, machismo",Vivienda,Cabecera municipal,Mujer,Hombre,(12 a 17) Adolescencia,Soacha,Cluster 1
"Celos, desconfianza, infidelidad",Vivienda,Cabecera municipal,Mujer,Hombre,(Más de 60) Adulto Mayor,Soacha,Cluster 1
"Intolerancia, machismo",Vivienda,Cabecera municipal,Mujer,Hombre,(12 a 17) Adolescencia,Soacha,Cluster 1
"Intolerancia, machismo",Vivienda,Cabecera municipal,Mujer,Hombre,(18 a 28) Juventud,Soacha,Cluster 1
"Intolerancia, machismo",Vivienda,Cabecera municipal,Hombre,Hombre,(29 a 59) Adultez,Soacha,Cluster 1
"Intolerancia, machismo",Vivienda,Cabecera municipal,Hombre,Hombre,(12 a 17) Adolescencia,Soacha,Cluster 1
"Intolerancia, machismo",Vivienda,Cabecera municipal,Mujer,Mujer,(29 a 59) Adultez,Soacha,Cluster 1
Consumo de alcohol y/o sustancias psicoactivas,Vivienda,Cabecera municipal,Hombre,Hombre,(Más de 60) Adulto Mayor,Soacha,Cluster 1
"Intolerancia, machismo",Vía pública,Cabecera municipal,Mujer,Hombre,(29 a 59) Adultez,Soacha,Cluster 1
"Intolerancia, machismo",Vivienda,Sin información,Hombre,Hombre,(29 a 59) Adultez,Soacha,Cluster 1
"Intolerancia, machismo",Vivienda,Cabecera municipal,Mujer,Hombre,(Más de 60) Adulto Mayor,Soacha,Cluster 1
"Intolerancia, machismo",Vía pública,Sin información,Hombre,Hombre,(Más de 60) Adulto Mayor,Soacha,Cluster 1
"Intolerancia, machismo",Vivienda,Cabecera municipal,Mujer,Hombre,(18 a 28) Juventud,Soacha,Cluster 1
"Intolerancia, machismo",Vivienda,Cabecera municipal,Mujer,Mujer,(12 a 17) Adolescencia,Soacha,Cluster 1
"Intolerancia, machismo",Vivienda,Cabecera municipal,Mujer,Hombre,(18 a 28) Juventud,Soacha,Cluster 1
"Intolerancia, machismo",Vivienda,Cabecera municipal,Mujer,Mujer,(29 a 59) Adultez,Soacha,Cluster 1
"Intolerancia, machismo",Vivienda,Cabecera municipal,Mujer,Hombre,(18 a 28) Juventud,Soacha,Cluster 1
"Celos, desconfianza, infidelidad",Vivienda,Cabecera municipal,Mujer,Hombre,(18 a 28) Juventud,Soacha,Cluster 1
"Intolerancia, machismo",Vivienda,Cabecera municipal,Mujer,Hombre,(Más de 60) Adulto Mayor,Soacha,Cluster 1
"Intolerancia, machismo",Vivienda,Cabecera municipal,Mujer,Hombre,(06 a 11) Infancia,Soacha,Cluster 1
"Intolerancia, machismo",Vivienda,Cabecera municipal,Hombre,Hombre,(00 a 05) Primera Infancia,Soacha,Cluster 1
"Intolerancia, machismo",Vivienda,Cabecera municipal,Mujer,Mujer,(Más de 60) Adulto Mayor,Soacha,Cluster 1
"Intolerancia, machismo",Vivienda,Parte rural (vereda y campo),Hombre,Mujer,(29 a 59) Adultez,Soacha,Cluster 1
"Intolerancia, machismo",Vía pública,Cabecera municipal,Mujer,Hombre,(12 a 17) Adolescencia,Soacha,Cluster 1
"Intolerancia, machismo",Vía pública,Cabecera municipal,Hombre,Hombre,(12 a 17) Adolescencia,Soacha,Cluster 1
"Intolerancia, machismo",Vía pública,Cabecera municipal,Mujer,Hombre,(29 a 59) Adultez,Soacha,Cluster 1
"Intolerancia, machismo",Vía pública,Cabecera municipal,Hombre,Hombre,(12 a 17) Adolescencia,Soacha,Cluster 1
"Intolerancia, machismo",Vía pública,Cabecera municipal,Hombre,Hombre,(12 a 17) Adolescencia,Soacha,Cluster 1
"Intolerancia, machismo",Vía pública,Sin información,Mujer,Mujer,(12 a 17) Adolescencia,Soacha,Cluster 1
"Intolerancia, machismo",Vivienda,Cabecera municipal,Hombre,Mujer,(12 a 17) Adolescencia,Soacha,Cluster 1
"Intolerancia, machismo",Vivienda,Cabecera municipal,Mujer,Mujer,(12 a 17) Adolescencia,Soacha,Cluster 1
Consumo de alcohol y/o sustancias psicoactivas,Vivienda,Cabecera municipal,Mujer,Hombre,(Más de 60) Adulto Mayor,Soacha,Cluster 1
"Intolerancia, machismo",Vivienda,Sin información,Hombre,Hombre,(12 a 17) Adolescencia,Soacha,Cluster 1
Consumo de alcohol y/o sustancias psicoactivas,Vivienda,Cabecera municipal,Mujer,Hombre,(Más de 60) Adulto Mayor,Soacha,Cluster 1
Consumo de alcohol y/o sustancias psicoactivas,Vivienda,Cabecera municipal,Hombre,Hombre,(06 a 11) Infancia,Soacha,Cluster 1
"Intolerancia, machismo",Vivienda,Cabecera municipal,Hombre,Mujer,(06 a 11) Infancia,Soacha,Cluster 1
"Intolerancia, machismo",Vía pública,Cabecera municipal,Mujer,Mujer,(29 a 59) Adultez,Soacha,Cluster 1
"Intolerancia, machismo",Vivienda,Cabecera municipal,Hombre,Hombre,(12 a 17) Adolescencia,Soacha,Cluster 1
"Intolerancia, machismo",Vivienda,Cabecera municipal,Mujer,Hombre,(12 a 17) Adolescencia,Soacha,Cluster 1
"Intolerancia, machismo",Vía pública,Sin información,Hombre,Mujer,(06 a 11) Infancia,Soacha,Cluster 1
"Intolerancia, machismo","Calle (autopista, avenida, dentro de la ciudad)",Cabecera municipal,Hombre,Hombre,(00 a 05) Primera Infancia,Soacha,Cluster 2
Consumo de alcohol y/o sustancias psicoactivas,Vivienda,Cabecera municipal,Hombre,Hombre,(29 a 59) Adultez,Soacha,Cluster 1
"Intolerancia, machismo",Vivienda,Cabecera municipal,Hombre,Mujer,(12 a 17) Adolescencia,Soacha,Cluster 1
"Intolerancia, machismo",Vivienda,Cabecera municipal,Hombre,Mujer,(29 a 59) Adultez,Soacha,Cluster 1
"Intolerancia, machismo",Vivienda,Cabecera municipal,Mujer,Hombre,(12 a 17) Adolescencia,Soacha,Cluster 1
"Intolerancia, machismo",Vivienda,Cabecera municipal,Hombre,Hombre,(12 a 17) Adolescencia,Soacha,Cluster 1
"Intolerancia, machismo",Vivienda,Cabecera municipal,Mujer,Mujer,(Más de 60) Adulto Mayor,Soacha,Cluster 1
"Intolerancia, machismo","Calle (autopista, avenida, dentro de la ciudad)",Sin información,Hombre,Hombre,(18 a 28) Juventud,Soacha,Cluster 2
"Intolerancia, machismo",Vía pública,Sin información,Mujer,Hombre,(12 a 17) Adolescencia,Soacha,Cluster 1
"Intolerancia, machismo",Vivienda,Cabecera municipal,Hombre,Hombre,(06 a 11) Infancia,Soacha,Cluster 1
"Intolerancia, machismo",Vía pública,Sin información,Mujer,Mujer,(29 a 59) Adultez,Soacha,Cluster 1
"Intolerancia, machismo",Vivienda,Cabecera municipal,Hombre,Hombre,(29 a 59) Adultez,Soacha,Cluster 1
"Intolerancia, machismo",Vivienda,Cabecera municipal,Hombre,Mujer,(29 a 59) Adultez,Soacha,Cluster 1
"Intolerancia, machismo",Vivienda,Sin información,Mujer,Hombre,(06 a 11) Infancia,Soacha,Cluster 1
"Intolerancia, machismo",Vía pública,Cabecera municipal,Hombre,Hombre,(12 a 17) Adolescencia,Soacha,Cluster 1
"Intolerancia, machismo",Vivienda,Cabecera municipal,Mujer,Hombre,(12 a 17) Adolescencia,Soacha,Cluster 1
"Intolerancia, machismo",Vivienda,Cabecera municipal,Hombre,Hombre,(29 a 59) Adultez,Soacha,Cluster 1
"Intolerancia, machismo",Vehículo de transporte,Parte rural (vereda y campo),Hombre,Hombre,(18 a 28) Juventud,Cajicá,Cluster 1
"Intolerancia, machismo",Vivienda,Cabecera municipal,Mujer,Mujer,(00 a 05) Primera Infancia,Cajicá,Cluster 1
"Intolerancia, machismo",Vivienda,Cabecera municipal,Mujer,Hombre,(18 a 28) Juventud,Pacho,Cluster 1
"Intolerancia, machismo",Vivienda,Cabecera municipal,Hombre,Hombre,(00 a 05) Primera Infancia,Cajicá,Cluster 1
Sin información,Vivienda,Cabecera municipal,Hombre,Mujer,(00 a 05) Primera Infancia,Cajicá,Cluster 1
"Intolerancia, machismo",Vivienda,Cabecera municipal,Mujer,Hombre,(12 a 17) Adolescencia,Soacha,Cluster 1
"Intolerancia, machismo",Vivienda,"Centro poblado (corregimiento, inspección de policía y caserío)",Mujer,Mujer,(29 a 59) Adultez,Chía,Cluster 1
Consumo de alcohol y/o sustancias psicoactivas,Vivienda,"Centro poblado (corregimiento, inspección de policía y caserío)",Hombre,Mujer,(18 a 28) Juventud,Guaduas,Cluster 1
Otras razones,Vivienda,"Centro poblado (corregimiento, inspección de policía y caserío)",Mujer,Hombre,(Más de 60) Adulto Mayor,Guaduas,Cluster 1
"Intolerancia, machismo",Vivienda,"Centro poblado (corregimiento, inspección de policía y caserío)",Mujer,Mujer,(06 a 11) Infancia,Guaduas,Cluster 1
"Intolerancia, machismo",Vivienda,Sin información,Mujer,Mujer,(12 a 17) Adolescencia,Soacha,Cluster 1
"Intolerancia, machismo",Vivienda,Cabecera municipal,Mujer,Mujer,(12 a 17) Adolescencia,Soacha,Cluster 1
"Intolerancia, machismo",Vivienda,Cabecera municipal,Mujer,Hombre,(29 a 59) Adultez,Soacha,Cluster 1
"Intolerancia, machismo",Vía pública,Cabecera municipal,Mujer,Hombre,(18 a 28) Juventud,Soacha,Cluster 1
"Intolerancia, machismo",Vivienda,Cabecera municipal,Mujer,Hombre,(06 a 11) Infancia,Soacha,Cluster 1
"Intolerancia, machismo",Vivienda,Cabecera municipal,Hombre,Mujer,(00 a 05) Primera Infancia,Cota,Cluster 1
Consumo de alcohol y/o sustancias psicoactivas,Vivienda,Cabecera municipal,Hombre,Mujer,(12 a 17) Adolescencia,Soacha,Cluster 1
"Intolerancia, machismo",Vivienda,Cabecera municipal,Hombre,Hombre,(12 a 17) Adolescencia,Soacha,Cluster 1
Otras razones,Vía pública,Sin información,Mujer,Sin información,(06 a 11) Infancia,Soacha,Cluster 1
"Intolerancia, machismo","Calle (autopista, avenida, dentro de la ciudad)",Sin información,Mujer,Hombre,(00 a 05) Primera Infancia,Girardot,Cluster 2
"Intolerancia, machismo",Vivienda,Cabecera municipal,Hombre,Hombre,(12 a 17) Adolescencia,Soacha,Cluster 1
"Intolerancia, machismo",Vivienda,Cabecera municipal,Mujer,Mujer,(06 a 11) Infancia,Soacha,Cluster 1
Sin información,Vivienda,Cabecera municipal,Mujer,Sin información,(12 a 17) Adolescencia,Soacha,Cluster 1
"Intolerancia, machismo",Vivienda,Cabecera municipal,Hombre,Mujer,(06 a 11) Infancia,Soacha,Cluster 1
"Intolerancia, machismo",Vivienda,Cabecera municipal,Hombre,Hombre,(06 a 11) Infancia,Soacha,Cluster 1
"Intolerancia, machismo",Vivienda,Cabecera municipal,Hombre,Sin información,(06 a 11) Infancia,Soacha,Cluster 1
Sin información,Vivienda,Cabecera municipal,Mujer,Hombre,(06 a 11) Infancia,Soacha,Cluster 1
"Intolerancia, machismo",Vivienda,Cabecera municipal,Hombre,Hombre,(12 a 17) Adolescencia,Soacha,Cluster 1
"Intolerancia, machismo",Vivienda,Cabecera municipal,Mujer,Hombre,(06 a 11) Infancia,Soacha,Cluster 1
"Intolerancia, machismo",Vivienda,Cabecera municipal,Hombre,Mujer,(12 a 17) Adolescencia,Soacha,Cluster 1
"Intolerancia, machismo",Vivienda,Cabecera municipal,Hombre,Hombre,(12 a 17) Adolescencia,Soacha,Cluster 1
"Intolerancia, machismo",Vivienda,Sin información,Hombre,Mujer,(06 a 11) Infancia,Soacha,Cluster 1
"Intolerancia, machismo",Vivienda,Cabecera municipal,Hombre,Mujer,(00 a 05) Primera Infancia,Soacha,Cluster 1
Consumo de alcohol y/o sustancias psicoactivas,Vivienda,Cabecera municipal,Mujer,Hombre,(00 a 05) Primera Infancia,Girardot,Cluster 1
"Intolerancia, machismo",Vivienda,Sin información,Hombre,Mujer,(06 a 11) Infancia,Soacha,Cluster 1
Otras razones,Vivienda,Cabecera municipal,Hombre,Mujer,(06 a 11) Infancia,Soacha,Cluster 1
Otras razones,Vivienda,Sin información,Hombre,Hombre,(06 a 11) Infancia,Chía,Cluster 1
"Intolerancia, machismo",Vivienda,Cabecera municipal,Mujer,Mujer,(12 a 17) Adolescencia,Soacha,Cluster 1
"Intolerancia, machismo",Vivienda,Cabecera municipal,Mujer,Hombre,(12 a 17) Adolescencia,Cajicá,Cluster 1
"Intolerancia, machismo",Vivienda,Cabecera municipal,Hombre,Hombre,(06 a 11) Infancia,Soacha,Cluster 1
"Intolerancia, machismo",Vivienda,Cabecera municipal,Hombre,Mujer,(00 a 05) Primera Infancia,Soacha,Cluster 1
"Intolerancia, machismo",Vivienda,Cabecera municipal,Hombre,Mujer,(06 a 11) Infancia,Soacha,Cluster 1
Sin información,Vivienda,Sin información,Mujer,Hombre,(06 a 11) Infancia,Soacha,Cluster 1
"Intolerancia, machismo",Vivienda,Cabecera municipal,Mujer,Mujer,(06 a 11) Infancia,Cajicá,Cluster 1
"Intolerancia, machismo",Vivienda,Cabecera municipal,Hombre,Hombre,(12 a 17) Adolescencia,Soacha,Cluster 1
Sin información,Vivienda,Cabecera municipal,Hombre,Sin información,(12 a 17) Adolescencia,Soacha,Cluster 1
"Intolerancia, machismo",Vivienda,Cabecera municipal,Hombre,Hombre,(06 a 11) Infancia,Soacha,Cluster 1
"Intolerancia, machismo",Vivienda,Cabecera municipal,Mujer,Hombre,(06 a 11) Infancia,Soacha,Cluster 1
"Intolerancia, machismo",Vivienda,Cabecera municipal,Mujer,Hombre,(12 a 17) Adolescencia,Soacha,Cluster 1
"Intolerancia, machismo",Vivienda,Cabecera municipal,Hombre,Hombre,(00 a 05) Primera Infancia,Soacha,Cluster 1
"Intolerancia, machismo",Oficinas y/o edificios de oficinas,Cabecera municipal,Hombre,Hombre,(29 a 59) Adultez,Cota,Cluster 3
"Intolerancia, machismo","Calle (autopista, avenida, dentro de la ciudad)",Cabecera municipal,Hombre,Hombre,(18 a 28) Juventud,Chía,Cluster 2
Consumo de alcohol y/o sustancias psicoactivas,Vivienda,Cabecera municipal,Hombre,Hombre,(29 a 59) Adultez,Soacha,Cluster 1
"Intolerancia, machismo","Calle (autopista, avenida, dentro de la ciudad)",Cabecera municipal,Mujer,Mujer,(29 a 59) Adultez,Soacha,Cluster 2
"Intolerancia, machismo",Vivienda,Cabecera municipal,Mujer,Hombre,(29 a 59) Adultez,Soacha,Cluster 1
"Intolerancia, machismo",Vivienda,Cabecera municipal,Mujer,Hombre,(29 a 59) Adultez,Soacha,Cluster 1
"Intolerancia, machismo",Vivienda,Cabecera municipal,Mujer,Hombre,(00 a 05) Primera Infancia,Soacha,Cluster 1
Consumo de alcohol y/o sustancias psicoactivas,"Establecimiento comercial (plaza de mercado, galería)",Cabecera municipal,Mujer,Mujer,(29 a 59) Adultez,Pacho,Cluster 2
"Intolerancia, machismo",Vivienda,Cabecera municipal,Mujer,Hombre,(29 a 59) Adultez,Soacha,Cluster 1
Sin información,Zonas de actividades agropecuarias,Sin información,Hombre,Mujer,(29 a 59) Adultez,Pacho,Cluster 1
"Intolerancia, machismo",Vivienda,Cabecera municipal,Hombre,Mujer,(18 a 28) Juventud,Soacha,Cluster 1
"Intolerancia, machismo",Vivienda,Cabecera municipal,Mujer,Hombre,(29 a 59) Adultez,Soacha,Cluster 1
Consumo de alcohol y/o sustancias psicoactivas,Vivienda,Cabecera municipal,Mujer,Hombre,(29 a 59) Adultez,Soacha,Cluster 1
Sin información,Vivienda,Cabecera municipal,Mujer,Hombre,(Más de 60) Adulto Mayor,Soacha,Cluster 1
Consumo de alcohol y/o sustancias psicoactivas,Vivienda,Cabecera municipal,Mujer,Hombre,(18 a 28) Juventud,Soacha,Cluster 1
Otras razones,Vivienda,Cabecera municipal,Hombre,Hombre,(Más de 60) Adulto Mayor,Soacha,Cluster 1
"Intolerancia, machismo",Vivienda,Cabecera municipal,Mujer,Hombre,(29 a 59) Adultez,Soacha,Cluster 1
"Intolerancia, machismo",Vivienda,Cabecera municipal,Hombre,Hombre,(18 a 28) Juventud,Soacha,Cluster 1
Consumo de alcohol y/o sustancias psicoactivas,Vivienda,Cabecera municipal,Mujer,Hombre,(Más de 60) Adulto Mayor,Soacha,Cluster 1
"Intolerancia, machismo",Vivienda,Cabecera municipal,Hombre,Mujer,(18 a 28) Juventud,Soacha,Cluster 1
Otras razones,"Calle (autopista, avenida, dentro de la ciudad)",Cabecera municipal,Mujer,Mujer,(18 a 28) Juventud,Soacha,Cluster 2
"Intolerancia, machismo",Vivienda,Cabecera municipal,Mujer,Hombre,(29 a 59) Adultez,Soacha,Cluster 1
"Intolerancia, machismo",Vivienda,Cabecera municipal,Mujer,Mujer,(29 a 59) Adultez,Guaduas,Cluster 1
"Intolerancia, machismo",Vivienda,Cabecera municipal,Mujer,Hombre,(18 a 28) Juventud,Soacha,Cluster 1
Consumo de alcohol y/o sustancias psicoactivas,Vivienda,Cabecera municipal,Mujer,Mujer,(18 a 28) Juventud,Soacha,Cluster 1
"Intolerancia, machismo",Vivienda,Cabecera municipal,Hombre,Mujer,(29 a 59) Adultez,Soacha,Cluster 1
"Intolerancia, machismo",Vivienda,Cabecera municipal,Hombre,Mujer,(29 a 59) Adultez,Soacha,Cluster 1
"Intolerancia, machismo",Vivienda,Cabecera municipal,Mujer,Hombre,(29 a 59) Adultez,Soacha,Cluster 1
Consumo de alcohol y/o sustancias psicoactivas,Vivienda,Cabecera municipal,Hombre,Hombre,(29 a 59) Adultez,Soacha,Cluster 1
Económicas,"Calle (autopista, avenida, dentro de la ciudad)",Cabecera municipal,Hombre,Mujer,(18 a 28) Juventud,Soacha,Cluster 2
Sin información,Vivienda,Cabecera municipal,Mujer,Hombre,(29 a 59) Adultez,Soacha,Cluster 1
Sin información,Vivienda,Cabecera municipal,Hombre,Hombre,(18 a 28) Juventud,Soacha,Cluster 1
"Intolerancia, machismo",Vivienda,Parte rural (vereda y campo),Mujer,Hombre,(Más de 60) Adulto Mayor,Chía,Cluster 1
"Intolerancia, machismo",Vivienda,Cabecera municipal,Hombre,Mujer,(29 a 59) Adultez,Soacha,Cluster 1
"Intolerancia, machismo",Vía pública,Parte rural (vereda y campo),Mujer,Hombre,(29 a 59) Adultez,Guaduas,Cluster 1
"Celos, desconfianza, infidelidad",Vivienda,Cabecera municipal,Mujer,Mujer,(18 a 28) Juventud,Soacha,Cluster 1
"Intolerancia, machismo",Vivienda,Cabecera municipal,Hombre,Mujer,(29 a 59) Adultez,Soacha,Cluster 1
"Intolerancia, machismo",Vivienda,Cabecera municipal,Hombre,Hombre,(29 a 59) Adultez,Soacha,Cluster 1
"Intolerancia, machismo",Vivienda,Cabecera municipal,Mujer,Hombre,(18 a 28) Juventud,Soacha,Cluster 1
"Intolerancia, machismo",Vivienda,Cabecera municipal,Hombre,Mujer,(29 a 59) Adultez,Soacha,Cluster 1
Consumo de alcohol y/o sustancias psicoactivas,Vivienda,Cabecera municipal,Mujer,Hombre,(Más de 60) Adulto Mayor,Soacha,Cluster 1
"Intolerancia, machismo",Vivienda,Cabecera municipal,Hombre,Hombre,(18 a 28) Juventud,Soacha,Cluster 1
"Intolerancia, machismo",Vivienda,Cabecera municipal,Hombre,Hombre,(Más de 60) Adulto Mayor,Soacha,Cluster 1
"Intolerancia, machismo",Vivienda,Cabecera municipal,Hombre,Hombre,(18 a 28) Juventud,Soacha,Cluster 1
Sin información,Vivienda,Cabecera municipal,Hombre,Mujer,(29 a 59) Adultez,Soacha,Cluster 1
"Intolerancia, machismo",Vivienda,Cabecera municipal,Hombre,Hombre,(18 a 28) Juventud,Soacha,Cluster 1
Sin información,Vivienda,Cabecera municipal,Hombre,Hombre,(18 a 28) Juventud,Soacha,Cluster 1
Sin información,Vivienda,Cabecera municipal,Hombre,Hombre,(29 a 59) Adultez,Soacha,Cluster 1
"Intolerancia, machismo","Calle (autopista, avenida, dentro de la ciudad)",Cabecera municipal,Mujer,Hombre,(00 a 05) Primera Infancia,Soacha,Cluster 2
"Intolerancia, machismo",Vivienda,"Centro poblado (corregimiento, inspección de policía y caserío)",Mujer,Hombre,(29 a 59) Adultez,Cota,Cluster 1
"Intolerancia, machismo",Vivienda,Cabecera municipal,Mujer,Mujer,(29 a 59) Adultez,Soacha,Cluster 1
"Intolerancia, machismo",Vivienda,Cabecera municipal,Mujer,Mujer,(18 a 28) Juventud,Soacha,Cluster 1
"Intolerancia, machismo",Vivienda,Cabecera municipal,Mujer,Hombre,(18 a 28) Juventud,Girardot,Cluster 1
"Intolerancia, machismo",Vivienda,Cabecera municipal,Mujer,Mujer,(Más de 60) Adulto Mayor,Girardot,Cluster 1
"Intolerancia, machismo",Vivienda,Parte rural (vereda y campo),Mujer,Mujer,(18 a 28) Juventud,Cajicá,Cluster 1
"Intolerancia, machismo",Vivienda,Cabecera municipal,Mujer,Mujer,(29 a 59) Adultez,Cajicá,Cluster 1
"Intolerancia, machismo",Vivienda,Cabecera municipal,Hombre,Mujer,(18 a 28) Juventud,Cajicá,Cluster 1
"Intolerancia, machismo","Calle (autopista, avenida, dentro de la ciudad)",Parte rural (vereda y campo),Hombre,Hombre,(18 a 28) Juventud,Cajicá,Cluster 2
Consumo de alcohol y/o sustancias psicoactivas,Vivienda,Cabecera municipal,Mujer,Hombre,(29 a 59) Adultez,Cajicá,Cluster 1
Consumo de alcohol y/o sustancias psicoactivas,Vivienda,Cabecera municipal,Mujer,Hombre,(Más de 60) Adulto Mayor,Cajicá,Cluster 1
"Intolerancia, machismo",Vivienda,Parte rural (vereda y campo),Mujer,Hombre,(18 a 28) Juventud,Cajicá,Cluster 1
Otras razones,Vivienda,Parte rural (vereda y campo),Mujer,Mujer,(12 a 17) Adolescencia,Cajicá,Cluster 1
"Intolerancia, machismo",Vivienda,Parte rural (vereda y campo),Mujer,Mujer,(29 a 59) Adultez,Cajicá,Cluster 1
"Intolerancia, machismo",Vivienda,Cabecera municipal,Hombre,Mujer,(06 a 11) Infancia,Cajicá,Cluster 1
"Intolerancia, machismo",Vivienda,Cabecera municipal,Mujer,Hombre,(29 a 59) Adultez,Cajicá,Cluster 1
"Intolerancia, machismo","Calle (autopista, avenida, dentro de la ciudad)",Cabecera municipal,Mujer,Hombre,(06 a 11) Infancia,Cajicá,Cluster 2
"Intolerancia, machismo",Vivienda,"Centro poblado (corregimiento, inspección de policía y caserío)",Hombre,Mujer,(00 a 05) Primera Infancia,Cajicá,Cluster 1
"Intolerancia, machismo","Calle (autopista, avenida, dentro de la ciudad)",Cabecera municipal,Hombre,Hombre,(29 a 59) Adultez,Cajicá,Cluster 2
Consumo de alcohol y/o sustancias psicoactivas,Lugares de esparcimiento con expendio de alcohol,Cabecera municipal,Hombre,Hombre,(Más de 60) Adulto Mayor,Cajicá,Cluster 3
"Intolerancia, machismo","Calle (autopista, avenida, dentro de la ciudad)",Sin información,Mujer,Hombre,(12 a 17) Adolescencia,Cajicá,Cluster 2
"Intolerancia, machismo",Vivienda,Cabecera municipal,Mujer,Mujer,(18 a 28) Juventud,Cajicá,Cluster 1
"Intolerancia, machismo",Vivienda,Sin información,Mujer,Hombre,(29 a 59) Adultez,Cajicá,Cluster 1
"Intolerancia, machismo",Vivienda,Sin información,Hombre,Hombre,(18 a 28) Juventud,Cajicá,Cluster 1
"Intolerancia, machismo",Vivienda,Parte rural (vereda y campo),Mujer,Mujer,(12 a 17) Adolescencia,Cajicá,Cluster 1
"Intolerancia, machismo",Vivienda,Parte rural (vereda y campo),Mujer,Mujer,(12 a 17) Adolescencia,Cajicá,Cluster 1
"Intolerancia, machismo",Centros educativos,Cabecera municipal,Mujer,Hombre,(12 a 17) Adolescencia,Cajicá,Cluster 2
Consumo de alcohol y/o sustancias psicoactivas,Vivienda,Cabecera municipal,Hombre,Hombre,(Más de 60) Adulto Mayor,Cajicá,Cluster 1
"Intolerancia, machismo",Vivienda,Cabecera municipal,Mujer,Hombre,(12 a 17) Adolescencia,Cajicá,Cluster 1
"Intolerancia, machismo",Vivienda,Parte rural (vereda y campo),Hombre,Mujer,(06 a 11) Infancia,Cajicá,Cluster 1
"Intolerancia, machismo",Vivienda,Cabecera municipal,Mujer,Hombre,(29 a 59) Adultez,Cajicá,Cluster 1
"Intolerancia, machismo",Vivienda,Parte rural (vereda y campo),Hombre,Mujer,(06 a 11) Infancia,Cajicá,Cluster 1
"Intolerancia, machismo",Vivienda,Parte rural (vereda y campo),Hombre,Mujer,(06 a 11) Infancia,Cajicá,Cluster 1
"Intolerancia, machismo",Vivienda,"Centro poblado (corregimiento, inspección de policía y caserío)",Mujer,Hombre,(18 a 28) Juventud,Cajicá,Cluster 1
"Intolerancia, machismo","Establecimiento comercial (tienda, centro comercial, almacen)","Centro poblado (corregimiento, inspección de policía y caserío)",Hombre,Mujer,(18 a 28) Juventud,Cajicá,Cluster 2
"Intolerancia, machismo","Establecimiento comercial (tienda, centro comercial, almacen)","Centro poblado (corregimiento, inspección de policía y caserío)",Mujer,Mujer,(18 a 28) Juventud,Cajicá,Cluster 2
"Intolerancia, machismo",Vivienda,Cabecera municipal,Mujer,Hombre,(18 a 28) Juventud,Cajicá,Cluster 1
"Intolerancia, machismo",Vivienda,"Centro poblado (corregimiento, inspección de policía y caserío)",Mujer,Mujer,(18 a 28) Juventud,Cajicá,Cluster 1
"Intolerancia, machismo",Vivienda,Sin información,Mujer,Mujer,(Más de 60) Adulto Mayor,Cajicá,Cluster 1
"Intolerancia, machismo",Vivienda,Cabecera municipal,Mujer,Hombre,(Más de 60) Adulto Mayor,Cajicá,Cluster 1
"Intolerancia, machismo",Vivienda,"Centro poblado (corregimiento, inspección de policía y caserío)",Hombre,Hombre,(29 a 59) Adultez,Chía,Cluster 1
"Intolerancia, machismo",Vivienda,"Centro poblado (corregimiento, inspección de policía y caserío)",Mujer,Mujer,(29 a 59) Adultez,Chía,Cluster 1
"Intolerancia, machismo",Vivienda,Parte rural (vereda y campo),Mujer,Hombre,(29 a 59) Adultez,Chía,Cluster 1
"Intolerancia, machismo",Vivienda,Parte rural (vereda y campo),Hombre,Hombre,(29 a 59) Adultez,Chía,Cluster 1
"Intolerancia, machismo","Establecimiento comercial (tienda, centro comercial, almacen)",Sin información,Hombre,Hombre,(06 a 11) Infancia,Cajicá,Cluster 2
"Intolerancia, machismo",Vivienda,Cabecera municipal,Mujer,Mujer,(12 a 17) Adolescencia,Cajicá,Cluster 1
"Intolerancia, machismo",Vivienda,"Centro poblado (corregimiento, inspección de policía y caserío)",Hombre,Hombre,(06 a 11) Infancia,Cajicá,Cluster 1
Consumo de alcohol y/o sustancias psicoactivas,Vivienda,Cabecera municipal,Hombre,Hombre,(18 a 28) Juventud,Cajicá,Cluster 1
"Intolerancia, machismo",Vivienda,"Centro poblado (corregimiento, inspección de policía y caserío)",Mujer,Mujer,(06 a 11) Infancia,Cajicá,Cluster 1
"Intolerancia, machismo",Vivienda,"Centro poblado (corregimiento, inspección de policía y caserío)",Mujer,Hombre,(29 a 59) Adultez,Cajicá,Cluster 1
"Intolerancia, machismo",Vivienda,Cabecera municipal,Mujer,Mujer,(29 a 59) Adultez,Cajicá,Cluster 1
"Intolerancia, machismo",Vivienda,"Centro poblado (corregimiento, inspección de policía y caserío)",Mujer,Mujer,(29 a 59) Adultez,Cajicá,Cluster 1
"Intolerancia, machismo","Establecimiento comercial (tienda, centro comercial, almacen)",Cabecera municipal,Mujer,Hombre,(29 a 59) Adultez,Cajicá,Cluster 2
"Intolerancia, machismo",Sin información,"Centro poblado (corregimiento, inspección de policía y caserío)",Mujer,Hombre,(12 a 17) Adolescencia,Cajicá,Cluster 3
"Intolerancia, machismo",Vivienda,"Centro poblado (corregimiento, inspección de policía y caserío)",Mujer,Mujer,(18 a 28) Juventud,Cajicá,Cluster 1
"Intolerancia, machismo",Vivienda,Cabecera municipal,Mujer,Mujer,(12 a 17) Adolescencia,Cajicá,Cluster 1
Consumo de alcohol y/o sustancias psicoactivas,Vivienda,"Centro poblado (corregimiento, inspección de policía y caserío)",Mujer,Hombre,(Más de 60) Adulto Mayor,Cajicá,Cluster 1
Consumo de alcohol y/o sustancias psicoactivas,Vivienda,Parte rural (vereda y campo),Mujer,Hombre,(Más de 60) Adulto Mayor,Cajicá,Cluster 1
"Intolerancia, machismo","Calle (autopista, avenida, dentro de la ciudad)","Centro poblado (corregimiento, inspección de policía y caserío)",Hombre,Hombre,(29 a 59) Adultez,Cajicá,Cluster 2
Consumo de alcohol y/o sustancias psicoactivas,Vivienda,Cabecera municipal,Hombre,Hombre,(29 a 59) Adultez,Cajicá,Cluster 1
"Intolerancia, machismo",Vivienda,"Centro poblado (corregimiento, inspección de policía y caserío)",Mujer,Hombre,(18 a 28) Juventud,Cajicá,Cluster 1
"Intolerancia, machismo",Vivienda,"Centro poblado (corregimiento, inspección de policía y caserío)",Hombre,Hombre,(Más de 60) Adulto Mayor,Cajicá,Cluster 1
"Intolerancia, machismo",Vivienda,Cabecera municipal,Mujer,Mujer,(29 a 59) Adultez,Cota,Cluster 1
Consumo de alcohol y/o sustancias psicoactivas,"Calle (autopista, avenida, dentro de la ciudad)",Cabecera municipal,Mujer,Hombre,(29 a 59) Adultez,Cota,Cluster 2
Consumo de alcohol y/o sustancias psicoactivas,"Calle (autopista, avenida, dentro de la ciudad)",Cabecera municipal,Hombre,Hombre,(29 a 59) Adultez,Cota,Cluster 2
"Intolerancia, machismo",Vivienda,Cabecera municipal,Mujer,Mujer,(06 a 11) Infancia,Cota,Cluster 1
"Intolerancia, machismo","Calle (autopista, avenida, dentro de la ciudad)",Parte rural (vereda y campo),Mujer,Mujer,(18 a 28) Juventud,Cota,Cluster 2
"Intolerancia, machismo","Calle (autopista, avenida, dentro de la ciudad)",Parte rural (vereda y campo),Mujer,Mujer,(18 a 28) Juventud,Cota,Cluster 2
"Intolerancia, machismo","Calle (autopista, avenida, dentro de la ciudad)",Parte rural (vereda y campo),Mujer,Mujer,(29 a 59) Adultez,Cota,Cluster 2
"Intolerancia, machismo",Vivienda,Parte rural (vereda y campo),Hombre,Mujer,(06 a 11) Infancia,Cota,Cluster 1
Sin información,Vivienda,Parte rural (vereda y campo),Hombre,Hombre,(00 a 05) Primera Infancia,Cota,Cluster 1
Consumo de alcohol y/o sustancias psicoactivas,"Calle (autopista, avenida, dentro de la ciudad)",Parte rural (vereda y campo),Hombre,Hombre,(29 a 59) Adultez,Guaduas,Cluster 2
Consumo de alcohol y/o sustancias psicoactivas,"Calle (autopista, avenida, dentro de la ciudad)",Cabecera municipal,Mujer,Hombre,(18 a 28) Juventud,Cota,Cluster 2
"Intolerancia, machismo",Centros educativos,Parte rural (vereda y campo),Hombre,Hombre,(12 a 17) Adolescencia,Chía,Cluster 2
Consumo de alcohol y/o sustancias psicoactivas,"Lugares de hospedaje (hoteles, campamentos y otros tipos de hospedaje no permanente, moteles, etc.)",Parte rural (vereda y campo),Mujer,Hombre,(29 a 59) Adultez,Chía,Cluster 3
Sin información,Vivienda,Sin información,Mujer,Hombre,(18 a 28) Juventud,Chía,Cluster 1
Consumo de alcohol y/o sustancias psicoactivas,Lugares de esparcimiento con expendio de alcohol,Cabecera municipal,Hombre,Hombre,(12 a 17) Adolescencia,Cota,Cluster 3
"Intolerancia, machismo","Lugares de hospedaje (hoteles, campamentos y otros tipos de hospedaje no permanente, moteles, etc.)",Cabecera municipal,Mujer,Hombre,(12 a 17) Adolescencia,Chía,Cluster 3
"Intolerancia, machismo","Lugares de hospedaje (hoteles, campamentos y otros tipos de hospedaje no permanente, moteles, etc.)",Parte rural (vereda y campo),Mujer,Hombre,(00 a 05) Primera Infancia,Chía,Cluster 3
"Intolerancia, machismo","Lugares de hospedaje (hoteles, campamentos y otros tipos de hospedaje no permanente, moteles, etc.)",Parte rural (vereda y campo),Hombre,Hombre,(12 a 17) Adolescencia,Cota,Cluster 3
"Intolerancia, machismo",Vivienda,Sin información,Hombre,Hombre,(18 a 28) Juventud,Chía,Cluster 1
Sin información,Sin información,Parte rural (vereda y campo),Mujer,Hombre,(Más de 60) Adulto Mayor,Chía,Cluster 3
"Intolerancia, machismo","Calle (autopista, avenida, dentro de la ciudad)","Centro poblado (corregimiento, inspección de policía y caserío)",Hombre,Hombre,(29 a 59) Adultez,Chía,Cluster 2
"Intolerancia, machismo",Vivienda,Parte rural (vereda y campo),Mujer,Mujer,(12 a 17) Adolescencia,Chía,Cluster 1
Otras razones,Vivienda,Parte rural (vereda y campo),Hombre,Mujer,(00 a 05) Primera Infancia,Chía,Cluster 1
Económicas,"Lugares de hospedaje (hoteles, campamentos y otros tipos de hospedaje no permanente, moteles, etc.)",Cabecera municipal,Mujer,Hombre,(18 a 28) Juventud,Chía,Cluster 3
"Intolerancia, machismo",Zonas de actividades agropecuarias,"Centro poblado (corregimiento, inspección de policía y caserío)",Hombre,Hombre,(29 a 59) Adultez,Chía,Cluster 1
"Intolerancia, machismo",Centros educativos,Parte rural (vereda y campo),Hombre,Hombre,(12 a 17) Adolescencia,Cota,Cluster 2
"Intolerancia, machismo",Vivienda,Cabecera municipal,Mujer,Hombre,(18 a 28) Juventud,Chía,Cluster 1
Sin información,Vivienda,"Centro poblado (corregimiento, inspección de policía y caserío)",Mujer,Hombre,(29 a 59) Adultez,Chía,Cluster 1
"Intolerancia, machismo","Lugares de hospedaje (hoteles, campamentos y otros tipos de hospedaje no permanente, moteles, etc.)",Parte rural (vereda y campo),Hombre,Mujer,(29 a 59) Adultez,Chía,Cluster 3
"Intolerancia, machismo",Vivienda,"Centro poblado (corregimiento, inspección de policía y caserío)",Mujer,Hombre,(12 a 17) Adolescencia,Chía,Cluster 1
Consumo de alcohol y/o sustancias psicoactivas,"Lugares de hospedaje (hoteles, campamentos y otros tipos de hospedaje no permanente, moteles, etc.)",Parte rural (vereda y campo),Mujer,Mujer,(18 a 28) Juventud,Chía,Cluster 3
Sin información,Vivienda,"Centro poblado (corregimiento, inspección de policía y caserío)",Mujer,Hombre,(12 a 17) Adolescencia,Chía,Cluster 1
Sin información,"Lugares de hospedaje (hoteles, campamentos y otros tipos de hospedaje no permanente, moteles, etc.)",Cabecera municipal,Hombre,Mujer,(06 a 11) Infancia,Chía,Cluster 3
"Intolerancia, machismo","Calle (autopista, avenida, dentro de la ciudad)",Parte rural (vereda y campo),Mujer,Mujer,(18 a 28) Juventud,Cota,Cluster 2
Sin información,"Calle (autopista, avenida, dentro de la ciudad)",Parte rural (vereda y campo),Hombre,Mujer,(29 a 59) Adultez,Chía,Cluster 2
"Intolerancia, machismo","Lugares de hospedaje (hoteles, campamentos y otros tipos de hospedaje no permanente, moteles, etc.)",Parte rural (vereda y campo),Mujer,Mujer,(12 a 17) Adolescencia,Chía,Cluster 3
"Intolerancia, machismo","Lugares de hospedaje (hoteles, campamentos y otros tipos de hospedaje no permanente, moteles, etc.)",Parte rural (vereda y campo),Mujer,Mujer,(29 a 59) Adultez,Chía,Cluster 3
"Intolerancia, machismo","Lugares de hospedaje (hoteles, campamentos y otros tipos de hospedaje no permanente, moteles, etc.)",Parte rural (vereda y campo),Mujer,Mujer,(18 a 28) Juventud,Chía,Cluster 3
"Intolerancia, machismo",Vivienda,Cabecera municipal,Mujer,Mujer,(29 a 59) Adultez,Chía,Cluster 1
Abandono,Vivienda,Cabecera municipal,Hombre,Mujer,(12 a 17) Adolescencia,Chía,Cluster 1
"Intolerancia, machismo","Calle (autopista, avenida, dentro de la ciudad)",Cabecera municipal,Hombre,Mujer,(12 a 17) Adolescencia,Chía,Cluster 2
Otras razones,"Lugares de hospedaje (hoteles, campamentos y otros tipos de hospedaje no permanente, moteles, etc.)",Parte rural (vereda y campo),Hombre,Hombre,(06 a 11) Infancia,Cota,Cluster 3
"Intolerancia, machismo","Lugares de hospedaje (hoteles, campamentos y otros tipos de hospedaje no permanente, moteles, etc.)",Cabecera municipal,Hombre,Mujer,(06 a 11) Infancia,Cota,Cluster 3
"Intolerancia, machismo",Vivienda,Parte rural (vereda y campo),Hombre,Hombre,(29 a 59) Adultez,Chía,Cluster 1
"Intolerancia, machismo","Lugares de hospedaje (hoteles, campamentos y otros tipos de hospedaje no permanente, moteles, etc.)",Cabecera municipal,Mujer,Hombre,(29 a 59) Adultez,Chía,Cluster 3
"Intolerancia, machismo","Lugares de hospedaje (hoteles, campamentos y otros tipos de hospedaje no permanente, moteles, etc.)",Cabecera municipal,Mujer,Mujer,(29 a 59) Adultez,Chía,Cluster 3
Consumo de alcohol y/o sustancias psicoactivas,"Lugares de hospedaje (hoteles, campamentos y otros tipos de hospedaje no permanente, moteles, etc.)",Parte rural (vereda y campo),Mujer,Hombre,(18 a 28) Juventud,Chía,Cluster 3
"Intolerancia, machismo","Lugares de hospedaje (hoteles, campamentos y otros tipos de hospedaje no permanente, moteles, etc.)",Parte rural (vereda y campo),Hombre,Mujer,(00 a 05) Primera Infancia,Chía,Cluster 3
Sin información,"Calle (autopista, avenida, dentro de la ciudad)",Parte rural (vereda y campo),Hombre,Hombre,(29 a 59) Adultez,Chía,Cluster 2
Sin información,"Calle (autopista, avenida, dentro de la ciudad)",Parte rural (vereda y campo),Hombre,Hombre,(29 a 59) Adultez,Chía,Cluster 2
"Intolerancia, machismo","Calle (autopista, avenida, dentro de la ciudad)",Parte rural (vereda y campo),Mujer,Mujer,(18 a 28) Juventud,Chía,Cluster 2
"Intolerancia, machismo","Lugares de hospedaje (hoteles, campamentos y otros tipos de hospedaje no permanente, moteles, etc.)",Cabecera municipal,Hombre,Hombre,(06 a 11) Infancia,Cota,Cluster 3
"Intolerancia, machismo",Vivienda,"Centro poblado (corregimiento, inspección de policía y caserío)",Mujer,Mujer,(18 a 28) Juventud,Cota,Cluster 1
Consumo de alcohol y/o sustancias psicoactivas,Vivienda,Parte rural (vereda y campo),Mujer,Hombre,(29 a 59) Adultez,Chía,Cluster 1
"Intolerancia, machismo",Vivienda,"Centro poblado (corregimiento, inspección de policía y caserío)",Mujer,Mujer,(Más de 60) Adulto Mayor,Chía,Cluster 1
Otras razones,"Calle (autopista, avenida, dentro de la ciudad)",Cabecera municipal,Mujer,Mujer,(18 a 28) Juventud,Chía,Cluster 2
"Intolerancia, machismo",Vivienda,Parte rural (vereda y campo),Mujer,Hombre,(Más de 60) Adulto Mayor,Chía,Cluster 1
Sin información,"Lugares de hospedaje (hoteles, campamentos y otros tipos de hospedaje no permanente, moteles, etc.)",Cabecera municipal,Mujer,Mujer,(06 a 11) Infancia,Cota,Cluster 3
"Intolerancia, machismo",Vivienda,Cabecera municipal,Mujer,Hombre,(29 a 59) Adultez,Chía,Cluster 1
"Intolerancia, machismo",Vivienda,Parte rural (vereda y campo),Mujer,Mujer,(12 a 17) Adolescencia,Chía,Cluster 1
Económicas,Vivienda,Parte rural (vereda y campo),Mujer,Hombre,(12 a 17) Adolescencia,Chía,Cluster 1
"Intolerancia, machismo",Vivienda,Parte rural (vereda y campo),Hombre,Hombre,(Más de 60) Adulto Mayor,Chía,Cluster 1
"Intolerancia, machismo","Calle (autopista, avenida, dentro de la ciudad)",Parte rural (vereda y campo),Mujer,Mujer,(18 a 28) Juventud,Cota,Cluster 2
"Intolerancia, machismo","Calle (autopista, avenida, dentro de la ciudad)",Parte rural (vereda y campo),Mujer,Mujer,(18 a 28) Juventud,Cota,Cluster 2
Consumo de alcohol y/o sustancias psicoactivas,Vivienda,Cabecera municipal,Mujer,Hombre,(29 a 59) Adultez,Chía,Cluster 1
Otras razones,Vivienda,Parte rural (vereda y campo),Mujer,Hombre,(18 a 28) Juventud,Chía,Cluster 1
Otras razones,Vivienda,Cabecera municipal,Hombre,Mujer,(29 a 59) Adultez,Chía,Cluster 1
"Intolerancia, machismo","Lugares de hospedaje (hoteles, campamentos y otros tipos de hospedaje no permanente, moteles, etc.)",Parte rural (vereda y campo),Hombre,Hombre,(00 a 05) Primera Infancia,Cota,Cluster 3
"Intolerancia, machismo","Lugares de hospedaje (hoteles, campamentos y otros tipos de hospedaje no permanente, moteles, etc.)",Cabecera municipal,Mujer,Hombre,(18 a 28) Juventud,Cota,Cluster 3
Sin información,"Lugares de hospedaje (hoteles, campamentos y otros tipos de hospedaje no permanente, moteles, etc.)",Parte rural (vereda y campo),Hombre,Mujer,(00 a 05) Primera Infancia,Chía,Cluster 3
Abandono,Vivienda,Parte rural (vereda y campo),Mujer,Mujer,(Más de 60) Adulto Mayor,Cota,Cluster 1
"Intolerancia, machismo",Vivienda,Sin información,Mujer,Mujer,(29 a 59) Adultez,Chía,Cluster 1
"Intolerancia, machismo","Calle (autopista, avenida, dentro de la ciudad)",Parte rural (vereda y campo),Hombre,Hombre,(12 a 17) Adolescencia,Chía,Cluster 2
"Intolerancia, machismo",Centros educativos,Cabecera municipal,Hombre,Mujer,(00 a 05) Primera Infancia,Chía,Cluster 2
Enfermedad física o mental,Vivienda,Cabecera municipal,Hombre,Hombre,(29 a 59) Adultez,Chía,Cluster 1
"Intolerancia, machismo",Vivienda,Parte rural (vereda y campo),Mujer,Hombre,(29 a 59) Adultez,Cota,Cluster 1
Consumo de alcohol y/o sustancias psicoactivas,"Establecimiento comercial (tienda, centro comercial, almacen)",Parte rural (vereda y campo),Hombre,Mujer,(29 a 59) Adultez,Chía,Cluster 2
Consumo de alcohol y/o sustancias psicoactivas,Vivienda,Parte rural (vereda y campo),Mujer,Hombre,(29 a 59) Adultez,Chía,Cluster 1
"Intolerancia, machismo",Vivienda,Cabecera municipal,Hombre,Mujer,(29 a 59) Adultez,Cajicá,Cluster 1
Sin información,Lugares de esparcimiento con expendio de alcohol,Parte rural (vereda y campo),Mujer,Mujer,(29 a 59) Adultez,Chía,Cluster 3
"Intolerancia, machismo","Establecimiento comercial (tienda, centro comercial, almacen)",Cabecera municipal,Mujer,Mujer,(29 a 59) Adultez,Chía,Cluster 2
Consumo de alcohol y/o sustancias psicoactivas,Vivienda,Cabecera municipal,Hombre,Hombre,(12 a 17) Adolescencia,Chía,Cluster 1
Consumo de alcohol y/o sustancias psicoactivas,Vivienda,Parte rural (vereda y campo),Hombre,Hombre,(29 a 59) Adultez,Chía,Cluster 1
Sin información,Vivienda,Parte rural (vereda y campo),Hombre,Hombre,(00 a 05) Primera Infancia,Chía,Cluster 1
"Intolerancia, machismo",Vivienda,Parte rural (vereda y campo),Hombre,Mujer,(00 a 05) Primera Infancia,Cota,Cluster 1
"Intolerancia, machismo",Vivienda,Parte rural (vereda y campo),Mujer,Mujer,(29 a 59) Adultez,Chía,Cluster 1
"Intolerancia, machismo","Lugares de hospedaje (hoteles, campamentos y otros tipos de hospedaje no permanente, moteles, etc.)",Parte rural (vereda y campo),Mujer,Mujer,(00 a 05) Primera Infancia,Chía,Cluster 3
"Intolerancia, machismo",Vivienda,Parte rural (vereda y campo),Hombre,Mujer,(06 a 11) Infancia,Chía,Cluster 1
"Intolerancia, machismo",Vivienda,Parte rural (vereda y campo),Hombre,Mujer,(18 a 28) Juventud,Chía,Cluster 1
"Intolerancia, machismo",Vivienda,Cabecera municipal,Mujer,Mujer,(29 a 59) Adultez,Chía,Cluster 1
Enfermedad física o mental,Vivienda,Parte rural (vereda y campo),Mujer,Mujer,(18 a 28) Juventud,Cota,Cluster 1
Consumo de alcohol y/o sustancias psicoactivas,Vivienda,Sin información,Mujer,Hombre,(12 a 17) Adolescencia,Chía,Cluster 1
"Intolerancia, machismo",Vivienda,Sin información,Hombre,Hombre,(18 a 28) Juventud,Chía,Cluster 1
Sin información,Áreas deportivas y/o recreativas,Sin información,Hombre,Hombre,(12 a 17) Adolescencia,Chía,Cluster 1
Sin información,Vivienda,Cabecera municipal,Mujer,Mujer,(29 a 59) Adultez,Chía,Cluster 1
Consumo de alcohol y/o sustancias psicoactivas,Vivienda,Sin información,Mujer,Hombre,(18 a 28) Juventud,Chía,Cluster 1
"Intolerancia, machismo",Vivienda,Sin información,Mujer,Mujer,(Más de 60) Adulto Mayor,Chía,Cluster 1
"Intolerancia, machismo","Establecimiento industrial (fábrica, planta) y/o obras en construcción",Parte rural (vereda y campo),Hombre,Hombre,(Más de 60) Adulto Mayor,Cota,Cluster 3
Consumo de alcohol y/o sustancias psicoactivas,Vivienda,Sin información,Hombre,Hombre,(Más de 60) Adulto Mayor,Chía,Cluster 1
Consumo de alcohol y/o sustancias psicoactivas,Vivienda,Parte rural (vereda y campo),Hombre,Hombre,(Más de 60) Adulto Mayor,Chía,Cluster 1
Sin información,Vivienda,Sin información,Hombre,Mujer,(06 a 11) Infancia,Chía,Cluster 1
Sin información,Vivienda,Sin información,Hombre,Mujer,(06 a 11) Infancia,Chía,Cluster 1
Sin información,Vivienda,Sin información,Hombre,Mujer,(06 a 11) Infancia,Chía,Cluster 1
"Intolerancia, machismo",Áreas deportivas y/o recreativas,Parte rural (vereda y campo),Hombre,Hombre,(06 a 11) Infancia,Chía,Cluster 1
"Intolerancia, machismo",Vivienda,Cabecera municipal,Mujer,Mujer,(18 a 28) Juventud,Chía,Cluster 1
"Celos, desconfianza, infidelidad",Vivienda,"Centro poblado (corregimiento, inspección de policía y caserío)",Mujer,Hombre,(00 a 05) Primera Infancia,Chía,Cluster 1
Consumo de alcohol y/o sustancias psicoactivas,"Calle (autopista, avenida, dentro de la ciudad)",Sin información,Hombre,Mujer,(29 a 59) Adultez,Chía,Cluster 2
Otras razones,Vivienda,"Centro poblado (corregimiento, inspección de policía y caserío)",Mujer,Mujer,(12 a 17) Adolescencia,Chía,Cluster 1
"Intolerancia, machismo",Vivienda,"Centro poblado (corregimiento, inspección de policía y caserío)",Mujer,Mujer,(29 a 59) Adultez,Chía,Cluster 1
"Intolerancia, machismo","Calle (autopista, avenida, dentro de la ciudad)","Centro poblado (corregimiento, inspección de policía y caserío)",Hombre,Hombre,(18 a 28) Juventud,Chía,Cluster 2
"Intolerancia, machismo","Calle (autopista, avenida, dentro de la ciudad)","Centro poblado (corregimiento, inspección de policía y caserío)",Mujer,Hombre,(18 a 28) Juventud,Chía,Cluster 2
"Celos, desconfianza, infidelidad",Vivienda,"Centro poblado (corregimiento, inspección de policía y caserío)",Mujer,Hombre,(12 a 17) Adolescencia,Chía,Cluster 1
Consumo de alcohol y/o sustancias psicoactivas,Vivienda,Parte rural (vereda y campo),Mujer,Hombre,(18 a 28) Juventud,Cota,Cluster 1
"Intolerancia, machismo",Vivienda,Parte rural (vereda y campo),Hombre,Mujer,(06 a 11) Infancia,Cota,Cluster 1
"Intolerancia, machismo",Vivienda,Parte rural (vereda y campo),Hombre,Mujer,(06 a 11) Infancia,Cota,Cluster 1
"Intolerancia, machismo",Vivienda,Parte rural (vereda y campo),Hombre,Mujer,(29 a 59) Adultez,Chía,Cluster 1
Otras razones,Vivienda,Parte rural (vereda y campo),Mujer,Mujer,(12 a 17) Adolescencia,Chía,Cluster 1
Abandono,Vivienda,"Centro poblado (corregimiento, inspección de policía y caserío)",Mujer,Hombre,(12 a 17) Adolescencia,Chía,Cluster 1
Otras razones,Vivienda,"Centro poblado (corregimiento, inspección de policía y caserío)",Hombre,Mujer,(06 a 11) Infancia,Chía,Cluster 1
"Intolerancia, machismo",Vivienda,Parte rural (vereda y campo),Mujer,Mujer,(29 a 59) Adultez,Chía,Cluster 1
"Intolerancia, machismo",Vivienda,"Centro poblado (corregimiento, inspección de policía y caserío)",Hombre,Hombre,(Más de 60) Adulto Mayor,Chía,Cluster 1
Otras razones,Vivienda,"Centro poblado (corregimiento, inspección de policía y caserío)",Mujer,Mujer,(12 a 17) Adolescencia,Chía,Cluster 1
"Intolerancia, machismo",Vivienda,Cabecera municipal,Mujer,Hombre,(29 a 59) Adultez,Cota,Cluster 1
"Intolerancia, machismo",Vivienda,Parte rural (vereda y campo),Hombre,Mujer,(06 a 11) Infancia,Cota,Cluster 1
Otras razones,Vivienda,"Centro poblado (corregimiento, inspección de policía y caserío)",Mujer,Hombre,(Más de 60) Adulto Mayor,Chía,Cluster 1
"Intolerancia, machismo",Vivienda,"Centro poblado (corregimiento, inspección de policía y caserío)",Hombre,Hombre,(29 a 59) Adultez,Chía,Cluster 1
"Intolerancia, machismo",Vivienda,"Centro poblado (corregimiento, inspección de policía y caserío)",Hombre,Mujer,(29 a 59) Adultez,Chía,Cluster 1
"Intolerancia, machismo",Vivienda,"Centro poblado (corregimiento, inspección de policía y caserío)",Hombre,Mujer,(29 a 59) Adultez,Chía,Cluster 1
"Intolerancia, machismo",Vivienda,"Centro poblado (corregimiento, inspección de policía y caserío)",Mujer,Mujer,(18 a 28) Juventud,Chía,Cluster 1
Consumo de alcohol y/o sustancias psicoactivas,Vivienda,Parte rural (vereda y campo),Mujer,Hombre,(18 a 28) Juventud,Chía,Cluster 1
Consumo de alcohol y/o sustancias psicoactivas,Vivienda,Parte rural (vereda y campo),Hombre,Hombre,(29 a 59) Adultez,Chía,Cluster 1
Económicas,Vivienda,Cabecera municipal,Mujer,Mujer,(06 a 11) Infancia,Guaduas,Cluster 1
"Intolerancia, machismo",Zonas de actividades agropecuarias,Parte rural (vereda y campo),Hombre,Hombre,(29 a 59) Adultez,Guaduas,Cluster 1
Otras razones,Vivienda,Parte rural (vereda y campo),Hombre,Hombre,(18 a 28) Juventud,Guaduas,Cluster 1
"Intolerancia, machismo","Calle (autopista, avenida, dentro de la ciudad)",Sin información,Mujer,Mujer,(18 a 28) Juventud,Guaduas,Cluster 2
"Intolerancia, machismo",Vivienda,Cabecera municipal,Mujer,Hombre,(29 a 59) Adultez,Guaduas,Cluster 1
"Intolerancia, machismo",Vivienda,Cabecera municipal,Hombre,Mujer,(06 a 11) Infancia,Guaduas,Cluster 1
"Intolerancia, machismo",Vivienda,Parte rural (vereda y campo),Hombre,Hombre,(00 a 05) Primera Infancia,Guaduas,Cluster 1
"Intolerancia, machismo",Zonas de actividades agropecuarias,Parte rural (vereda y campo),Mujer,Hombre,(29 a 59) Adultez,Guaduas,Cluster 1
"Intolerancia, machismo",Centros educativos,Sin información,Hombre,Mujer,(12 a 17) Adolescencia,Guaduas,Cluster 2
"Intolerancia, machismo",Vivienda,Cabecera municipal,Mujer,Mujer,(29 a 59) Adultez,Guaduas,Cluster 1
Sin información,Vivienda,Cabecera municipal,Mujer,Mujer,(Más de 60) Adulto Mayor,Guaduas,Cluster 1
"Intolerancia, machismo",Vivienda,Cabecera municipal,Mujer,Mujer,(12 a 17) Adolescencia,Guaduas,Cluster 1
"Intolerancia, machismo",Centros educativos,Cabecera municipal,Hombre,Mujer,(12 a 17) Adolescencia,Guaduas,Cluster 2
"Intolerancia, machismo",Centros educativos,Cabecera municipal,Mujer,Hombre,(29 a 59) Adultez,Guaduas,Cluster 2
"Celos, desconfianza, infidelidad","Establecimiento comercial (tienda, centro comercial, almacen)",Sin información,Mujer,Mujer,(29 a 59) Adultez,Guaduas,Cluster 2
"Intolerancia, machismo",Zonas de actividades agropecuarias,Parte rural (vereda y campo),Hombre,Hombre,(29 a 59) Adultez,Guaduas,Cluster 1
"Intolerancia, machismo",Vivienda,Cabecera municipal,Mujer,Hombre,(Más de 60) Adulto Mayor,Guaduas,Cluster 1
Consumo de alcohol y/o sustancias psicoactivas,Vivienda,Cabecera municipal,Mujer,Hombre,(Más de 60) Adulto Mayor,Guaduas,Cluster 1
"Intolerancia, machismo",Áreas deportivas y/o recreativas,Sin información,Mujer,Hombre,(12 a 17) Adolescencia,Guaduas,Cluster 1
Consumo de alcohol y/o sustancias psicoactivas,Zonas de actividades agropecuarias,Cabecera municipal,Hombre,Hombre,(29 a 59) Adultez,Guaduas,Cluster 1
Consumo de alcohol y/o sustancias psicoactivas,Vivienda,Cabecera municipal,Mujer,Hombre,(12 a 17) Adolescencia,Pacho,Cluster 1
Consumo de alcohol y/o sustancias psicoactivas,Vivienda,Parte rural (vereda y campo),Mujer,Hombre,(00 a 05) Primera Infancia,Pacho,Cluster 1
"Celos, desconfianza, infidelidad",Vivienda,Parte rural (vereda y campo),Hombre,Hombre,(00 a 05) Primera Infancia,Pacho,Cluster 1
Consumo de alcohol y/o sustancias psicoactivas,Vivienda,"Centro poblado (corregimiento, inspección de policía y caserío)",Hombre,Hombre,(12 a 17) Adolescencia,Pacho,Cluster 1
"Intolerancia, machismo",Centros educativos,Sin información,Hombre,Hombre,(06 a 11) Infancia,Pacho,Cluster 2
"Intolerancia, machismo","Lugares de hospedaje (hoteles, campamentos y otros tipos de hospedaje no permanente, moteles, etc.)",Sin información,Mujer,Hombre,(12 a 17) Adolescencia,Pacho,Cluster 3
Económicas,Vivienda,Parte rural (vereda y campo),Mujer,Mujer,(29 a 59) Adultez,Pacho,Cluster 1
"Intolerancia, machismo",Vivienda,Cabecera municipal,Mujer,Hombre,(29 a 59) Adultez,Pacho,Cluster 1
"Celos, desconfianza, infidelidad","Calle (autopista, avenida, dentro de la ciudad)",Sin información,Mujer,Hombre,(18 a 28) Juventud,Pacho,Cluster 2
Otras razones,"Establecimiento comercial (tienda, centro comercial, almacen)",Sin información,Mujer,Mujer,(18 a 28) Juventud,Pacho,Cluster 2
"Intolerancia, machismo",Vehículo de servicio particular,Parte rural (vereda y campo),Mujer,Hombre,(06 a 11) Infancia,Pacho,Cluster 1
"Intolerancia, machismo",Vivienda,Parte rural (vereda y campo),Mujer,Hombre,(06 a 11) Infancia,Pacho,Cluster 1
Consumo de alcohol y/o sustancias psicoactivas,Vivienda,Parte rural (vereda y campo),Mujer,Hombre,(29 a 59) Adultez,Chía,Cluster 1
Consumo de alcohol y/o sustancias psicoactivas,"Calle (autopista, avenida, dentro de la ciudad)",Sin información,Hombre,Mujer,(06 a 11) Infancia,Chía,Cluster 2
"Intolerancia, machismo",Vivienda,Parte rural (vereda y campo),Mujer,Mujer,(12 a 17) Adolescencia,Chía,Cluster 1
Otras razones,"Establecimiento comercial (tienda, centro comercial, almacen)",Cabecera municipal,Hombre,Hombre,(29 a 59) Adultez,Cota,Cluster 2
"Intolerancia, machismo","Espacios terrestres al aire libre (bosque, potrero, montaña, playa, etc.)",Parte rural (vereda y campo),Hombre,Hombre,(29 a 59) Adultez,Guaduas,Cluster 2
"Intolerancia, machismo",Vía pública,Sin información,Mujer,Hombre,(29 a 59) Adultez,Girardot,Cluster 1
"Intolerancia, machismo",Vía pública,Sin información,Hombre,Mujer,(29 a 59) Adultez,Girardot,Cluster 1
Consumo de alcohol y/o sustancias psicoactivas,Vivienda,Cabecera municipal,Hombre,Hombre,(29 a 59) Adultez,Girardot,Cluster 1
"Intolerancia, machismo","Calle (autopista, avenida, dentro de la ciudad)",Parte rural (vereda y campo),Hombre,Hombre,(29 a 59) Adultez,Girardot,Cluster 2
"Intolerancia, machismo",Sin información,Sin información,Mujer,Mujer,(29 a 59) Adultez,Girardot,Cluster 3
"Intolerancia, machismo","Calle (autopista, avenida, dentro de la ciudad)",Sin información,Mujer,Hombre,(29 a 59) Adultez,Girardot,Cluster 2
"Intolerancia, machismo",Vivienda,Cabecera municipal,Hombre,Hombre,(12 a 17) Adolescencia,Girardot,Cluster 1
"Intolerancia, machismo",Vivienda,Sin información,Mujer,Hombre,(12 a 17) Adolescencia,Girardot,Cluster 1
"Intolerancia, machismo","Calle (autopista, avenida, dentro de la ciudad)",Sin información,Mujer,Hombre,(29 a 59) Adultez,Girardot,Cluster 2
"Intolerancia, machismo",Vivienda,Cabecera municipal,Mujer,Hombre,(29 a 59) Adultez,Girardot,Cluster 1
"Intolerancia, machismo",Vivienda,Cabecera municipal,Mujer,Hombre,(29 a 59) Adultez,Girardot,Cluster 1
"Intolerancia, machismo",Vivienda,Cabecera municipal,Mujer,Hombre,(18 a 28) Juventud,Girardot,Cluster 1
Consumo de alcohol y/o sustancias psicoactivas,Lugares de esparcimiento con expendio de alcohol,Cabecera municipal,Hombre,Hombre,(29 a 59) Adultez,Girardot,Cluster 3
"Intolerancia, machismo",Vivienda,Cabecera municipal,Hombre,Hombre,(29 a 59) Adultez,Girardot,Cluster 1
"Intolerancia, machismo",Vivienda,Cabecera municipal,Hombre,Hombre,(29 a 59) Adultez,Girardot,Cluster 1
Consumo de alcohol y/o sustancias psicoactivas,Vivienda,Cabecera municipal,Mujer,Hombre,(12 a 17) Adolescencia,Girardot,Cluster 1
"Intolerancia, machismo","Establecimiento comercial (tienda, centro comercial, almacen)",Cabecera municipal,Hombre,Hombre,(29 a 59) Adultez,Girardot,Cluster 2
"Intolerancia, machismo",Vivienda,Sin información,Mujer,Hombre,(29 a 59) Adultez,Girardot,Cluster 1
Enfermedad física o mental,Vivienda,Cabecera municipal,Mujer,Hombre,(Más de 60) Adulto Mayor,Girardot,Cluster 1
Consumo de alcohol y/o sustancias psicoactivas,Vivienda,Cabecera municipal,Mujer,Hombre,(Más de 60) Adulto Mayor,Girardot,Cluster 1
"Intolerancia, machismo",Vivienda,Cabecera municipal,Hombre,Mujer,(00 a 05) Primera Infancia,Girardot,Cluster 1
"Intolerancia, machismo",Vivienda,Cabecera municipal,Hombre,Mujer,(06 a 11) Infancia,Girardot,Cluster 1
"Intolerancia, machismo",Vía pública,Cabecera municipal,Mujer,Mujer,(29 a 59) Adultez,Girardot,Cluster 1
"Intolerancia, machismo",Vivienda,Sin información,Hombre,Mujer,(12 a 17) Adolescencia,Girardot,Cluster 1
"Intolerancia, machismo","Calle (autopista, avenida, dentro de la ciudad)",Sin información,Mujer,Hombre,(Más de 60) Adulto Mayor,Girardot,Cluster 2
"Intolerancia, machismo",Vivienda,Cabecera municipal,Mujer,Mujer,(29 a 59) Adultez,Girardot,Cluster 1
"Intolerancia, machismo",Vivienda,Cabecera municipal,Mujer,Mujer,(29 a 59) Adultez,Girardot,Cluster 1
"Intolerancia, machismo",Vivienda,Cabecera municipal,Mujer,Mujer,(29 a 59) Adultez,Girardot,Cluster 1
"Intolerancia, machismo",Vivienda,Sin información,Mujer,Hombre,(18 a 28) Juventud,Girardot,Cluster 1
"Intolerancia, machismo",Vivienda,Cabecera municipal,Mujer,Mujer,(Más de 60) Adulto Mayor,Girardot,Cluster 1
"Intolerancia, machismo",Vivienda,Cabecera municipal,Mujer,Hombre,(29 a 59) Adultez,Girardot,Cluster 1
"Intolerancia, machismo",Vía pública,Cabecera municipal,Mujer,Hombre,(12 a 17) Adolescencia,Girardot,Cluster 1
"Intolerancia, machismo",Vivienda,Cabecera municipal,Mujer,Mujer,(12 a 17) Adolescencia,Girardot,Cluster 1
"Intolerancia, machismo",Vivienda,Cabecera municipal,Hombre,Mujer,(12 a 17) Adolescencia,Girardot,Cluster 1
"Intolerancia, machismo",Oficinas y/o edificios de oficinas,Sin información,Hombre,Mujer,(29 a 59) Adultez,Girardot,Cluster 3
"Intolerancia, machismo",Vivienda,Cabecera municipal,Mujer,Hombre,(18 a 28) Juventud,Girardot,Cluster 1
"Intolerancia, machismo",Vivienda,Cabecera municipal,Hombre,Hombre,(29 a 59) Adultez,Girardot,Cluster 1
"Intolerancia, machismo",Vivienda,Cabecera municipal,Hombre,Hombre,(12 a 17) Adolescencia,Girardot,Cluster 1
"Intolerancia, machismo",Vivienda,Cabecera municipal,Hombre,Mujer,(29 a 59) Adultez,Girardot,Cluster 1
"Intolerancia, machismo","Calle (autopista, avenida, dentro de la ciudad)",Cabecera municipal,Mujer,Mujer,(12 a 17) Adolescencia,Girardot,Cluster 2
"Intolerancia, machismo",Vivienda,Parte rural (vereda y campo),Hombre,Mujer,(00 a 05) Primera Infancia,Girardot,Cluster 1
"Intolerancia, machismo",Vivienda,Cabecera municipal,Mujer,Hombre,(12 a 17) Adolescencia,Girardot,Cluster 1
"Intolerancia, machismo",Vivienda,Cabecera municipal,Mujer,Hombre,(00 a 05) Primera Infancia,Girardot,Cluster 1
"Intolerancia, machismo",Vía pública,Cabecera municipal,Hombre,Hombre,(29 a 59) Adultez,Girardot,Cluster 1
"Intolerancia, machismo",Vivienda,Cabecera municipal,Hombre,Hombre,(Más de 60) Adulto Mayor,Girardot,Cluster 1
"Intolerancia, machismo",Vía pública,Cabecera municipal,Hombre,Hombre,(29 a 59) Adultez,Girardot,Cluster 1
"Intolerancia, machismo",Vía pública,Cabecera municipal,Hombre,Hombre,(29 a 59) Adultez,Girardot,Cluster 1
"Intolerancia, machismo",Vivienda,Sin información,Mujer,Mujer,(29 a 59) Adultez,Girardot,Cluster 1
Consumo de alcohol y/o sustancias psicoactivas,Vivienda,Cabecera municipal,Hombre,Hombre,(12 a 17) Adolescencia,Girardot,Cluster 1
Consumo de alcohol y/o sustancias psicoactivas,Vivienda,Cabecera municipal,Mujer,Hombre,(18 a 28) Juventud,Girardot,Cluster 1
"Intolerancia, machismo",Vivienda,Cabecera municipal,Hombre,Hombre,(Más de 60) Adulto Mayor,Girardot,Cluster 1
"Intolerancia, machismo",Vivienda,Cabecera municipal,Mujer,Mujer,(18 a 28) Juventud,Girardot,Cluster 1
"Intolerancia, machismo",Vivienda,Cabecera municipal,Mujer,Mujer,(18 a 28) Juventud,Girardot,Cluster 1
Consumo de alcohol y/o sustancias psicoactivas,Vivienda,Cabecera municipal,Mujer,Hombre,(06 a 11) Infancia,Girardot,Cluster 1
Consumo de alcohol y/o sustancias psicoactivas,Vivienda,Cabecera municipal,Mujer,Hombre,(06 a 11) Infancia,Girardot,Cluster 1
"Intolerancia, machismo",Vivienda,Sin información,Mujer,Mujer,(Más de 60) Adulto Mayor,Girardot,Cluster 1
Consumo de alcohol y/o sustancias psicoactivas,Vivienda,Cabecera municipal,Hombre,Hombre,(12 a 17) Adolescencia,Girardot,Cluster 1
Consumo de alcohol y/o sustancias psicoactivas,"Establecimiento comercial (tienda, centro comercial, almacen)",Cabecera municipal,Mujer,Mujer,(29 a 59) Adultez,Girardot,Cluster 2
"Intolerancia, machismo","Calle (autopista, avenida, dentro de la ciudad)",Sin información,Hombre,Hombre,(00 a 05) Primera Infancia,Girardot,Cluster 2
Otras razones,Vivienda,Cabecera municipal,Mujer,Hombre,(Más de 60) Adulto Mayor,Girardot,Cluster 1
"Intolerancia, machismo",Vivienda,Cabecera municipal,Hombre,Hombre,(29 a 59) Adultez,Girardot,Cluster 1
"Intolerancia, machismo",Vivienda,Cabecera municipal,Mujer,Hombre,(29 a 59) Adultez,Girardot,Cluster 1
"Intolerancia, machismo",Vivienda,Sin información,Mujer,Mujer,(18 a 28) Juventud,Girardot,Cluster 1
"Intolerancia, machismo",Vivienda,Cabecera municipal,Hombre,Hombre,(Más de 60) Adulto Mayor,Girardot,Cluster 1
"Intolerancia, machismo",Vivienda,Cabecera municipal,Mujer,Hombre,(Más de 60) Adulto Mayor,Girardot,Cluster 1
"Intolerancia, machismo",Vivienda,Cabecera municipal,Hombre,Mujer,(12 a 17) Adolescencia,Girardot,Cluster 1
"Intolerancia, machismo","Establecimientos de expendio de comidas (restaurantes, asaderos, salsamentarias, etc.)",Sin información,Hombre,Mujer,(29 a 59) Adultez,Girardot,Cluster 3
"Intolerancia, machismo","Calle (autopista, avenida, dentro de la ciudad)",Sin información,Hombre,Mujer,(06 a 11) Infancia,Girardot,Cluster 2
"Intolerancia, machismo",Vivienda,"Centro poblado (corregimiento, inspección de policía y caserío)",Mujer,Mujer,(18 a 28) Juventud,Girardot,Cluster 1
"Intolerancia, machismo",Sin información,Sin información,Hombre,Hombre,(06 a 11) Infancia,Girardot,Cluster 3
"Intolerancia, machismo",Vivienda,Cabecera municipal,Hombre,Hombre,(00 a 05) Primera Infancia,Girardot,Cluster 1
"Intolerancia, machismo","Calle (autopista, avenida, dentro de la ciudad)",Cabecera municipal,Mujer,Hombre,(29 a 59) Adultez,Girardot,Cluster 2
"Intolerancia, machismo",Vivienda,Cabecera municipal,Mujer,Mujer,(18 a 28) Juventud,Girardot,Cluster 1
"Intolerancia, machismo",Vivienda,Cabecera municipal,Hombre,Hombre,(18 a 28) Juventud,Girardot,Cluster 1
"Intolerancia, machismo",Vivienda,Cabecera municipal,Hombre,Hombre,(29 a 59) Adultez,Girardot,Cluster 1
"Intolerancia, machismo",Vivienda,Parte rural (vereda y campo),Hombre,Hombre,(12 a 17) Adolescencia,Girardot,Cluster 1
Consumo de alcohol y/o sustancias psicoactivas,Vivienda,Cabecera municipal,Hombre,Mujer,(12 a 17) Adolescencia,Girardot,Cluster 1
"Intolerancia, machismo",Vivienda,Cabecera municipal,Mujer,Mujer,(29 a 59) Adultez,Girardot,Cluster 1
"Intolerancia, machismo","Calle (autopista, avenida, dentro de la ciudad)",Sin información,Mujer,Mujer,(12 a 17) Adolescencia,Girardot,Cluster 2
"Intolerancia, machismo",Vivienda,Parte rural (vereda y campo),Mujer,Hombre,(18 a 28) Juventud,Girardot,Cluster 1
"Intolerancia, machismo",Vivienda,Parte rural (vereda y campo),Mujer,Mujer,(29 a 59) Adultez,Girardot,Cluster 1
"Intolerancia, machismo",Vivienda,Sin información,Hombre,Hombre,(12 a 17) Adolescencia,Girardot,Cluster 1
"Intolerancia, machismo","Calle (autopista, avenida, dentro de la ciudad)",Parte rural (vereda y campo),Mujer,Hombre,(29 a 59) Adultez,Girardot,Cluster 2
"Intolerancia, machismo",Vivienda,Parte rural (vereda y campo),Mujer,Mujer,(Más de 60) Adulto Mayor,Girardot,Cluster 1
"Intolerancia, machismo",Vivienda,Sin información,Hombre,Mujer,(06 a 11) Infancia,Girardot,Cluster 1
"Intolerancia, machismo",Vivienda,Cabecera municipal,Hombre,Mujer,(12 a 17) Adolescencia,Girardot,Cluster 1
"Intolerancia, machismo","Lugares de cuidado de personas (hospicios, orfelinatos, hogares geriátricos, etc.)",Cabecera municipal,Hombre,Hombre,(Más de 60) Adulto Mayor,Girardot,Cluster 3
"Intolerancia, machismo","Calle (autopista, avenida, dentro de la ciudad)",Sin información,Mujer,Mujer,(18 a 28) Juventud,Girardot,Cluster 2
"Intolerancia, machismo","Calle (autopista, avenida, dentro de la ciudad)",Cabecera municipal,Hombre,Hombre,(29 a 59) Adultez,Girardot,Cluster 2
"Intolerancia, machismo",Vivienda,Cabecera municipal,Hombre,Mujer,(Más de 60) Adulto Mayor,Girardot,Cluster 1
"Intolerancia, machismo",Vivienda,Cabecera municipal,Hombre,Hombre,(Más de 60) Adulto Mayor,Girardot,Cluster 1
Consumo de alcohol y/o sustancias psicoactivas,Vivienda,Cabecera municipal,Mujer,Hombre,(18 a 28) Juventud,Girardot,Cluster 1
"Intolerancia, machismo",Vivienda,Sin información,Mujer,Mujer,(29 a 59) Adultez,Girardot,Cluster 1
"Intolerancia, machismo","Calle (autopista, avenida, dentro de la ciudad)","Centro poblado (corregimiento, inspección de policía y caserío)",Mujer,Hombre,(12 a 17) Adolescencia,Girardot,Cluster 2
"Intolerancia, machismo",Vivienda,Cabecera municipal,Hombre,Mujer,(29 a 59) Adultez,Girardot,Cluster 1
"Intolerancia, machismo",Vivienda,Cabecera municipal,Hombre,Hombre,(18 a 28) Juventud,Soacha,Cluster 1
"Intolerancia, machismo",Vivienda,Cabecera municipal,Mujer,Mujer,(29 a 59) Adultez,Soacha,Cluster 1
"Intolerancia, machismo",Vivienda,Cabecera municipal,Hombre,Mujer,(18 a 28) Juventud,Soacha,Cluster 1
"Intolerancia, machismo",Vía pública,Sin información,Hombre,Mujer,(29 a 59) Adultez,Soacha,Cluster 1
"Intolerancia, machismo",Vivienda,Cabecera municipal,Hombre,Hombre,(12 a 17) Adolescencia,Soacha,Cluster 1
"Intolerancia, machismo",Vía pública,Sin información,Mujer,Hombre,(12 a 17) Adolescencia,Soacha,Cluster 1
"Intolerancia, machismo",Vía pública,Sin información,Mujer,Mujer,(06 a 11) Infancia,Soacha,Cluster 1
"Intolerancia, machismo",Vivienda,Cabecera municipal,Mujer,Mujer,(12 a 17) Adolescencia,Soacha,Cluster 1
Consumo de alcohol y/o sustancias psicoactivas,Vivienda,Cabecera municipal,Hombre,Hombre,(29 a 59) Adultez,Soacha,Cluster 1
"Intolerancia, machismo",Vivienda,Cabecera municipal,Mujer,Hombre,(18 a 28) Juventud,Soacha,Cluster 1
"Intolerancia, machismo",Vivienda,Cabecera municipal,Mujer,Hombre,(29 a 59) Adultez,Soacha,Cluster 1
"Intolerancia, machismo",Vivienda,Cabecera municipal,Hombre,Hombre,(29 a 59) Adultez,Soacha,Cluster 1
"Intolerancia, machismo",Vivienda,Cabecera municipal,Mujer,Mujer,(06 a 11) Infancia,Soacha,Cluster 1
"Intolerancia, machismo",Vía pública,Sin información,Hombre,Hombre,(12 a 17) Adolescencia,Soacha,Cluster 1
"Intolerancia, machismo",Vivienda,Sin información,Mujer,Hombre,(18 a 28) Juventud,Soacha,Cluster 1
"Intolerancia, machismo",Vía pública,Sin información,Hombre,Hombre,(12 a 17) Adolescencia,Soacha,Cluster 1
"Intolerancia, machismo",Sin información,Cabecera municipal,Mujer,Hombre,(29 a 59) Adultez,Soacha,Cluster 1
"Intolerancia, machismo",Vivienda,Cabecera municipal,Mujer,Mujer,(29 a 59) Adultez,Soacha,Cluster 1
"Intolerancia, machismo",Vivienda,Cabecera municipal,Hombre,Hombre,(06 a 11) Infancia,Soacha,Cluster 1
"Intolerancia, machismo",Vivienda,Sin información,Mujer,Mujer,(00 a 05) Primera Infancia,Soacha,Cluster 1
Consumo de alcohol y/o sustancias psicoactivas,Vivienda,Cabecera municipal,Hombre,Mujer,(Más de 60) Adulto Mayor,Soacha,Cluster 1
"Intolerancia, machismo",Vía pública,Cabecera municipal,Mujer,Hombre,(29 a 59) Adultez,Soacha,Cluster 1
"Intolerancia, machismo",Vía pública,Cabecera municipal,Mujer,Mujer,(18 a 28) Juventud,Soacha,Cluster 1
"Intolerancia, machismo",Vivienda,Sin información,Hombre,Hombre,(12 a 17) Adolescencia,Soacha,Cluster 1
"Intolerancia, machismo",Vivienda,Cabecera municipal,Hombre,Hombre,(00 a 05) Primera Infancia,Soacha,Cluster 1
"Intolerancia, machismo",Vivienda,Cabecera municipal,Hombre,Mujer,(29 a 59) Adultez,Soacha,Cluster 1
Otras razones,Vía pública,Sin información,Mujer,Sin información,(12 a 17) Adolescencia,Soacha,Cluster 1
"Intolerancia, machismo",Vivienda,Cabecera municipal,Mujer,Mujer,(12 a 17) Adolescencia,Soacha,Cluster 1
"Intolerancia, machismo",Vivienda,Cabecera municipal,Mujer,Mujer,(18 a 28) Juventud,Soacha,Cluster 1
Consumo de alcohol y/o sustancias psicoactivas,Vivienda,Cabecera municipal,Hombre,Hombre,(29 a 59) Adultez,Soacha,Cluster 1
"Intolerancia, machismo",Vivienda,Cabecera municipal,Mujer,Mujer,(29 a 59) Adultez,Soacha,Cluster 1
"Intolerancia, machismo",Vivienda,Cabecera municipal,Mujer,Hombre,(18 a 28) Juventud,Soacha,Cluster 1
"Intolerancia, machismo",Vivienda,Cabecera municipal,Mujer,Hombre,(06 a 11) Infancia,Soacha,Cluster 1
Consumo de alcohol y/o sustancias psicoactivas,Vivienda,Cabecera municipal,Hombre,Hombre,(18 a 28) Juventud,Soacha,Cluster 1
Consumo de alcohol y/o sustancias psicoactivas,Vivienda,Cabecera municipal,Mujer,Hombre,(29 a 59) Adultez,Soacha,Cluster 1
"Celos, desconfianza, infidelidad",Vivienda,Cabecera municipal,Mujer,Hombre,(18 a 28) Juventud,Soacha,Cluster 1
"Celos, desconfianza, infidelidad",Vivienda,Cabecera municipal,Hombre,Mujer,(29 a 59) Adultez,Soacha,Cluster 1
"Intolerancia, machismo",Vivienda,Cabecera municipal,Hombre,Hombre,(29 a 59) Adultez,Soacha,Cluster 1
Consumo de alcohol y/o sustancias psicoactivas,Vivienda,Cabecera municipal,Hombre,Hombre,(06 a 11) Infancia,Soacha,Cluster 1
"Intolerancia, machismo",Vivienda,Cabecera municipal,Mujer,Mujer,(Más de 60) Adulto Mayor,Soacha,Cluster 1
"Intolerancia, machismo",Vivienda,Cabecera municipal,Hombre,Hombre,(Más de 60) Adulto Mayor,Soacha,Cluster 1
"Intolerancia, machismo",Vía pública,Cabecera municipal,Hombre,Hombre,(12 a 17) Adolescencia,Soacha,Cluster 1
"Intolerancia, machismo",Vivienda,Cabecera municipal,Mujer,Hombre,(18 a 28) Juventud,Soacha,Cluster 1
"Intolerancia, machismo",Vía pública,Sin información,Mujer,Hombre,(18 a 28) Juventud,Soacha,Cluster 1
"Intolerancia, machismo",Vía pública,Sin información,Mujer,Hombre,(18 a 28) Juventud,Soacha,Cluster 1
"Intolerancia, machismo","Calle (autopista, avenida, dentro de la ciudad)",Sin información,Mujer,Hombre,(29 a 59) Adultez,Soacha,Cluster 2
"Celos, desconfianza, infidelidad",Vivienda,Cabecera municipal,Mujer,Mujer,(29 a 59) Adultez,Soacha,Cluster 1
Consumo de alcohol y/o sustancias psicoactivas,Vivienda,Cabecera municipal,Mujer,Hombre,(12 a 17) Adolescencia,Soacha,Cluster 1
Consumo de alcohol y/o sustancias psicoactivas,Vivienda,Cabecera municipal,Hombre,Hombre,(06 a 11) Infancia,Soacha,Cluster 1
"Intolerancia, machismo",Vivienda,Cabecera municipal,Mujer,Mujer,(Más de 60) Adulto Mayor,Soacha,Cluster 1
"Intolerancia, machismo",Vivienda,Cabecera municipal,Mujer,Hombre,(Más de 60) Adulto Mayor,Soacha,Cluster 1
"Intolerancia, machismo",Vivienda,Cabecera municipal,Mujer,Hombre,(18 a 28) Juventud,Soacha,Cluster 1
"Intolerancia, machismo",Vivienda,Cabecera municipal,Hombre,Hombre,(12 a 17) Adolescencia,Soacha,Cluster 1
"Intolerancia, machismo",Vivienda,Sin información,Hombre,Mujer,(12 a 17) Adolescencia,Soacha,Cluster 1
"Intolerancia, machismo",Vivienda,Cabecera municipal,Mujer,Hombre,(12 a 17) Adolescencia,Soacha,Cluster 1
"Intolerancia, machismo",Vivienda,Sin información,Mujer,Sin información,(12 a 17) Adolescencia,Soacha,Cluster 1
"Celos, desconfianza, infidelidad",Vivienda,Cabecera municipal,Mujer,Mujer,(29 a 59) Adultez,Soacha,Cluster 1
"Intolerancia, machismo",Vivienda,Cabecera municipal,Hombre,Mujer,(00 a 05) Primera Infancia,Soacha,Cluster 1
"Intolerancia, machismo",Vivienda,Cabecera municipal,Hombre,Mujer,(29 a 59) Adultez,Soacha,Cluster 1
"Intolerancia, machismo",Vivienda,"Centro poblado (corregimiento, inspección de policía y caserío)",Mujer,Mujer,(12 a 17) Adolescencia,Soacha,Cluster 1
"Intolerancia, machismo",Vivienda,Cabecera municipal,Hombre,Hombre,(06 a 11) Infancia,Soacha,Cluster 1
Consumo de alcohol y/o sustancias psicoactivas,"Establecimiento comercial (tienda, centro comercial, almacen)",Cabecera municipal,Hombre,Hombre,(29 a 59) Adultez,Soacha,Cluster 2
"Intolerancia, machismo",Vivienda,Cabecera municipal,Hombre,Mujer,(06 a 11) Infancia,Soacha,Cluster 1
"Intolerancia, machismo",Vivienda,Cabecera municipal,Mujer,Hombre,(06 a 11) Infancia,Soacha,Cluster 1
"Intolerancia, machismo",Vivienda,Cabecera municipal,Hombre,Hombre,(12 a 17) Adolescencia,Soacha,Cluster 1
"Intolerancia, machismo",Vía pública,Cabecera municipal,Mujer,Hombre,(12 a 17) Adolescencia,Soacha,Cluster 1
Consumo de alcohol y/o sustancias psicoactivas,Vía pública,Cabecera municipal,Hombre,Hombre,(12 a 17) Adolescencia,Soacha,Cluster 1
"Intolerancia, machismo",Vivienda,Cabecera municipal,Mujer,Mujer,(12 a 17) Adolescencia,Soacha,Cluster 1
"Intolerancia, machismo",Vivienda,Cabecera municipal,Hombre,Hombre,(Más de 60) Adulto Mayor,Soacha,Cluster 1
"Intolerancia, machismo",Vivienda,Cabecera municipal,Mujer,Hombre,(29 a 59) Adultez,Soacha,Cluster 1
"Intolerancia, machismo",Vivienda,Cabecera municipal,Mujer,Hombre,(Más de 60) Adulto Mayor,Soacha,Cluster 1
"Intolerancia, machismo",Vivienda,Cabecera municipal,Hombre,Hombre,(00 a 05) Primera Infancia,Soacha,Cluster 1
"Intolerancia, machismo",Vivienda,Cabecera municipal,Mujer,Hombre,(29 a 59) Adultez,Soacha,Cluster 1
"Intolerancia, machismo",Vivienda,Cabecera municipal,Hombre,Mujer,(29 a 59) Adultez,Soacha,Cluster 1
"Intolerancia, machismo",Vía pública,Cabecera municipal,Mujer,Hombre,(12 a 17) Adolescencia,Soacha,Cluster 1
"Intolerancia, machismo",Vivienda,Cabecera municipal,Mujer,Hombre,(29 a 59) Adultez,Soacha,Cluster 1
Consumo de alcohol y/o sustancias psicoactivas,"Establecimiento comercial (tienda, centro comercial, almacen)",Cabecera municipal,Mujer,Hombre,(29 a 59) Adultez,Soacha,Cluster 2
"Intolerancia, machismo",Vivienda,Cabecera municipal,Mujer,Mujer,(06 a 11) Infancia,Soacha,Cluster 1
"Intolerancia, machismo",Vivienda,Cabecera municipal,Mujer,Hombre,(29 a 59) Adultez,Soacha,Cluster 1
"Intolerancia, machismo",Vía pública,Cabecera municipal,Mujer,Hombre,(00 a 05) Primera Infancia,Soacha,Cluster 1
"Intolerancia, machismo",Vivienda,Cabecera municipal,Mujer,Mujer,(06 a 11) Infancia,Soacha,Cluster 1
"Intolerancia, machismo",Vivienda,Cabecera municipal,Hombre,Mujer,(06 a 11) Infancia,Soacha,Cluster 1
"Intolerancia, machismo",Vivienda,Cabecera municipal,Hombre,Mujer,(06 a 11) Infancia,Soacha,Cluster 1
"Intolerancia, machismo",Vivienda,Cabecera municipal,Mujer,Hombre,(18 a 28) Juventud,Soacha,Cluster 1
"Intolerancia, machismo",Vivienda,Cabecera municipal,Mujer,Hombre,(29 a 59) Adultez,Soacha,Cluster 1
"Intolerancia, machismo",Vivienda,Sin información,Hombre,Hombre,(18 a 28) Juventud,Soacha,Cluster 1
Consumo de alcohol y/o sustancias psicoactivas,Vivienda,Cabecera municipal,Mujer,Mujer,(29 a 59) Adultez,Soacha,Cluster 1
Consumo de alcohol y/o sustancias psicoactivas,Vivienda,Cabecera municipal,Mujer,Mujer,(29 a 59) Adultez,Soacha,Cluster 1
"Intolerancia, machismo",Vivienda,Cabecera municipal,Mujer,Mujer,(29 a 59) Adultez,Soacha,Cluster 1
"Intolerancia, machismo","Calle (autopista, avenida, dentro de la ciudad)",Sin información,Mujer,Mujer,(29 a 59) Adultez,Soacha,Cluster 2
"Intolerancia, machismo",Centros educativos,Cabecera municipal,Mujer,Mujer,(00 a 05) Primera Infancia,Soacha,Cluster 2
Consumo de alcohol y/o sustancias psicoactivas,Vivienda,Cabecera municipal,Mujer,Hombre,(12 a 17) Adolescencia,Soacha,Cluster 1
Consumo de alcohol y/o sustancias psicoactivas,Vivienda,Cabecera municipal,Mujer,Hombre,(18 a 28) Juventud,Soacha,Cluster 1
"Intolerancia, machismo",Vivienda,Cabecera municipal,Mujer,Hombre,(29 a 59) Adultez,Soacha,Cluster 1
"Intolerancia, machismo",Vivienda,Cabecera municipal,Hombre,Hombre,(29 a 59) Adultez,Soacha,Cluster 1
Consumo de alcohol y/o sustancias psicoactivas,Vivienda,Cabecera municipal,Mujer,Hombre,(29 a 59) Adultez,Soacha,Cluster 1
"Intolerancia, machismo",Vivienda,Cabecera municipal,Mujer,Hombre,(29 a 59) Adultez,Soacha,Cluster 1
"Intolerancia, machismo",Vivienda,Cabecera municipal,Hombre,Mujer,(06 a 11) Infancia,Soacha,Cluster 1
"Intolerancia, machismo",Vivienda,Cabecera municipal,Mujer,Hombre,(06 a 11) Infancia,Soacha,Cluster 1
"Intolerancia, machismo",Vivienda,Cabecera municipal,Mujer,Mujer,(00 a 05) Primera Infancia,Soacha,Cluster 1
"Intolerancia, machismo",Vivienda,Cabecera municipal,Hombre,Hombre,(06 a 11) Infancia,Soacha,Cluster 1
"Intolerancia, machismo",Vivienda,Parte rural (vereda y campo),Hombre,Mujer,(Más de 60) Adulto Mayor,Soacha,Cluster 1
"Intolerancia, machismo",Vivienda,Cabecera municipal,Mujer,Hombre,(Más de 60) Adulto Mayor,Soacha,Cluster 1
"Intolerancia, machismo",Vivienda,Cabecera municipal,Hombre,Hombre,(06 a 11) Infancia,Soacha,Cluster 1
"Intolerancia, machismo",Vivienda,Cabecera municipal,Hombre,Hombre,(06 a 11) Infancia,Soacha,Cluster 1
"Intolerancia, machismo",Vivienda,Cabecera municipal,Mujer,Hombre,(12 a 17) Adolescencia,Soacha,Cluster 1
"Intolerancia, machismo",Vivienda,Cabecera municipal,Hombre,Mujer,(Más de 60) Adulto Mayor,Soacha,Cluster 1
"Celos, desconfianza, infidelidad",Vía pública,Cabecera municipal,Mujer,Hombre,(29 a 59) Adultez,Soacha,Cluster 1
"Intolerancia, machismo",Vivienda,Cabecera municipal,Hombre,Hombre,(06 a 11) Infancia,Soacha,Cluster 1
"Intolerancia, machismo",Vía pública,Sin información,Mujer,Sin información,(00 a 05) Primera Infancia,Soacha,Cluster 1
"Celos, desconfianza, infidelidad",Vivienda,Cabecera municipal,Mujer,Mujer,(29 a 59) Adultez,Soacha,Cluster 1
"Intolerancia, machismo",Vivienda,Cabecera municipal,Mujer,Mujer,(12 a 17) Adolescencia,Soacha,Cluster 1
"Intolerancia, machismo","Establecimiento comercial (tienda, centro comercial, almacen)",Cabecera municipal,Mujer,Hombre,(29 a 59) Adultez,Soacha,Cluster 2
"Intolerancia, machismo",Vivienda,Cabecera municipal,Hombre,Hombre,(18 a 28) Juventud,Soacha,Cluster 1
"Intolerancia, machismo",Vía pública,Sin información,Mujer,Hombre,(12 a 17) Adolescencia,Soacha,Cluster 1
"Intolerancia, machismo",Vivienda,Cabecera municipal,Mujer,Hombre,(18 a 28) Juventud,Soacha,Cluster 1
Consumo de alcohol y/o sustancias psicoactivas,"Establecimiento comercial (tienda, centro comercial, almacen)",Cabecera municipal,Mujer,Mujer,(18 a 28) Juventud,Soacha,Cluster 2
"Intolerancia, machismo",Vivienda,Cabecera municipal,Mujer,Hombre,(29 a 59) Adultez,Soacha,Cluster 1
Consumo de alcohol y/o sustancias psicoactivas,Vivienda,Cabecera municipal,Mujer,Mujer,(Más de 60) Adulto Mayor,Soacha,Cluster 1
"Intolerancia, machismo",Vivienda,Cabecera municipal,Hombre,Mujer,(12 a 17) Adolescencia,Soacha,Cluster 1
Consumo de alcohol y/o sustancias psicoactivas,Vivienda,Cabecera municipal,Hombre,Hombre,(29 a 59) Adultez,Soacha,Cluster 1
"Intolerancia, machismo",Vivienda,Parte rural (vereda y campo),Mujer,Mujer,(29 a 59) Adultez,Soacha,Cluster 1
"Intolerancia, machismo",Vivienda,Cabecera municipal,Mujer,Hombre,(18 a 28) Juventud,Soacha,Cluster 1
"Intolerancia, machismo",Vivienda,Cabecera municipal,Mujer,Hombre,(Más de 60) Adulto Mayor,Soacha,Cluster 1
"Intolerancia, machismo",Vivienda,Cabecera municipal,Hombre,Hombre,(12 a 17) Adolescencia,Soacha,Cluster 1
"Intolerancia, machismo",Vivienda,Cabecera municipal,Hombre,Hombre,(29 a 59) Adultez,Soacha,Cluster 1
"Intolerancia, machismo",Vivienda,Cabecera municipal,Mujer,Hombre,(29 a 59) Adultez,Soacha,Cluster 1
"Intolerancia, machismo",Vía pública,Sin información,Hombre,Hombre,(29 a 59) Adultez,Soacha,Cluster 1
"Intolerancia, machismo",Vivienda,Cabecera municipal,Hombre,Hombre,(29 a 59) Adultez,Soacha,Cluster 1
"Intolerancia, machismo",Vía pública,Sin información,Mujer,Hombre,(Más de 60) Adulto Mayor,Soacha,Cluster 1
"Intolerancia, machismo",Vivienda,Cabecera municipal,Hombre,Mujer,(06 a 11) Infancia,Soacha,Cluster 1
"Intolerancia, machismo",Vivienda,Cabecera municipal,Hombre,Mujer,(12 a 17) Adolescencia,Soacha,Cluster 1
"Intolerancia, machismo",Vivienda,Cabecera municipal,Hombre,Hombre,(Más de 60) Adulto Mayor,Soacha,Cluster 1
"Intolerancia, machismo",Vivienda,Cabecera municipal,Mujer,Hombre,(18 a 28) Juventud,Soacha,Cluster 1
"Intolerancia, machismo",Vivienda,Cabecera municipal,Mujer,Hombre,(18 a 28) Juventud,Soacha,Cluster 1
"Intolerancia, machismo",Vivienda,Cabecera municipal,Hombre,Mujer,(29 a 59) Adultez,Soacha,Cluster 1
"Intolerancia, machismo",Vivienda,Cabecera municipal,Mujer,Mujer,(06 a 11) Infancia,Soacha,Cluster 1
"Intolerancia, machismo",Sin información,Cabecera municipal,Hombre,Hombre,(29 a 59) Adultez,Soacha,Cluster 1
"Intolerancia, machismo",Vivienda,Cabecera municipal,Hombre,Hombre,(29 a 59) Adultez,Soacha,Cluster 1
"Intolerancia, machismo",Vivienda,Cabecera municipal,Mujer,Hombre,(18 a 28) Juventud,Soacha,Cluster 1
"Intolerancia, machismo",Vivienda,Cabecera municipal,Mujer,Mujer,(Más de 60) Adulto Mayor,Soacha,Cluster 1
"Intolerancia, machismo",Vivienda,Cabecera municipal,Hombre,Hombre,(29 a 59) Adultez,Soacha,Cluster 1
"Intolerancia, machismo",Vía pública,Cabecera municipal,Mujer,Mujer,(29 a 59) Adultez,Soacha,Cluster 1
"Intolerancia, machismo",Vía pública,Cabecera municipal,Mujer,Mujer,(29 a 59) Adultez,Soacha,Cluster 1
"Intolerancia, machismo",Vía pública,Cabecera municipal,Hombre,Hombre,(12 a 17) Adolescencia,Soacha,Cluster 1
"Intolerancia, machismo",Vivienda,Cabecera municipal,Mujer,Hombre,(12 a 17) Adolescencia,Soacha,Cluster 1
"Intolerancia, machismo",Vivienda,Cabecera municipal,Hombre,Mujer,(12 a 17) Adolescencia,Soacha,Cluster 1
"Intolerancia, machismo",Vivienda,Cabecera municipal,Hombre,Hombre,(29 a 59) Adultez,Soacha,Cluster 1
"Intolerancia, machismo",Vía pública,Sin información,Hombre,Hombre,(Más de 60) Adulto Mayor,Soacha,Cluster 1
Consumo de alcohol y/o sustancias psicoactivas,Vivienda,Cabecera municipal,Mujer,Hombre,(Más de 60) Adulto Mayor,Soacha,Cluster 1
"Intolerancia, machismo",Vivienda,Sin información,Hombre,Hombre,(06 a 11) Infancia,Soacha,Cluster 1
"Intolerancia, machismo",Vivienda,Cabecera municipal,Hombre,Hombre,(12 a 17) Adolescencia,Soacha,Cluster 1
Otras razones,Vivienda,Cabecera municipal,Hombre,Mujer,(06 a 11) Infancia,Soacha,Cluster 1
"Intolerancia, machismo",Vivienda,Cabecera municipal,Mujer,Hombre,(Más de 60) Adulto Mayor,Soacha,Cluster 1
"Intolerancia, machismo",Vivienda,Parte rural (vereda y campo),Mujer,Mujer,(12 a 17) Adolescencia,Soacha,Cluster 1
Consumo de alcohol y/o sustancias psicoactivas,Vivienda,Cabecera municipal,Mujer,Hombre,(Más de 60) Adulto Mayor,Soacha,Cluster 1
Consumo de alcohol y/o sustancias psicoactivas,"Calle (autopista, avenida, dentro de la ciudad)",Sin información,Mujer,Mujer,(29 a 59) Adultez,Soacha,Cluster 2
"Intolerancia, machismo","Establecimiento comercial (tienda, centro comercial, almacen)",Sin información,Mujer,Hombre,(29 a 59) Adultez,Soacha,Cluster 2
"Intolerancia, machismo",Vivienda,Cabecera municipal,Mujer,Mujer,(Más de 60) Adulto Mayor,Soacha,Cluster 1
"Intolerancia, machismo",Vivienda,Cabecera municipal,Hombre,Mujer,(12 a 17) Adolescencia,Soacha,Cluster 1
"Intolerancia, machismo",Vivienda,Cabecera municipal,Mujer,Hombre,(06 a 11) Infancia,Soacha,Cluster 1
"Intolerancia, machismo",Vivienda,Sin información,Mujer,Mujer,(00 a 05) Primera Infancia,Soacha,Cluster 1
"Intolerancia, machismo","Calle (autopista, avenida, dentro de la ciudad)",Sin información,Hombre,Hombre,(12 a 17) Adolescencia,Soacha,Cluster 2
"Intolerancia, machismo",Vía pública,Sin información,Mujer,Mujer,(29 a 59) Adultez,Soacha,Cluster 1
"Intolerancia, machismo","Calle (autopista, avenida, dentro de la ciudad)",Sin información,Hombre,Hombre,(29 a 59) Adultez,Soacha,Cluster 2
Consumo de alcohol y/o sustancias psicoactivas,"Establecimiento comercial (tienda, centro comercial, almacen)",Cabecera municipal,Hombre,Hombre,(29 a 59) Adultez,Soacha,Cluster 2
"Intolerancia, machismo",Vivienda,Cabecera municipal,Hombre,Hombre,(12 a 17) Adolescencia,Soacha,Cluster 1
Consumo de alcohol y/o sustancias psicoactivas,Vivienda,Cabecera municipal,Mujer,Hombre,(Más de 60) Adulto Mayor,Soacha,Cluster 1
"Intolerancia, machismo",Vivienda,Cabecera municipal,Mujer,Hombre,(12 a 17) Adolescencia,Soacha,Cluster 1
"Intolerancia, machismo",Vivienda,Cabecera municipal,Mujer,Hombre,(18 a 28) Juventud,Soacha,Cluster 1
"Intolerancia, machismo",Vivienda,Sin información,Mujer,Hombre,(06 a 11) Infancia,Soacha,Cluster 1
"Intolerancia, machismo",Vivienda,Cabecera municipal,Mujer,Hombre,(29 a 59) Adultez,Soacha,Cluster 1
"Intolerancia, machismo",Vivienda,Cabecera municipal,Hombre,Hombre,(18 a 28) Juventud,Soacha,Cluster 1
"Intolerancia, machismo",Vivienda,Cabecera municipal,Hombre,Mujer,(00 a 05) Primera Infancia,Soacha,Cluster 1
"Intolerancia, machismo",Vivienda,Cabecera municipal,Hombre,Hombre,(29 a 59) Adultez,Soacha,Cluster 1
"Intolerancia, machismo",Vivienda,Cabecera municipal,Mujer,Hombre,(29 a 59) Adultez,Soacha,Cluster 1
"Intolerancia, machismo",Vivienda,Cabecera municipal,Mujer,Mujer,(29 a 59) Adultez,Soacha,Cluster 1
"Intolerancia, machismo",Vía pública,Cabecera municipal,Mujer,Hombre,(29 a 59) Adultez,Soacha,Cluster 1
"Intolerancia, machismo",Vivienda,Sin información,Mujer,Hombre,(12 a 17) Adolescencia,Soacha,Cluster 1
Sin información,Sin información,Sin información,Hombre,Sin información,(29 a 59) Adultez,Soacha,Cluster 3
"Intolerancia, machismo",Lugares de esparcimiento con expendio de alcohol,Cabecera municipal,Hombre,Hombre,(29 a 59) Adultez,Soacha,Cluster 3
"Intolerancia, machismo",Vivienda,Cabecera municipal,Mujer,Mujer,(06 a 11) Infancia,Soacha,Cluster 1
"Intolerancia, machismo",Vivienda,Cabecera municipal,Hombre,Hombre,(29 a 59) Adultez,Soacha,Cluster 1
"Intolerancia, machismo",Vía pública,Cabecera municipal,Mujer,Mujer,(18 a 28) Juventud,Soacha,Cluster 1
"Intolerancia, machismo",Vivienda,Cabecera municipal,Mujer,Hombre,(12 a 17) Adolescencia,Soacha,Cluster 1
"Intolerancia, machismo",Vivienda,Cabecera municipal,Hombre,Mujer,(06 a 11) Infancia,Soacha,Cluster 1
"Intolerancia, machismo",Vivienda,Cabecera municipal,Mujer,Mujer,(12 a 17) Adolescencia,Soacha,Cluster 1
Consumo de alcohol y/o sustancias psicoactivas,Vivienda,Cabecera municipal,Hombre,Hombre,(Más de 60) Adulto Mayor,Soacha,Cluster 1
"Intolerancia, machismo",Vivienda,Cabecera municipal,Hombre,Hombre,(29 a 59) Adultez,Soacha,Cluster 1
"Intolerancia, machismo",Vivienda,Cabecera municipal,Mujer,Hombre,(29 a 59) Adultez,Soacha,Cluster 1
"Intolerancia, machismo",Vía pública,Sin información,Mujer,Mujer,(18 a 28) Juventud,Soacha,Cluster 1
"Intolerancia, machismo",Vivienda,Cabecera municipal,Mujer,Mujer,(29 a 59) Adultez,Soacha,Cluster 1
"Intolerancia, machismo","Calle (autopista, avenida, dentro de la ciudad)",Sin información,Mujer,Mujer,(18 a 28) Juventud,Soacha,Cluster 2
"Intolerancia, machismo",Vivienda,Cabecera municipal,Hombre,Mujer,(29 a 59) Adultez,Soacha,Cluster 1
"Intolerancia, machismo","Calle (autopista, avenida, dentro de la ciudad)",Parte rural (vereda y campo),Mujer,Hombre,(29 a 59) Adultez,Soacha,Cluster 2
"Intolerancia, machismo",Vía pública,Sin información,Mujer,Mujer,(18 a 28) Juventud,Soacha,Cluster 1
"Intolerancia, machismo",Vivienda,Cabecera municipal,Hombre,Mujer,(06 a 11) Infancia,Soacha,Cluster 1
"Celos, desconfianza, infidelidad",Vía pública,Cabecera municipal,Hombre,Mujer,(18 a 28) Juventud,Soacha,Cluster 1
"Intolerancia, machismo","Calle (autopista, avenida, dentro de la ciudad)",Sin información,Hombre,Hombre,(18 a 28) Juventud,Soacha,Cluster 2
"Intolerancia, machismo","Calle (autopista, avenida, dentro de la ciudad)",Sin información,Mujer,Hombre,(18 a 28) Juventud,Soacha,Cluster 2
"Intolerancia, machismo",Vivienda,Cabecera municipal,Mujer,Mujer,(06 a 11) Infancia,Soacha,Cluster 1
"Intolerancia, machismo",Vía pública,Cabecera municipal,Hombre,Hombre,(29 a 59) Adultez,Soacha,Cluster 1
"Intolerancia, machismo",Vivienda,Cabecera municipal,Mujer,Hombre,(18 a 28) Juventud,Soacha,Cluster 1
"Intolerancia, machismo",Vivienda,Cabecera municipal,Mujer,Mujer,(12 a 17) Adolescencia,Soacha,Cluster 1
Consumo de alcohol y/o sustancias psicoactivas,Vía pública,Sin información,Hombre,Hombre,(12 a 17) Adolescencia,Soacha,Cluster 1
"Intolerancia, machismo",Vivienda,Cabecera municipal,Mujer,Hombre,(29 a 59) Adultez,Soacha,Cluster 1
"Intolerancia, machismo",Vivienda,Cabecera municipal,Mujer,Hombre,(18 a 28) Juventud,Soacha,Cluster 1
"Intolerancia, machismo",Centros educativos,Cabecera municipal,Mujer,Mujer,(00 a 05) Primera Infancia,Soacha,Cluster 2
"Intolerancia, machismo",Vía pública,Sin información,Hombre,Mujer,(18 a 28) Juventud,Soacha,Cluster 1
"Intolerancia, machismo",Vivienda,Cabecera municipal,Mujer,Hombre,(29 a 59) Adultez,Soacha,Cluster 1
"Intolerancia, machismo",Vivienda,Cabecera municipal,Mujer,Hombre,(Más de 60) Adulto Mayor,Soacha,Cluster 1
"Intolerancia, machismo",Vía pública,Sin información,Hombre,Hombre,(18 a 28) Juventud,Soacha,Cluster 1
"Intolerancia, machismo",Vivienda,Cabecera municipal,Hombre,Hombre,(Más de 60) Adulto Mayor,Soacha,Cluster 1
"Intolerancia, machismo",Vivienda,Cabecera municipal,Hombre,Hombre,(29 a 59) Adultez,Soacha,Cluster 1
"Intolerancia, machismo",Vivienda,Cabecera municipal,Hombre,Hombre,(06 a 11) Infancia,Soacha,Cluster 1
"Intolerancia, machismo",Vivienda,Cabecera municipal,Mujer,Mujer,(12 a 17) Adolescencia,Soacha,Cluster 1
"Intolerancia, machismo",Vivienda,Cabecera municipal,Mujer,Hombre,(Más de 60) Adulto Mayor,Soacha,Cluster 1
"Intolerancia, machismo",Vivienda,Cabecera municipal,Hombre,Mujer,(29 a 59) Adultez,Soacha,Cluster 1
Consumo de alcohol y/o sustancias psicoactivas,Vivienda,Cabecera municipal,Mujer,Mujer,(29 a 59) Adultez,Soacha,Cluster 1
"Intolerancia, machismo",Vivienda,Cabecera municipal,Hombre,Mujer,(12 a 17) Adolescencia,Soacha,Cluster 1
"Intolerancia, machismo",Vivienda,Cabecera municipal,Hombre,Hombre,(29 a 59) Adultez,Soacha,Cluster 1
"Intolerancia, machismo",Vía pública,Sin información,Hombre,Hombre,(29 a 59) Adultez,Soacha,Cluster 1
"Intolerancia, machismo",Vía pública,Sin información,Mujer,Mujer,(29 a 59) Adultez,Soacha,Cluster 1
"Intolerancia, machismo",Vivienda,Cabecera municipal,Hombre,Mujer,(12 a 17) Adolescencia,Soacha,Cluster 1
"Intolerancia, machismo",Vivienda,Cabecera municipal,Mujer,Mujer,(29 a 59) Adultez,Soacha,Cluster 1
"Intolerancia, machismo",Vivienda,Cabecera municipal,Mujer,Hombre,(18 a 28) Juventud,Soacha,Cluster 1
"Intolerancia, machismo",Vivienda,Cabecera municipal,Mujer,Sin información,(29 a 59) Adultez,Soacha,Cluster 1
"Intolerancia, machismo",Vía pública,Sin información,Hombre,Hombre,(Más de 60) Adulto Mayor,Soacha,Cluster 1
"Intolerancia, machismo",Vivienda,Cabecera municipal,Mujer,Hombre,(29 a 59) Adultez,Soacha,Cluster 1
"Intolerancia, machismo",Vivienda,Cabecera municipal,Mujer,Mujer,(18 a 28) Juventud,Soacha,Cluster 1
"Intolerancia, machismo",Vivienda,Sin información,Hombre,Hombre,(06 a 11) Infancia,Soacha,Cluster 1
"Intolerancia, machismo",Vivienda,Cabecera municipal,Mujer,Hombre,(Más de 60) Adulto Mayor,Soacha,Cluster 1
"Intolerancia, machismo",Vía pública,Sin información,Hombre,Mujer,(12 a 17) Adolescencia,Soacha,Cluster 1
"Intolerancia, machismo",Vivienda,Cabecera municipal,Mujer,Hombre,(29 a 59) Adultez,Soacha,Cluster 1
"Intolerancia, machismo",Vivienda,Cabecera municipal,Mujer,Hombre,(12 a 17) Adolescencia,Soacha,Cluster 1
"Intolerancia, machismo",Vivienda,Cabecera municipal,Mujer,Hombre,(29 a 59) Adultez,Soacha,Cluster 1
"Intolerancia, machismo",Vía pública,Cabecera municipal,Hombre,Hombre,(Más de 60) Adulto Mayor,Soacha,Cluster 1
Consumo de alcohol y/o sustancias psicoactivas,Vivienda,Cabecera municipal,Mujer,Hombre,(12 a 17) Adolescencia,Soacha,Cluster 1
"Intolerancia, machismo",Vivienda,Cabecera municipal,Mujer,Mujer,(29 a 59) Adultez,Soacha,Cluster 1
"Intolerancia, machismo",Vivienda,Cabecera municipal,Hombre,Hombre,(29 a 59) Adultez,Soacha,Cluster 1
"Intolerancia, machismo",Vivienda,Cabecera municipal,Mujer,Mujer,(Más de 60) Adulto Mayor,Soacha,Cluster 1
"Intolerancia, machismo",Sin información,Cabecera municipal,Mujer,Mujer,(Más de 60) Adulto Mayor,Soacha,Cluster 1
"Intolerancia, machismo",Vivienda,Cabecera municipal,Mujer,Hombre,(18 a 28) Juventud,Soacha,Cluster 1
"Intolerancia, machismo","Calle (autopista, avenida, dentro de la ciudad)",Sin información,Mujer,Hombre,(29 a 59) Adultez,Soacha,Cluster 2
"Intolerancia, machismo",Vivienda,Cabecera municipal,Mujer,Mujer,(29 a 59) Adultez,Soacha,Cluster 1
"Intolerancia, machismo",Vivienda,Cabecera municipal,Mujer,Hombre,(12 a 17) Adolescencia,Soacha,Cluster 1
"Intolerancia, machismo",Vivienda,Cabecera municipal,Mujer,Mujer,(06 a 11) Infancia,Soacha,Cluster 1
"Intolerancia, machismo",Vivienda,Cabecera municipal,Hombre,Mujer,(00 a 05) Primera Infancia,Soacha,Cluster 1
Consumo de alcohol y/o sustancias psicoactivas,Vivienda,Cabecera municipal,Hombre,Hombre,(18 a 28) Juventud,Soacha,Cluster 1
Consumo de alcohol y/o sustancias psicoactivas,Vivienda,Cabecera municipal,Mujer,Hombre,(29 a 59) Adultez,Soacha,Cluster 1
"Intolerancia, machismo",Vivienda,Sin información,Hombre,Hombre,(Más de 60) Adulto Mayor,Soacha,Cluster 1
"Intolerancia, machismo",Vivienda,Cabecera municipal,Hombre,Hombre,(Más de 60) Adulto Mayor,Soacha,Cluster 1
"Intolerancia, machismo",Vivienda,Cabecera municipal,Hombre,Hombre,(00 a 05) Primera Infancia,Soacha,Cluster 1
"Intolerancia, machismo",Vivienda,Cabecera municipal,Hombre,Hombre,(06 a 11) Infancia,Soacha,Cluster 1
"Intolerancia, machismo",Vivienda,Cabecera municipal,Hombre,Hombre,(12 a 17) Adolescencia,Soacha,Cluster 1
Consumo de alcohol y/o sustancias psicoactivas,Vía pública,Cabecera municipal,Mujer,Hombre,(29 a 59) Adultez,Soacha,Cluster 1
"Intolerancia, machismo",Vía pública,Cabecera municipal,Mujer,Hombre,(12 a 17) Adolescencia,Soacha,Cluster 1
"Intolerancia, machismo",Vivienda,Cabecera municipal,Hombre,Hombre,(Más de 60) Adulto Mayor,Soacha,Cluster 1
"Intolerancia, machismo",Vivienda,Cabecera municipal,Mujer,Hombre,(29 a 59) Adultez,Soacha,Cluster 1
"Intolerancia, machismo",Vivienda,Cabecera municipal,Mujer,Hombre,(12 a 17) Adolescencia,Soacha,Cluster 1
"Intolerancia, machismo","Calle (autopista, avenida, dentro de la ciudad)",Cabecera municipal,Mujer,Hombre,(29 a 59) Adultez,Soacha,Cluster 2
"Intolerancia, machismo",Vivienda,Cabecera municipal,Mujer,Mujer,(29 a 59) Adultez,Soacha,Cluster 1
"Intolerancia, machismo",Vivienda,Cabecera municipal,Mujer,Mujer,(12 a 17) Adolescencia,Soacha,Cluster 1
Consumo de alcohol y/o sustancias psicoactivas,Vivienda,Cabecera municipal,Mujer,Hombre,(Más de 60) Adulto Mayor,Soacha,Cluster 1
Consumo de alcohol y/o sustancias psicoactivas,"Calle (autopista, avenida, dentro de la ciudad)",Sin información,Hombre,Hombre,(29 a 59) Adultez,Soacha,Cluster 2
"Intolerancia, machismo",Vivienda,Cabecera municipal,Hombre,Sin información,(Más de 60) Adulto Mayor,Soacha,Cluster 1
Consumo de alcohol y/o sustancias psicoactivas,Vivienda,Cabecera municipal,Mujer,Hombre,(18 a 28) Juventud,Soacha,Cluster 1
"Intolerancia, machismo",Vivienda,Cabecera municipal,Mujer,Hombre,(29 a 59) Adultez,Soacha,Cluster 1
"Intolerancia, machismo",Vía pública,Sin información,Mujer,Hombre,(00 a 05) Primera Infancia,Soacha,Cluster 1
"Intolerancia, machismo",Vivienda,Cabecera municipal,Mujer,Hombre,(29 a 59) Adultez,Soacha,Cluster 1
"Intolerancia, machismo",Vivienda,Cabecera municipal,Hombre,Hombre,(06 a 11) Infancia,Soacha,Cluster 1
"Intolerancia, machismo",Vía pública,Sin información,Hombre,Mujer,(00 a 05) Primera Infancia,Soacha,Cluster 1
"Intolerancia, machismo",Vía pública,Cabecera municipal,Mujer,Hombre,(29 a 59) Adultez,Soacha,Cluster 1
"Intolerancia, machismo",Vía pública,Cabecera municipal,Mujer,Hombre,(29 a 59) Adultez,Soacha,Cluster 1
Consumo de alcohol y/o sustancias psicoactivas,Vivienda,Cabecera municipal,Mujer,Hombre,(18 a 28) Juventud,Soacha,Cluster 1
"Intolerancia, machismo",Vivienda,Cabecera municipal,Mujer,Hombre,(18 a 28) Juventud,Soacha,Cluster 1
"Intolerancia, machismo",Vivienda,Cabecera municipal,Mujer,Hombre,(29 a 59) Adultez,Soacha,Cluster 1
"Intolerancia, machismo",Vivienda,Cabecera municipal,Mujer,Mujer,(29 a 59) Adultez,Soacha,Cluster 1
"Intolerancia, machismo",Vivienda,Cabecera municipal,Hombre,Hombre,(12 a 17) Adolescencia,Soacha,Cluster 1
"Intolerancia, machismo",Vivienda,Cabecera municipal,Hombre,Hombre,(00 a 05) Primera Infancia,Soacha,Cluster 1
"Intolerancia, machismo",Vía pública,Cabecera municipal,Mujer,Hombre,(12 a 17) Adolescencia,Soacha,Cluster 1
Consumo de alcohol y/o sustancias psicoactivas,"Establecimiento comercial (tienda, centro comercial, almacen)",Cabecera municipal,Hombre,Hombre,(29 a 59) Adultez,Soacha,Cluster 2
"Intolerancia, machismo",Vía pública,Cabecera municipal,Mujer,Hombre,(29 a 59) Adultez,Soacha,Cluster 1
"Intolerancia, machismo",Vivienda,Cabecera municipal,Hombre,Mujer,(00 a 05) Primera Infancia,Chía,Cluster 1
Sin información,"Lugares de cuidado de personas (hospicios, orfelinatos, hogares geriátricos, etc.)","Centro poblado (corregimiento, inspección de policía y caserío)",Hombre,Hombre,(12 a 17) Adolescencia,Cota,Cluster 3
Abandono,Vivienda,Cabecera municipal,Mujer,Mujer,(12 a 17) Adolescencia,Soacha,Cluster 1
Consumo de alcohol y/o sustancias psicoactivas,Vivienda,Cabecera municipal,Mujer,Hombre,(29 a 59) Adultez,Cajicá,Cluster 1
"Intolerancia, machismo","Calle (autopista, avenida, dentro de la ciudad)","Centro poblado (corregimiento, inspección de policía y caserío)",Hombre,Hombre,(29 a 59) Adultez,Guaduas,Cluster 2
